Segment,Description,Quantity
Champions, 4 PURPLE FLOCK DINNER CANDLES,6
Champions, DOLLY GIRL BEAKER,1401
Champions, I LOVE LONDON MINI BACKPACK,100
Champions, I LOVE LONDON MINI RUCKSACK,1
Champions, SPACEBOY BABY GIFT SET,72
Champions, TRELLIS COAT RACK,6
Champions,10 COLOUR SPACEBOY PEN,1080
Champions,12 IVORY ROSE PEG PLACE SETTINGS,17
Champions,12 MESSAGE CARDS WITH ENVELOPES,12
Champions,12 PENCIL SMALL TUBE WOODLAND,768
Champions,12 PENCILS SMALL TUBE RED RETROSPOT,1
Champions,12 PENCILS TALL TUBE POSY,312
Champions,12 PENCILS TALL TUBE RED RETROSPOT,193
Champions,12 PENCILS TALL TUBE WOODLAND,1
Champions,12 PINK HEN+CHICKS IN BASKET,1
Champions,12 PINK ROSE PEG PLACE SETTINGS,4
Champions,12 RED ROSE PEG PLACE SETTINGS,18
Champions,15CM CHRISTMAS GLASS BALL 20 LIGHTS,36
Champions,16 PIECE CUTLERY SET PANTRY DESIGN,48
Champions,18PC WOODEN CUTLERY SET DISPOSABLE,112
Champions,2 PICTURE BOOK EGGS EASTER BUNNY,4
Champions,2 PICTURE BOOK EGGS EASTER DUCKS,4
Champions,20 DOLLY PEGS RETROSPOT,185
Champions,200 RED + WHITE BENDY STRAWS,27
Champions,3 HEARTS HANGING DECORATION RUSTIC,384
Champions,3 HOOK HANGER MAGIC GARDEN,776
Champions,3 HOOK PHOTO SHELF ANTIQUE WHITE,772
Champions,3 PIECE SPACEBOY COOKIE CUTTER SET,722
Champions,3 RAFFIA RIBBONS 50'S CHRISTMAS ,20
Champions,3 RAFFIA RIBBONS VINTAGE CHRISTMAS,30
Champions,3 STRIPEY MICE FELTCRAFT,361
Champions,3 TIER CAKE TIN GREEN AND CREAM,160
Champions,3 TIER CAKE TIN RED AND CREAM,412
Champions,3 TRADITIONAl BISCUIT CUTTERS  SET,12
Champions,36 DOILIES VINTAGE CHRISTMAS,576
Champions,36 FOIL HEART CAKE CASES,892
Champions,36 FOIL STAR CAKE CASES ,124
Champions,36 PENCILS TUBE RED RETROSPOT,962
Champions,36 PENCILS TUBE SKULLS,128
Champions,36 PENCILS TUBE WOODLAND,128
Champions,3D CHRISTMAS STAMPS STICKERS ,108
Champions,3D HEARTS  HONEYCOMB PAPER GARLAND,48
Champions,4 PEAR BOTANICAL DINNER CANDLES,6
Champions,4 PINK DINNER CANDLE SILVER FLOCK,6
Champions,4 TRADITIONAL SPINNING TOPS,705
Champions,4 WILDFLOWER BOTANICAL CANDLES,6
Champions,5 HOOK HANGER MAGIC TOADSTOOL,288
Champions,5 HOOK HANGER RED MAGIC TOADSTOOL,2016
Champions,6 EGG HOUSE PAINTED WOOD,4
Champions,6 GIFT TAGS 50'S CHRISTMAS ,24
Champions,6 GIFT TAGS VINTAGE CHRISTMAS ,240
Champions,6 RIBBONS RUSTIC CHARM,592
Champions,6 RIBBONS SHIMMERING PINKS ,4
Champions,60 CAKE CASES DOLLY GIRL DESIGN,1200
Champions,60 CAKE CASES VINTAGE CHRISTMAS,264
Champions,60 TEATIME FAIRY CAKE CASES,1968
Champions,70'S ALPHABET WALL ART,126
Champions,72 SWEETHEART FAIRY CAKE CASES,1800
Champions,A PRETTY THANK YOU CARD,12
Champions,ABC TREASURE BOOK BOX ,520
Champions,ABSTRACT CIRCLES SKETCHBOOK ,2
Champions,ADVENT CALENDAR GINGHAM SACK,3
Champions,AGED GLASS SILVER T-LIGHT HOLDER,12
Champions,ALARM CLOCK BAKELIKE CHOCOLATE,155
Champions,ALARM CLOCK BAKELIKE GREEN,51
Champions,ALARM CLOCK BAKELIKE IVORY,529
Champions,ALARM CLOCK BAKELIKE PINK,657
Champions,ALARM CLOCK BAKELIKE RED ,283
Champions,ANGEL DECORATION PAINTED ZINC ,288
Champions,ANIMALS AND NATURE WALL ART,183
Champions,APOTHECARY MEASURING JAR,12
Champions,APRON APPLE DELIGHT,5
Champions,ASS COLOUR GLOWING TIARAS,120
Champions,ASSORTED COLOUR BIRD ORNAMENT,368
Champions,ASSORTED COLOURS SILK FAN,624
Champions,ASSORTED CREEPY CRAWLIES,24
Champions,ASSORTED EASTER DECORATIONS  BELLS,288
Champions,ASSORTED EASTER GIFT TAGS,144
Champions,"ASSORTED FLOWER COLOUR ""LEIS""",1440
Champions,ASSORTED INCENSE PACK,1440
Champions,ASSORTED TUTTI FRUTTI  FOB NOTEBOOK,96
Champions,ASSTD FRUIT+FLOWERS FRIDGE MAGNETS,240
Champions,BABY BOOM RIBBONS ,4
Champions,BAG 250g SWIRLY MARBLES,24
Champions,BAKING MOULD CHOCOLATE CUPCAKES,56
Champions,BAKING MOULD EASTER EGG MILK CHOC,142
Champions,BAKING MOULD EASTER EGG WHITE CHOC,120
Champions,BAKING MOULD HEART MILK CHOCOLATE,100
Champions,BAKING MOULD HEART WHITE CHOCOLATE,240
Champions,BAKING MOULD ROSE MILK CHOCOLATE,216
Champions,BAKING MOULD ROSE WHITE CHOCOLATE,144
Champions,BAKING MOULD TOFFEE CUP CHOCOLATE,244
Champions,BAKING SET 9 PIECE RETROSPOT ,537
Champions,BAKING SET SPACEBOY DESIGN,168
Champions,BANQUET BIRTHDAY  CARD  ,72
Champions,BASKET OF TOADSTOOLS,13
Champions,BATH BUILDING BLOCK WORD,75
Champions,BATHROOM METAL SIGN,1287
Champions,BATHROOM METAL SIGN ,194
Champions,BEADED CHANDELIER T-LIGHT HOLDER,16
Champions,BEWARE OF THE CAT METAL SIGN ,672
Champions,BICYCLE PUNCTURE REPAIR KIT ,72
Champions,BICYCLE SAFTEY WALL ART,288
Champions,BINGO SET,254
Champions,BIRDHOUSE GARDEN MARKER ,720
Champions,BIRTHDAY BANQUET GIFT WRAP,200
Champions,"BIRTHDAY CARD, RETRO SPOT",216
Champions,BISCUIT TIN 50'S CHRISTMAS,216
Champions,BISCUIT TIN VINTAGE CHRISTMAS,216
Champions,BISCUIT TIN VINTAGE GREEN,198
Champions,BISCUIT TIN VINTAGE RED,210
Champions,BLACK AND WHITE CAT BOWL,918
Champions,BLACK AND WHITE DOG BOWL,630
Champions,BLACK HEART CARD HOLDER,4212
Champions,BLACK KITCHEN SCALES,67
Champions,BLACK RECORD COVER FRAME,192
Champions,BLACK/BLUE POLKADOT UMBRELLA,6
Champions,BLOSSOM IMAGES GIFT WRAP SET,12
Champions,BLUE  TILE HOOK,12
Champions,BLUE 3 PIECE POLKADOT CUTLERY SET,216
Champions,BLUE BUNNY EASTER EGG BASKET,144
Champions,BLUE CHARLIE+LOLA PERSONAL DOORSIGN,96
Champions,BLUE CLIMBING HYDRANGA ART FLOWER,24
Champions,BLUE COAT RACK PARIS FASHION,119
Champions,BLUE DELPHINIUM ARTIFICIAL FLOWER,36
Champions,BLUE DINER WALL CLOCK,40
Champions,BLUE EGG  SPOON,24
Champions,BLUE GIANT GARDEN THERMOMETER,40
Champions,BLUE HAPPY BIRTHDAY BUNTING,100
Champions,BLUE HARMONICA IN BOX ,1032
Champions,BLUE OWL SOFT TOY,24
Champions,BLUE POLKADOT BOWL,312
Champions,BLUE POLKADOT CUP,424
Champions,BLUE POLKADOT PLATE ,328
Champions,BLUE POLKADOT WASHING UP GLOVES,54
Champions,BLUE POT PLANT CANDLE ,1
Champions,BLUE SPOT CERAMIC DRAWER KNOB,216
Champions,BLUE STRIPE CERAMIC DRAWER KNOB,300
Champions,BLUE TEA TOWEL CLASSIC DESIGN,192
Champions,BLUE VINTAGE SPOT BEAKER,3069
Champions,BOTANICAL GARDENS WALL CLOCK ,125
Champions,BOTTLE BAG RETROSPOT ,5
Champions,BOUDOIR SQUARE TISSUE BOX,2
Champions,BOX OF 6 CHRISTMAS CAKE DECORATIONS,124
Champions,BOX OF VINTAGE ALPHABET BLOCKS,26
Champions,BOX OF VINTAGE JIGSAW BLOCKS ,13
Champions,BOX/12 CHICK & EGG IN BASKET,60
Champions,BOYS VINTAGE TIN SEASIDE BUCKET,128
Champions,BREAD BIN DINER STYLE IVORY,148
Champions,BREAD BIN DINER STYLE MINT,62
Champions,BREAD BIN DINER STYLE PINK,96
Champions,BREAD BIN DINER STYLE RED ,143
Champions,BROCANTE COAT RACK,85
Champions,BROCANTE SHELF WITH HOOKS,16
Champions,BUBBLEGUM RING ASSORTED,540
Champions,BUFFALO BILL TREASURE BOOK BOX,360
Champions,BUFFALO BILL WALL ART ,168
Champions,BULL DOG BOTTLE OPENER,36
Champions,BUNDLE OF 3 ALPHABET EXERCISE BOOKS,625
Champions,BUNDLE OF 3 RETRO NOTE BOOKS,12
Champions,BUNDLE OF 3 SCHOOL EXERCISE BOOKS  ,241
Champions,BUNNY EGG BOX,12
Champions,BUTTON BOX ,356
Champions,CAKE STAND 3 TIER MAGIC GARDEN,48
Champions,CAKE STAND VICTORIAN FILIGREE MED,3
Champions,CALENDAR IN SEASON DESIGN,126
Champions,CALENDAR PAPER CUT DESIGN,160
Champions,CAMOUFLAGE LED TORCH,264
Champions,CANDLEHOLDER PINK HANGING HEART,108
Champions,CANDY HEART HANGING DECORATION,12
Champions,CARD BIRTHDAY COWBOY,864
Champions,CARD CHRISTMAS VILLAGE,96
Champions,CARD CIRCUS PARADE,361
Champions,CARD DOLLY GIRL ,1656
Champions,CARD GINGHAM ROSE ,504
Champions,CARD HOLDER LOVE BIRD LARGE ,36
Champions,CARD HOLDER LOVE BIRD SMALL,72
Champions,CARD PARTY GAMES ,432
Champions,CARD SUKI BIRTHDAY,72
Champions,CARD WEDDING DAY,216
Champions,CARDHOLDER HOLLY WREATH METAL,52
Champions,CARRIAGE,13
Champions,CARROT CHARLIE+LOLA COASTER SET,27
Champions,CAST IRON HOOK GARDEN FORK,452
Champions,CAST IRON HOOK GARDEN TROWEL,316
Champions,CAT AND BIRD WALL ART,258
Champions,CAT BOWL VINTAGE CREAM,16
Champions,CERAMIC BOWL WITH STRAWBERRY DESIGN,6
Champions,CERAMIC CAKE STAND + HANGING CAKES,58
Champions,CERAMIC CHERRY CAKE MONEY BANK,96
Champions,CERAMIC PIRATE CHEST MONEY BANK,72
Champions,CERAMIC STRAWBERRY CAKE MONEY BANK,72
Champions,CERAMIC STRAWBERRY DESIGN MUG,12
Champions,CHAMBRE HOOK,1
Champions,CHARLIE & LOLA WASTEPAPER BIN FLORA,72
Champions,CHARLIE + LOLA BISCUITS TINS,24
Champions,"CHARLIE+LOLA""EXTREMELY BUSY"" SIGN",96
Champions,CHARLOTTE BAG ALPHABET  DESIGN,100
Champions,CHARLOTTE BAG APPLES DESIGN,1341
Champions,CHARLOTTE BAG DOLLY GIRL DESIGN,1140
Champions,CHARLOTTE BAG PINK POLKADOT,1420
Champions,CHARLOTTE BAG SUKI DESIGN,1032
Champions,CHARLOTTE BAG VINTAGE ALPHABET ,1321
Champions,CHEST NATURAL WOOD 20 DRAWERS,2
Champions,CHEST OF DRAWERS GINGHAM HEART ,30
Champions,CHILDREN'S APRON DOLLY GIRL ,514
Champions,CHILDREN'S CIRCUS PARADE MUG,193
Champions,CHILDREN'S SPACEBOY MUG,144
Champions,CHILDRENS APRON APPLES DESIGN,444
Champions,CHILDRENS APRON SPACEBOY DESIGN,708
Champions,CHILDRENS CUTLERY CIRCUS PARADE,290
Champions,CHILDRENS CUTLERY DOLLY GIRL ,506
Champions,CHILDRENS CUTLERY POLKADOT BLUE,150
Champions,CHILDRENS CUTLERY POLKADOT GREEN ,72
Champions,CHILDRENS CUTLERY POLKADOT PINK,366
Champions,CHILDRENS CUTLERY RETROSPOT RED ,150
Champions,CHILDRENS CUTLERY SPACEBOY ,506
Champions,CHILDRENS DOLLY GIRL MUG,288
Champions,CHILDRENS GARDEN GLOVES BLUE,100
Champions,CHILDRENS GARDEN GLOVES PINK,100
Champions,CHILDRENS TOY COOKING UTENSIL SET,6
Champions,CHILDS BREAKFAST SET CIRCUS PARADE,56
Champions,CHILDS BREAKFAST SET DOLLY GIRL ,56
Champions,CHILDS BREAKFAST SET SPACEBOY ,64
Champions,CHILDS GARDEN BRUSH BLUE,36
Champions,CHILDS GARDEN BRUSH PINK,36
Champions,CHILDS GARDEN FORK BLUE ,192
Champions,CHILDS GARDEN FORK PINK,96
Champions,CHILDS GARDEN RAKE BLUE,36
Champions,CHILDS GARDEN RAKE PINK,36
Champions,CHILDS GARDEN SPADE BLUE,36
Champions,CHILDS GARDEN SPADE PINK,36
Champions,CHILDS GARDEN TROWEL BLUE ,12
Champions,CHILDS GARDEN TROWEL PINK,12
Champions,CHILLI LIGHTS,108
Champions,CHOCOLATE BOX RIBBONS ,148
Champions,CHOCOLATE HOT WATER BOTTLE,314
Champions,CHOCOLATE THIS WAY METAL SIGN,984
Champions,CHRISTMAS CRAFT LITTLE FRIENDS,80
Champions,CHRISTMAS CRAFT WHITE FAIRY ,240
Champions,CHRISTMAS GINGHAM STAR,144
Champions,CHRISTMAS GINGHAM TREE,144
Champions,CHRISTMAS HANGING STAR WITH BELL,384
Champions,CHRISTMAS METAL POSTCARD WITH BELLS,288
Champions,CHRISTMAS METAL TAGS ASSORTED ,144
Champions,CHRISTMAS RETROSPOT ANGEL WOOD,204
Champions,CHRISTMAS RETROSPOT TREE WOOD,144
Champions,CHRISTMAS TABLE SILVER CANDLE SPIKE,48
Champions,CHRYSANTHEMUM SKETCHBOOK ,2
Champions,CINDERELLA CHANDELIER ,4
Champions,CIRCUS PARADE BABY GIFT SET,60
Champions,CIRCUS PARADE LUNCH BOX ,1423
Champions,CLASSIC BICYCLE CLIPS ,72
Champions,CLASSIC CAFE SUGAR DISPENSER,36
Champions,CLASSIC CHROME BICYCLE BELL ,61
Champions,CLASSIC CROME BICYCLE BELL ,12
Champions,CLASSIC FRENCH STYLE BASKET GREEN ,8
Champions,CLASSIC GLASS COOKIE JAR,26
Champions,CLASSIC GLASS SWEET JAR,18
Champions,CLASSIC METAL BIRDCAGE PLANT HOLDER,2
Champions,CLEAR DRAWER KNOB ACRYLIC EDWARDIAN,30
Champions,CLOCK MAGNET MUM'S KITCHEN,108
Champions,CLOTHES PEGS RETROSPOT PACK 24 ,1092
Champions,COCKTAIL SWORDS 50 PIECES,144
Champions,COFFEE MUG APPLES DESIGN,576
Champions,COFFEE MUG BLUE PAISLEY DESIGN,432
Champions,COFFEE MUG CAT + BIRD DESIGN,432
Champions,COFFEE MUG DOG + BALL DESIGN,432
Champions,COFFEE MUG PEARS  DESIGN,468
Champions,COFFEE MUG PINK PAISLEY DESIGN,432
Champions,COLOUR GLASS T-LIGHT HOLDER HANGING,448
Champions,COLOUR GLASS. STAR T-LIGHT HOLDER,12
Champions,COLOURING PENCILS BROWN TUBE,20
Champions,COOK WITH WINE METAL SIGN ,2858
Champions,COSY SLIPPER SHOES SMALL  RED ,1
Champions,COSY SLIPPER SHOES SMALL GREEN,2
Champions,COTTON APRON PANTRY DESIGN,108
Champions,COWBOYS AND INDIANS BIRTHDAY CARD ,936
Champions,CREAM CUPID HEARTS COAT HANGER,495
Champions,CREAM HEART CARD HOLDER,5946
Champions,CREAM SWEETHEART EGG HOLDER,12
Champions,CREAM SWEETHEART LETTER RACK,160
Champions,CREAM SWEETHEART MINI CHEST,210
Champions,CREAM WALL PLANTER HEART SHAPED,8
Champions,DAISY GARDEN MARKER,720
Champions,DECORATION WOBBLY RABBIT METAL ,12
Champions,DECORATIVE WICKER HEART LARGE,12
Champions,DECORATIVE WICKER HEART MEDIUM,12
Champions,DELUXE SEWING KIT ,209
Champions,DINOSAUR LUNCH BOX WITH CUTLERY,427
Champions,DINOSAUR PARTY BAG + STICKER SET,144
Champions,DO NOT TOUCH MY STUFF DOOR HANGER ,4
Champions,DOG AND BALL WALL ART,240
Champions,DOG BOWL CHASING BALL DESIGN,858
Champions,DOG BOWL VINTAGE CREAM,20
Champions,DOG LICENCE WALL ART,288
Champions,DOG TOY WITH PINK CROCHET SKIRT,1
Champions,DOILEY BISCUIT TIN,48
Champions,DOILEY STORAGE TIN,290
Champions,DOILY THANK YOU CARD,12
Champions,DOLLCRAFT BOY JEAN-PAUL ,40
Champions,DOLLCRAFT GIRL AMELIE KIT,40
Champions,DOLLY CABINET 3 DRAWERS ,2
Champions,DOLLY GIRL BABY GIFT SET,96
Champions,DOLLY GIRL CHILDRENS BOWL,481
Champions,DOLLY GIRL CHILDRENS CUP,530
Champions,DOLLY GIRL LUNCH BOX,5634
Champions,DOLLY GIRL MINI BACKPACK,301
Champions,DOLLY GIRL WALL ART,264
Champions,DOLLY HONEYCOMB GARLAND,192
Champions,DOLLY MIXTURE CHILDREN'S UMBRELLA,6
Champions,DOORKNOB CRACKED GLAZE BLUE,144
Champions,DOORKNOB CRACKED GLAZE IVORY,144
Champions,DOORMAT 3 SMILEY CATS,520
Champions,DOORMAT AIRMAIL ,210
Champions,DOORMAT BLACK FLOCK ,1271
Champions,DOORMAT CHRISTMAS VILLAGE,490
Champions,DOORMAT ENGLISH ROSE ,530
Champions,DOORMAT FAIRY CAKE,1230
Champions,DOORMAT FANCY FONT HOME SWEET HOME,1578
Champions,DOORMAT HEARTS,1740
Champions,DOORMAT HOME SWEET HOME BLUE ,852
Champions,DOORMAT I LOVE LONDON,100
Champions,DOORMAT KEEP CALM AND COME IN,1222
Champions,DOORMAT MERRY CHRISTMAS RED ,280
Champions,DOORMAT MULTICOLOUR STRIPE,831
Champions,DOORMAT NEIGHBOURHOOD WITCH ,100
Champions,DOORMAT NEW ENGLAND,1730
Champions,DOORMAT PEACE ON EARTH BLUE,630
Champions,DOORMAT RED RETROSPOT,1408
Champions,DOORMAT RESPECTABLE HOUSE,338
Champions,DOORMAT SPOTTY HOME SWEET HOME,298
Champions,DOORMAT TOPIARY,390
Champions,DOORMAT UNION FLAG,1218
Champions,DOORMAT UNION JACK GUNS AND ROSES,720
Champions,DOORMAT VINTAGE LEAF,142
Champions,DOORMAT VINTAGE LEAVES DESIGN ,110
Champions,DOORMAT WELCOME PUPPIES,1300
Champions,DOORMAT WELCOME SUNRISE,120
Champions,DOORMAT WELCOME TO OUR HOME,342
Champions,DOORSTOP RETROSPOT HEART,744
Champions,DOUBLE CERAMIC PARLOUR HOOK,4
Champions,DOUGHNUT LIP GLOSS ,1020
Champions,DOVE DECORATION PAINTED ZINC ,288
Champions,DRAWER KNOB CERAMIC BLACK,96
Champions,DRAWER KNOB CERAMIC IVORY,96
Champions,DRAWER KNOB CERAMIC RED,96
Champions,DRAWER KNOB CRACKLE GLAZE BLUE,192
Champions,DRAWER KNOB CRACKLE GLAZE GREEN,96
Champions,DRAWER KNOB CRACKLE GLAZE IVORY,288
Champions,DRAWER KNOB CRACKLE GLAZE PINK,96
Champions,EASTER CRAFT 4 CHICKS ,120
Champions,EASTER TIN BUCKET,188
Champions,EASTER TIN BUNNY BOUQUET,264
Champions,EASTER TIN CHICKS PINK DAISY,54
Champions,EASTER TIN KEEPSAKE,162
Champions,EDWARDIAN PARASOL BLACK,27
Champions,EDWARDIAN PARASOL NATURAL,41
Champions,EDWARDIAN PARASOL PINK,5
Champions,EDWARDIAN PARASOL RED,30
Champions,EGG CUP MILKMAID HEIDI,48
Champions,EGG CUP MILKMAID HELGA ,48
Champions,EGG CUP MILKMAID INGRID,48
Champions,ELEPHANT BIRTHDAY CARD ,72
Champions,"ELEPHANT, BIRTHDAY CARD, ",360
Champions,EMBROIDERED RIBBON REEL CLAIRE,147
Champions,EMBROIDERED RIBBON REEL DAISY ,289
Champions,EMBROIDERED RIBBON REEL EMILY ,147
Champions,EMBROIDERED RIBBON REEL RACHEL ,195
Champions,EMBROIDERED RIBBON REEL REBECCA ,99
Champions,EMBROIDERED RIBBON REEL ROSIE,297
Champions,EMBROIDERED RIBBON REEL RUBY ,72
Champions,EMBROIDERED RIBBON REEL SALLY ,147
Champions,EMBROIDERED RIBBON REEL SOPHIE  ,147
Champions,EMBROIDERED RIBBON REEL SUSIE ,291
Champions,ENAMEL BREAD BIN CREAM,78
Champions,ENAMEL COLANDER CREAM,18
Champions,ENAMEL FLOWER JUG CREAM,12
Champions,ENAMEL MEASURING JUG CREAM,196
Champions,ENAMEL WASH BOWL CREAM,4
Champions,ENCHANTED BIRD COATHANGER 5 HOOK,56
Champions,ENGLISH ROSE HOT WATER BOTTLE,74
Champions,ENVELOPE 50 BLOSSOM IMAGES,17
Champions,FAIRY TALE COTTAGE NIGHT LIGHT,96
Champions,FAIRY TALE COTTAGE NIGHTLIGHT,336
Champions,FAMILY ALBUM WHITE PICTURE FRAME,130
Champions,FAMILY PHOTO FRAME CORNICE,144
Champions,FAWN BLUE HOT WATER BOTTLE,503
Champions,"FEATHER PEN,COAL BLACK",12
Champions,"FEATHER PEN,HOT PINK",12
Champions,"FEATHER PEN,LIGHT PINK",12
Champions,FELT FARM ANIMAL CHICKEN,24
Champions,FELT FARM ANIMAL RABBIT,96
Champions,FELT FARM ANIMAL SHEEP,24
Champions,FELT TOADSTOOL LARGE,192
Champions,FELTCRAFT 6 FLOWER FRIENDS,160
Champions,FELTCRAFT BUTTERFLY HEARTS,281
Champions,FELTCRAFT CHRISTMAS FAIRY,396
Champions,FELTCRAFT CUSHION BUTTERFLY,60
Champions,FELTCRAFT CUSHION OWL,84
Champions,FELTCRAFT CUSHION RABBIT,48
Champions,FELTCRAFT DOLL EMILY,144
Champions,FELTCRAFT DOLL MARIA,48
Champions,FELTCRAFT DOLL MOLLY,240
Champions,FELTCRAFT DOLL ROSIE,144
Champions,FELTCRAFT GIRL AMELIE KIT,54
Champions,FELTCRAFT GIRL NICOLE KIT,2
Champions,FELTCRAFT PRINCESS CHARLOTTE DOLL,338
Champions,FELTCRAFT PRINCESS LOLA DOLL,290
Champions,FELTCRAFT PRINCESS OLIVIA DOLL,482
Champions,FILIGRIS HEART WITH BUTTERFLY,1008
Champions,FIRST AID TIN,114
Champions,FIVE HEART HANGING DECORATION,6
Champions,FLOOR CUSHION ELEPHANT CARNIVAL,12
Champions,FLORAL FOLK STATIONERY SET,60
Champions,FOLDING BUTTERFLY MIRROR HOT PINK ,672
Champions,FOLDING BUTTERFLY MIRROR RED  ,672
Champions,FOLDING MIRROR HOT PINK ,96
Champions,FOLKART ZINC HEART CHRISTMAS DEC,1152
Champions,FOOD CONTAINER SET 3 LOVE HEART ,1080
Champions,FOOD COVER WITH BEADS SET 2 ,224
Champions,FOOT STOOL HOME SWEET HOME ,26
Champions,FOUR HOOK  WHITE LOVEBIRDS,38
Champions,FRENCH BATHROOM SIGN BLUE METAL,192
Champions,FRENCH BLUE METAL DOOR SIGN 0,10
Champions,FRENCH BLUE METAL DOOR SIGN 1,10
Champions,FRENCH BLUE METAL DOOR SIGN 2,10
Champions,FRENCH BLUE METAL DOOR SIGN 3,10
Champions,FRENCH BLUE METAL DOOR SIGN 4,10
Champions,FRENCH BLUE METAL DOOR SIGN 5,10
Champions,FRENCH BLUE METAL DOOR SIGN 6,10
Champions,FRENCH BLUE METAL DOOR SIGN 7,10
Champions,FRENCH BLUE METAL DOOR SIGN 8,10
Champions,FRENCH BLUE METAL DOOR SIGN 9,10
Champions,FRENCH BLUE METAL DOOR SIGN No,24
Champions,FRENCH ENAMEL CANDLEHOLDER,18
Champions,FRENCH ENAMEL WATER BASIN,1
Champions,FRENCH FLORAL CUSHION COVER ,36
Champions,FRENCH GARDEN SIGN BLUE METAL,12
Champions,FRENCH KITCHEN SIGN BLUE METAL,204
Champions,FRENCH LAUNDRY SIGN BLUE METAL,192
Champions,FRENCH STYLE STORAGE JAR BONBONS,48
Champions,FRENCH STYLE STORAGE JAR CAFE ,300
Champions,FRENCH STYLE STORAGE JAR JAM,12
Champions,FRENCH TOILET SIGN BLUE METAL,208
Champions,FRENCH WC SIGN BLUE METAL,12
Champions,FRYING PAN RED POLKADOT ,1
Champions,FRYING PAN RED RETROSPOT,1
Champions,FULL ENGLISH BREAKFAST PLATE,144
Champions,FUNKY WASHING UP GLOVES ASSORTED,97
Champions,GARDEN PATH SKETCHBOOK,2
Champions,GARDENERS KNEELING PAD CUP OF TEA ,108
Champions,GARDENERS KNEELING PAD KEEP CALM ,108
Champions,GARDENIA 3 WICK MORRIS BOXED CANDLE,24
Champions,GENTLEMAN SHIRT REPAIR KIT ,288
Champions,GIANT 50'S CHRISTMAS CRACKER,12
Champions,GIN + TONIC DIET METAL SIGN,1434
Champions,GIN AND TONIC MUG,1320
Champions,GINGERBREAD MAN COOKIE CUTTER,648
Champions,GINGHAM HEART DECORATION,1884
Champions,GINGHAM RECIPE BOOK BOX,48
Champions,GIRAFFE WOODEN RULER,432
Champions,GIRLS VINTAGE TIN SEASIDE BUCKET,192
Champions,GLAMOROUS  MUG,576
Champions,GLASS  SONGBIRD STORAGE JAR,8
Champions,GLASS APOTHECARY BOTTLE ELIXIR,48
Champions,GLASS APOTHECARY BOTTLE PERFUME,48
Champions,GLASS APOTHECARY BOTTLE TONIC,48
Champions,GLASS BON BON JAR,6
Champions,GLASS CHALICE BLUE SMALL ,36
Champions,GLASS HEART T-LIGHT HOLDER ,96
Champions,GLASS JAR DAISY FRESH COTTON WOOL,126
Champions,GLASS JAR DIGESTIVE BISCUITS,24
Champions,GLASS JAR ENGLISH CONFECTIONERY,96
Champions,GLASS JAR MARMALADE ,270
Champions,GLASS JAR PEACOCK BATH SALTS,120
Champions,GLASS SONGBIRD STORAGE JAR,8
Champions,GLITTER BUTTERFLY CLIPS,16
Champions,GREEN 3 PIECE POLKADOT CUTLERY SET,72
Champions,GREEN BITTY LIGHT CHAIN,12
Champions,GREEN DRAWER KNOB ACRYLIC EDWARDIAN,42
Champions,GREEN GIANT GARDEN THERMOMETER,12
Champions,GREEN GOOSE FEATHER CHRISTMAS TREE ,30
Champions,GREEN METAL BOX ARMY SUPPLIES,64
Champions,GREEN METAL SWINGING BUNNY,12
Champions,GREEN POLKADOT BOWL,56
Champions,GREEN POLKADOT PLATE ,96
Champions,GREEN REGENCY TEACUP AND SAUCER,300
Champions,GREEN VINTAGE SPOT BEAKER,3249
Champions,GREY HEART HOT WATER BOTTLE,110
Champions,GUMBALL COAT RACK,1110
Champions,GYMKHANA TREASURE BOOK BOX,360
Champions,GYMKHANNA TREASURE BOOK BOX,8
Champions,HALL CABINET WITH 3 DRAWERS,72
Champions,HAND OVER THE CHOCOLATE   SIGN ,879
Champions,HAND TOWEL PALE BLUE W FLOWERS,100
Champions,HAND TOWEL PINK FLOWER AND DAISY,100
Champions,HAND WARMER BABUSHKA DESIGN,48
Champions,HAND WARMER BIRD DESIGN,192
Champions,HAND WARMER OWL DESIGN,192
Champions,HAND WARMER RED LOVE HEART,96
Champions,HAND WARMER RED RETROSPOT,96
Champions,HAND WARMER SCOTTY DOG DESIGN,192
Champions,HANGING  BUTTERFLY T-LIGHT HOLDER,72
Champions,HANGING CHICK  YELLOW DECORATION,288
Champions,HANGING CLEAR MINI BOTTLE,48
Champions,HANGING HEART JAR T-LIGHT HOLDER,504
Champions,HANGING HEART ZINC T-LIGHT HOLDER,288
Champions,HANGING JAM JAR T-LIGHT HOLDER,528
Champions,HANGING MINI COLOURED BOTTLES,624
Champions,HANGING SPRING FLOWER EGG LARGE,180
Champions,HAPPY STENCIL CRAFT,144
Champions,HAWAIIAN GRASS SKIRT ,80
Champions,HEADS AND TAILS SPORTING FUN,160
Champions,HEART DECORATION PAINTED ZINC ,288
Champions,HEART FILIGREE DOVE  SMALL,576
Champions,HEART FILIGREE DOVE LARGE,432
Champions,HEART IVORY TRELLIS LARGE,432
Champions,HEART IVORY TRELLIS SMALL,576
Champions,HEART MIRROR ANTIQUE WHITE,128
Champions,HEART OF WICKER LARGE,4522
Champions,HEART OF WICKER SMALL,5685
Champions,HEART SHAPED HOLLY WREATH,152
Champions,HEART T-LIGHT HOLDER WILLIE WINKIE,12
Champions,HEN HOUSE W CHICK STANDING,120
Champions,HERB MARKER BASIL,180
Champions,HERB MARKER CHIVES ,180
Champions,HERB MARKER MINT,180
Champions,HERB MARKER PARSLEY,180
Champions,HERB MARKER ROSEMARY,180
Champions,HERB MARKER THYME,180
Champions,HILDA CANDY SPOT RABBIT,2
Champions,HOME BUILDING BLOCK WORD,18
Champions,HOME SWEET HOME BLACKBOARD,373
Champions,HOME SWEET HOME BOTTLE ,48
Champions,HOME SWEET HOME CUSHION COVER ,12
Champions,HOME SWEET HOME HOOK,1
Champions,HOME SWEET HOME KEY HOLDER,262
Champions,HOME SWEET HOME METAL SIGN ,304
Champions,HOME SWEET HOME MUG,984
Champions,HOMEMADE JAM SCENTED CANDLES,3288
Champions,"HOOK, 1 HANGER ,MAGIC GARDEN",504
Champions,HORSE & PONY WALL ART,177
Champions,HOT BATHS METAL SIGN,2184
Champions,HOT BATHS SOAP HOLDER,144
Champions,HOT WATER BOTTLE I AM SO POORLY,46
Champions,HOT WATER BOTTLE KEEP CALM,8
Champions,HOT WATER BOTTLE TEA AND SYMPATHY,558
Champions,I LOVE LONDON BABY GIFT SET,12
Champions,I LOVE LONDON BEAKER,297
Champions,I'M ON HOLIDAY METAL SIGN,2
Champions,ICE CREAM BUBBLES,200
Champions,ICE CREAM DESIGN GARDEN PARASOL,10
Champions,ICE CREAM PEN LIP GLOSS ,240
Champions,ICE CREAM SUNDAE LIP GLOSS,480
Champions,IF YOU CAN'T STAND THE HEAT MUG,624
Champions,ILLUSTRATED CAT BOWL ,918
Champions,IVORY DINER WALL CLOCK,26
Champions,IVORY GIANT GARDEN THERMOMETER,6
Champions,IVORY HANGING DECORATION  HEART,576
Champions,IVORY KITCHEN SCALES,115
Champions,IVORY SWEETHEART SOAP DISH,4
Champions,JAM CLOCK MAGNET,84
Champions,JAM JAR WITH GREEN LID,312
Champions,JAM JAR WITH PINK LID,516
Champions,JAM MAKING SET PRINTED,1320
Champions,JAM MAKING SET WITH JARS,1503
Champions,JIGSAW TREE WITH BIRDHOUSE,72
Champions,JUMBO  BAG BAROQUE BLACK WHITE,110
Champions,JUMBO BAG 50'S CHRISTMAS ,471
Champions,JUMBO BAG ALPHABET,625
Champions,JUMBO BAG APPLES,741
Champions,JUMBO BAG CHARLIE AND LOLA TOYS,101
Champions,JUMBO BAG DOILEY PATTERNS,712
Champions,JUMBO BAG DOLLY GIRL DESIGN,415
Champions,JUMBO BAG OWLS,830
Champions,JUMBO BAG PAISLEY PARK,201
Champions,JUMBO BAG PEARS,431
Champions,JUMBO BAG PINK POLKADOT,780
Champions,JUMBO BAG PINK VINTAGE PAISLEY,724
Champions,JUMBO BAG RED RETROSPOT,2327
Champions,JUMBO BAG SCANDINAVIAN BLUE PAISLEY,311
Champions,JUMBO BAG SCANDINAVIAN PAISLEY,100
Champions,JUMBO BAG SPACEBOY DESIGN,702
Champions,JUMBO BAG STRAWBERRY,522
Champions,JUMBO BAG TOYS ,220
Champions,JUMBO BAG VINTAGE CHRISTMAS ,211
Champions,JUMBO BAG VINTAGE DOILY ,313
Champions,JUMBO BAG VINTAGE LEAF,123
Champions,JUMBO BAG WOODLAND ANIMALS,1510
Champions,JUMBO SHOPPER VINTAGE RED PAISLEY,324
Champions,JUMBO STORAGE BAG SKULLS,411
Champions,JUMBO STORAGE BAG SUKI,123
Champions,KEEP CALM WALL ART ,204
Champions,"KEY FOB , FRONT  DOOR ",576
Champions,"KEY FOB , GARAGE DESIGN",576
Champions,"KEY FOB , SHED",576
Champions,KEY RING BASEBALL BOOT ASSORTED ,100
Champions,KIDS RAIN MAC BLUE,144
Champions,KITCHEN METAL SIGN,252
Champions,KNEELING MAT HOUSEWORK  DESIGN,72
Champions,KNICKERBOCKERGLORY MAGNET ASSORTED ,192
Champions,KNITTED UNION FLAG HOT WATER BOTTLE,8
Champions,LA JARDIN BOTANIQUE CUSHION COVER,4
Champions,LA PALMIERA TILE COASTER,96
Champions,LANDMARK FRAME BAKER STREET ,300
Champions,LANDMARK FRAME CAMDEN TOWN ,430
Champions,LANDMARK FRAME COVENT GARDEN ,300
Champions,LANDMARK FRAME LONDON BRIDGE ,300
Champions,LANDMARK FRAME NOTTING HILL ,300
Champions,LANDMARK FRAME OXFORD STREET,300
Champions,LARGE ANTIQUE WHITE PHOTO FRAME,144
Champions,LARGE APOTHECARY MEASURING JAR ,12
Champions,LARGE CAKE STAND  HANGING STRAWBERY,42
Champions,LARGE CERAMIC TOP STORAGE JAR,373
Champions,LARGE DECO JEWELLERY STAND,56
Champions,LARGE HANGING IVORY & RED WOOD BIRD,60
Champions,LARGE HEART MEASURING SPOONS,92
Champions,LARGE IVORY HEART WALL ORGANISER,382
Champions,LARGE PARLOUR FRAME,24
Champions,LARGE PURPLE BABUSHKA NOTEBOOK  ,146
Champions,LARGE RED BABUSHKA NOTEBOOK ,216
Champions,LARGE STRIPES CHOCOLATE GIFT BAG,176
Champions,LARGE WHITE HEART OF WICKER,313
Champions,LARGE WHITE HONEYCOMB PAPER BELL  ,48
Champions,LARGE ZINC HEART WALL ORGANISER,976
Champions,LAUNDRY 15C METAL SIGN,1202
Champions,LAVENDER INCENSE 40 CONES IN TIN,36
Champions,LAVENDER TOILETTE BOTTLE,48
Champions,LE GRAND TRAY CHIC SET,4
Champions,LETTER HOLDER HOME SWEET HOME,261
Champions,LIGHT GARLAND BUTTERFILES PINK,96
Champions,LONDON BUS COFFEE MUG,72
Champions,LOVE BUILDING BLOCK WORD,47
Champions,LOVE HEART SOCK HANGER,96
Champions,LOVE HOT WATER BOTTLE,12
Champions,LOVE SEAT ANTIQUE WHITE METAL,2
Champions,LOVEBIRD HANGING DECORATION WHITE ,300
Champions,LUNCH BAG  BLACK SKULL.,660
Champions,LUNCH BAG ALPHABET DESIGN,974
Champions,LUNCH BAG APPLE DESIGN,1172
Champions,LUNCH BAG CARS BLUE,783
Champions,LUNCH BAG DOILEY PATTERN ,602
Champions,LUNCH BAG DOLLY GIRL DESIGN,1340
Champions,LUNCH BAG PAISLEY PARK  ,501
Champions,LUNCH BAG PINK POLKADOT,1070
Champions,LUNCH BAG RED RETROSPOT,1821
Champions,LUNCH BAG RED SPOTTY,200
Champions,LUNCH BAG RED VINTAGE DOILY,200
Champions,LUNCH BAG SPACEBOY DESIGN ,1650
Champions,LUNCH BAG SUKI  DESIGN ,330
Champions,LUNCH BAG SUKI DESIGN ,752
Champions,LUNCH BAG VINTAGE DOILY ,613
Champions,LUNCH BAG VINTAGE LEAF DESIGN,110
Champions,LUNCH BAG WOODLAND,1582
Champions,LUNCH BOX I LOVE LONDON,420
Champions,LUNCH BOX WITH CUTLERY RETROSPOT ,721
Champions,MA CAMPAGNE CUTLERY BOX,4
Champions,MAGIC DRAWING SLATE BAKE A CAKE ,4
Champions,MAGIC DRAWING SLATE BUNNIES ,4
Champions,MAGIC DRAWING SLATE DOLLY GIRL ,388
Champions,MAGIC DRAWING SLATE LEAP FROG ,4
Champions,MAGIC DRAWING SLATE PURDEY,4
Champions,MAGIC DRAWING SLATE SPACEBOY ,192
Champions,MAGNETS PACK OF 4 CHILDHOOD MEMORY,540
Champions,MAGNETS PACK OF 4 HOME SWEET HOME,156
Champions,MAGNETS PACK OF 4 RETRO PHOTO,244
Champions,MAGNETS PACK OF 4 SWALLOWS,76
Champions,MAGNETS PACK OF 4 VINTAGE COLLAGE,304
Champions,MAGNETS PACK OF 4 VINTAGE LABELS ,84
Champions,MAKE YOUR OWN FLOWERPOWER CARD KIT,48
Champions,MAKE YOUR OWN MONSOON CARD KIT,10
Champions,MAKE YOUR OWN PLAYTIME CARD KIT,6
Champions,MAN FLU METAL SIGN,156
Champions,MARIE ANTOINETTE TRINKET BOX GOLD,24
Champions,MEASURING TAPE BABUSHKA BLUE,16
Champions,MEASURING TAPE BABUSHKA PINK,16
Champions,MEASURING TAPE BABUSHKA RED,4
Champions,MEDIUM CERAMIC TOP STORAGE JAR,625
Champions,MEDIUM PARLOUR FRAME ,18
Champions,MEDIUM PINK BUDDHA HEAD ,6
Champions,MEMO BOARD COTTAGE DESIGN,528
Champions,MEMO BOARD RETROSPOT  DESIGN,1704
Champions,METAL 4 HOOK HANGER FRENCH CHATEAU,3
Champions,METAL DECORATION NAUGHTY CHILDREN ,168
Champions,METAL SIGN DROP YOUR PANTS,216
Champions,METAL SIGN HER DINNER IS SERVED ,998
Champions,METAL SIGN NEIGHBOURHOOD WITCH ,2
Champions,METAL SIGN TAKE IT OR LEAVE IT ,626
Champions,MILK PAN RED RETROSPOT,2
Champions,MINI CAKE STAND  HANGING STRAWBERY,8
Champions,MINI CAKE STAND WITH HANGING CAKES,8
Champions,MINI JIGSAW BAKE A CAKE ,480
Champions,MINI JIGSAW BUNNIES,481
Champions,MINI JIGSAW CIRCUS PARADE ,384
Champions,MINI JIGSAW DOLLY GIRL,1104
Champions,MINI JIGSAW LEAP FROG,240
Champions,MINI JIGSAW PURDEY,505
Champions,MINI JIGSAW SPACEBOY,1344
Champions,MINI LIGHTS WOODLAND MUSHROOMS,337
Champions,MINI PAINT SET VINTAGE ,5076
Champions,MINI PLAYING CARDS BUFFALO BILL ,291
Champions,MINI PLAYING CARDS DOLLY GIRL ,421
Champions,MINI PLAYING CARDS FUN FAIR ,60
Champions,MINI PLAYING CARDS GYMKHANA,271
Champions,MINI PLAYING CARDS SPACEBOY ,421
Champions,MINIATURE ANTIQUE ROSE HOOK IVORY,26
Champions,MINT DINER WALL CLOCK,12
Champions,MINT KITCHEN SCALES,33
Champions,MISELTOE HEART WREATH ,48
Champions,MISELTOE HEART WREATH CREAM,240
Champions,MISELTOE HEART WREATH WHITE,48
Champions,MISTLETOE HEART WREATH GREEN,52
Champions,MODERN FLORAL STATIONERY SET,76
Champions,MONSTERS STENCIL CRAFT,72
Champions,MOODY BOY  DOOR HANGER ,2
Champions,MOODY GIRL DOOR HANGER ,2
Champions,MORE BUTTER METAL SIGN ,12
Champions,MOROCCAN TEA GLASS,24
Champions,MOTHER'S KITCHEN SPOON REST ,6
Champions,MOTORING TISSUE BOX,108
Champions,MULTI COLOUR SILVER T-LIGHT HOLDER,24
Champions,MULTICOLOUR  CONFETTI IN TUBE,48
Champions,MULTICOLOUR 3D BALLS GARLAND,6
Champions,MULTICOLOUR HONEYCOMB FAN,204
Champions,N0 SINGING METAL SIGN,480
Champions,NATURAL SLATE CHALKBOARD LARGE ,6
Champions,NATURAL SLATE HEART CHALKBOARD ,150
Champions,NATURAL SLATE RECTANGLE CHALKBOARD,108
Champions,NEWSPAPER STAND,23
Champions,NO JUNK MAIL METAL SIGN,76
Champions,NO SINGING METAL SIGN,828
Champions,NOVELTY BISCUITS CAKE STAND 3 TIER,24
Champions,NUMBER TILE VINTAGE FONT 0,16
Champions,NUMBER TILE VINTAGE FONT 1,16
Champions,NUMBER TILE VINTAGE FONT 2,16
Champions,NUMBER TILE VINTAGE FONT 3,16
Champions,NUMBER TILE VINTAGE FONT 4,16
Champions,NUMBER TILE VINTAGE FONT 5,16
Champions,NUMBER TILE VINTAGE FONT 6 ,16
Champions,NUMBER TILE VINTAGE FONT 7,16
Champions,NUMBER TILE VINTAGE FONT 8,16
Champions,NUMBER TILE VINTAGE FONT 9 ,16
Champions,NUMBER TILE VINTAGE FONT No ,24
Champions,OPEN CLOSED METAL SIGN,566
Champions,ORIGAMI ROSE INCENSE/CANDLE SET ,24
Champions,OVEN MITT APPLES DESIGN,100
Champions,PACK 3 BOXES BIRD PANNETONE ,96
Champions,PACK 3 BOXES CHRISTMAS PANNETONE,96
Champions,PACK 3 IRON ON DOG PATCHES,12
Champions,PACK 6 HEART/ICE-CREAM PATCHES,12
Champions,PACK OF 12 BLUE PAISLEY TISSUES ,192
Champions,PACK OF 12 CIRCUS PARADE TISSUES ,624
Champions,PACK OF 12 COLOURED PENCILS,432
Champions,PACK OF 12 PAISLEY PARK TISSUES ,1
Champions,PACK OF 12 PINK PAISLEY TISSUES ,624
Champions,PACK OF 12 PINK POLKADOT TISSUES,84
Champions,PACK OF 12 RED RETROSPOT TISSUES ,216
Champions,PACK OF 12 SPACEBOY TISSUES,1
Champions,PACK OF 12 STICKY BUNNIES,6
Champions,PACK OF 12 TRADITIONAL CRAYONS,1656
Champions,PACK OF 12 VINTAGE DOILY TISSUES,1
Champions,PACK OF 12 WOODLAND TISSUES ,613
Champions,PACK OF 20 NAPKINS PANTRY DESIGN,529
Champions,PACK OF 20 NAPKINS RED APPLES,1368
Champions,PACK OF 20 SKULL PAPER NAPKINS,337
Champions,PACK OF 20 SPACEBOY NAPKINS,674
Champions,PACK OF 6 BIRDY GIFT TAGS,288
Champions,PACK OF 6 COCKTAIL PARASOL STRAWS,576
Champions,PACK OF 6 LARGE FRUIT STRAWS ,288
Champions,PACK OF 6 PANNETONE GIFT BOXES,288
Champions,PACK OF 6 SANDCASTLE FLAGS ASSORTED,60
Champions,PACK OF 6 SKULL PAPER CUPS,613
Champions,PACK OF 6 SKULL PAPER PLATES,589
Champions,PACK OF 6 SMALL FRUIT STRAWS,288
Champions,PACK OF 6 SWEETIE GIFT BOXES,288
Champions,PACK OF 60 DINOSAUR CAKE CASES,1200
Champions,PACK OF 60 MUSHROOM CAKE CASES,1584
Champions,PACK OF 60 PINK PAISLEY CAKE CASES,1368
Champions,PACK OF 60 SPACEBOY CAKE CASES,1680
Champions,PACK OF 72 RETROSPOT CAKE CASES,5424
Champions,PACK OF 72 SKULL CAKE CASES,864
Champions,PAINT YOUR OWN EGGS IN CRATE,144
Champions,PAINTED METAL PEARS ASSORTED,176
Champions,PANTRY APPLE CORER,144
Champions,PANTRY CHOPPING BOARD,979
Champions,PANTRY MAGNETIC  SHOPPING LIST,157
Champions,PANTRY PASTRY BRUSH,1
Champions,PANTRY ROLLING PIN,1332
Champions,PANTRY SCRUBBING BRUSH,271
Champions,PANTRY WASHING UP BRUSH,1408
Champions,PAPER BUNTING COLOURED LACE,52
Champions,PAPER BUNTING PAISLEY PARK,80
Champions,PAPER BUNTING RETROSPOT,255
Champions,PAPER BUNTING VINTAGE PAISLEY,15
Champions,PAPER BUNTING VINTAGE PARTY,80
Champions,PAPER BUNTING WHITE LACE,12
Champions,PAPER CHAIN KIT 50'S CHRISTMAS ,132
Champions,PAPER CHAIN KIT LONDON,40
Champions,PAPER CHAIN KIT RETROSPOT,132
Champions,PAPER CHAIN KIT SKULLS ,40
Champions,PAPER CHAIN KIT VINTAGE CHRISTMAS,80
Champions,"PAPER CRAFT , LITTLE BIRDIE",80995
Champions,PAPER LANTERN 5 POINT STAR MOON ,6
Champions,PAPER LANTERN 9 POINT DELUXE STAR,240
Champions,PAPER LANTERN 9 POINT HOLLY STAR S,6
Champions,PAPER LANTERN 9 POINT SNOW STAR ,120
Champions,PAPERWEIGHT VINTAGE COLLAGE,96
Champions,PARISIENNE CURIO CABINET,40
Champions,PARISIENNE JEWELLERY DRAWER ,54
Champions,PARISIENNE KEY CABINET ,90
Champions,PARISIENNE SEWING BOX,8
Champions,PARTY BUNTING,498
Champions,PARTY CHARMS 50 PIECES,288
Champions,PARTY CONES CANDY ASSORTED,120
Champions,PARTY CONES CANDY DECORATION,240
Champions,PARTY INVITES WOODLAND,408
Champions,PARTY PIZZA DISH BLUE POLKADOT,264
Champions,PARTY PIZZA DISH GREEN POLKADOT,216
Champions,PARTY PIZZA DISH PINK POLKADOT,252
Champions,PARTY PIZZA DISH RED RETROSPOT,312
Champions,PASTEL COLOUR HONEYCOMB FAN,96
Champions,PEARLISED IVORY HEART LARGE ,144
Champions,PEG BAG APPLE DESIGN,100
Champions,PEG BAG APPLES DESIGN,24
Champions,PENCIL CASE LIFE IS BEAUTIFUL,63
Champions,PENNY FARTHING BIRTHDAY CARD,228
Champions,PENS ASSORTED FUNNY FACE,36
Champions,PENS ASSORTED SPACEBALL,36
Champions,PETIT TRAY CHIC,72
Champions,PHARMACIE FIRST AID TIN,132
Champions,PHOTO FRAME CORNICE,512
Champions,PHOTO FRAME LINEN AND LACE LARGE,6
Champions,PICNIC BASKET WICKER LARGE,32
Champions,PICNIC BASKET WICKER SMALL,122
Champions,PICNIC BOXES SET OF 3 RETROSPOT ,329
Champions,PICTURE DOMINOES,360
Champions,PICTURE FRAME WOOD TRIPLE PORTRAIT,144
Champions,PIGGY BANK RETROSPOT ,960
Champions,PIN CUSHION BABUSHKA BLUE,6
Champions,PIN CUSHION BABUSHKA PINK,6
Champions,PIN CUSHION BABUSHKA RED,12
Champions,PINK  HEART CONFETTI IN TUBE,24
Champions,PINK  HEART SHAPE LOVE BUCKET ,120
Champions,PINK  HONEYCOMB PAPER BALL ,144
Champions,PINK  POLKADOT CUP,408
Champions,PINK  POLKADOT PLATE ,192
Champions,PINK 3 PIECE POLKADOT CUTLERY SET,144
Champions,PINK BABY BUNTING,55
Champions,PINK BLUE FELT CRAFT TRINKET BOX,432
Champions,PINK BUNNY EASTER EGG BASKET,144
Champions,PINK CANDYSTUFT ARTIFICIAL FLOWER,24
Champions,PINK CAT BOWL,30
Champions,PINK CREAM FELT CRAFT TRINKET BOX ,434
Champions,PINK DINER WALL CLOCK,12
Champions,PINK DOG BOWL,78
Champions,PINK DRAWER KNOB ACRYLIC EDWARDIAN,42
Champions,PINK FAIRY CAKE CHILDRENS APRON,150
Champions,PINK FELT EASTER RABBIT GARLAND,5
Champions,PINK FLORAL FELTCRAFT SHOULDER BAG,72
Champions,PINK FLOWER CROCHET FOOD COVER,8
Champions,PINK HAPPY BIRTHDAY BUNTING,100
Champions,PINK JEWELLED MIRROR TRINKET TRAY,1
Champions,PINK LOVE HEART SHAPE CUP,96
Champions,PINK METAL CHICKEN HEART ,288
Champions,PINK OVAL JEWELLED MIRROR,2
Champions,PINK OWL SOFT TOY,240
Champions,PINK PADDED MOBILE,1
Champions,PINK PAISLEY ROSE GIFT WRAP,225
Champions,PINK PARTY BAGS,126
Champions,PINK POLKADOT BOWL,440
Champions,PINK POLKADOT PLATE ,96
Champions,PINK REGENCY TEACUP AND SAUCER,276
Champions,PINK VINTAGE PAISLEY PICNIC BAG,251
Champions,PINK VINTAGE SPOT BEAKER,3249
Champions,PLACE SETTING WHITE HEART,864
Champions,PLACE SETTING WHITE STAR,432
Champions,PLASTERS IN TIN CIRCUS PARADE ,985
Champions,PLASTERS IN TIN SKULLS,588
Champions,PLASTERS IN TIN SPACEBOY,2112
Champions,PLASTERS IN TIN STRONGMAN,1152
Champions,PLASTERS IN TIN VINTAGE PAISLEY ,1248
Champions,PLASTERS IN TIN WOODLAND ANIMALS,1632
Champions,PLAYING CARDS I LOVE LONDON ,101
Champions,PLAYING CARDS VINTAGE DOILEY ,1
Champions,PLAYING CARDS VINTAGE DOILY ,100
Champions,PLEASE ONE PERSON METAL SIGN,2136
Champions,POLKA DOT RAFFIA FOOD COVER,6
Champions,POLKADOT RAIN HAT ,288
Champions,POLYESTER FILLER PAD 40x40cm,8
Champions,POPART WOODEN PENCILS ASST,100
Champions,POPCORN HOLDER,500
Champions,POPPY'S PLAYHOUSE BEDROOM ,66
Champions,POPPY'S PLAYHOUSE KITCHEN,6
Champions,POPPY'S PLAYHOUSE LIVINGROOM ,6
Champions,POSTAGE,72
Champions,POTTERING IN THE SHED METAL SIGN,1203
Champions,POTTERING MUG,1224
Champions,POTTING SHED CANDLE CITRONELLA,402
Champions,POTTING SHED ROSE CANDLE,438
Champions,POTTING SHED TWINE,576
Champions,PURPLE DRAWERKNOB ACRYLIC EDWARDIAN,36
Champions,RABBIT NIGHT LIGHT,6337
Champions,RAIN PONCHO RETROSPOT,1224
Champions,RAINY LADIES BIRTHDAY CARD,504
Champions,RECIPE BOX BLUE SKETCHBOOK DESIGN,20
Champions,RECIPE BOX PANTRY YELLOW DESIGN,1790
Champions,RECIPE BOX RETROSPOT ,751
Champions,RECTANGULAR SHAPED MIRROR,144
Champions,RECYCLED ACAPULCO MAT BLUE,1
Champions,RECYCLED ACAPULCO MAT GREEN,3
Champions,RECYCLED ACAPULCO MAT PINK,1
Champions,RECYCLED ACAPULCO MAT RED,4
Champions,RECYCLED ACAPULCO MAT TURQUOISE,2
Champions,RECYCLING BAG RETROSPOT ,100
Champions,RED  EGG  SPOON,24
Champions,RED  HARMONICA IN BOX ,1968
Champions,RED 3 PIECE RETROSPOT CUTLERY SET,288
Champions,RED APPLES CHOPPING BOARD   ,1
Champions,RED BABY BUNTING ,5
Champions,RED CHARLIE+LOLA PERSONAL DOORSIGN,96
Champions,RED COAT RACK PARIS FASHION,122
Champions,RED DINER WALL CLOCK,50
Champions,RED DRAWER KNOB ACRYLIC EDWARDIAN,30
Champions,RED FLOWER CROCHET FOOD COVER,6
Champions,RED GINGHAM ROSE JEWELLERY BOX,240
Champions,RED GINGHAM TEDDY BEAR ,240
Champions,RED HANGING HEART T-LIGHT HOLDER,2548
Champions,RED HEART SHAPE LOVE BUCKET ,240
Champions,RED KITCHEN SCALES,134
Champions,RED LOVE HEART SHAPE CUP,192
Champions,RED METAL BOX TOP SECRET,48
Champions,RED REFECTORY CLOCK ,14
Champions,RED RETROSPOT APRON ,6
Champions,RED RETROSPOT BIG BOWL,14
Champions,RED RETROSPOT BOWL,360
Champions,RED RETROSPOT BUTTER DISH,146
Champions,RED RETROSPOT CAKE STAND,363
Champions,RED RETROSPOT CHARLOTTE BAG,2140
Champions,RED RETROSPOT CUP,504
Champions,RED RETROSPOT MINI CASES,216
Champions,RED RETROSPOT MUG,12
Champions,RED RETROSPOT OVEN GLOVE ,498
Champions,RED RETROSPOT OVEN GLOVE DOUBLE,48
Champions,RED RETROSPOT PEG BAG,30
Champions,RED RETROSPOT PICNIC BAG,466
Champions,RED RETROSPOT PLATE ,496
Champions,RED RETROSPOT PUDDING BOWL,64
Champions,RED RETROSPOT ROUND CAKE TINS,196
Champions,RED RETROSPOT SHOPPER BAG,530
Champions,RED RETROSPOT SMALL MILK JUG,16
Champions,RED RETROSPOT SUGAR JAM BOWL,64
Champions,RED RETROSPOT TAPE,72
Champions,RED RETROSPOT TEA CUP AND SAUCER ,8
Champions,RED RETROSPOT TISSUE BOX,180
Champions,RED RETROSPOT TRADITIONAL TEAPOT ,2
Champions,RED RETROSPOT UMBRELLA,14
Champions,RED RETROSPOT WRAP ,50
Champions,RED SPOT CERAMIC DRAWER KNOB,396
Champions,RED SPOT PAPER GIFT BAG,1
Champions,RED SPOTTY BISCUIT TIN,582
Champions,RED STRIPE CERAMIC DRAWER KNOB,840
Champions,RED TEA TOWEL CLASSIC DESIGN,192
Champions,RED TOADSTOOL LED NIGHT LIGHT,3096
Champions,RED VINTAGE SPOT BEAKER,193
Champions,REGENCY CAKE FORK,12
Champions,REGENCY CAKE SLICE,180
Champions,REGENCY CAKESTAND 3 TIER,747
Champions,REGENCY MILK JUG PINK ,232
Champions,REGENCY SUGAR BOWL GREEN,179
Champions,REGENCY SUGAR TONGS,200
Champions,REGENCY TEA PLATE GREEN ,324
Champions,REGENCY TEA PLATE PINK,324
Champions,REGENCY TEA PLATE ROSES ,636
Champions,REGENCY TEA SPOON,12
Champions,REGENCY TEA STRAINER,192
Champions,REGENCY TEAPOT ROSES ,212
Champions,RETRO COFFEE MUGS ASSORTED,108
Champions,RETRO PLASTIC ELEPHANT TRAY,144
Champions,RETROSPOT CHILDRENS APRON,368
Champions,RETROSPOT HEART HOT WATER BOTTLE,856
Champions,RETROSPOT LARGE MILK JUG,159
Champions,RETROSPOT PADDED SEAT CUSHION,60
Champions,RETROSPOT PARTY BAG + STICKER SET,578
Champions,RETROSPOT RED WASHING UP GLOVES,312
Champions,RETROSPOT TEA SET CERAMIC 11 PC ,270
Champions,REVOLVER WOODEN RULER ,864
Champions,RIBBON REEL CHRISTMAS PRESENT ,10
Champions,RIBBON REEL CHRISTMAS SOCK BAUBLE,130
Champions,RIBBON REEL HEARTS DESIGN ,130
Champions,RIBBON REEL LACE DESIGN ,490
Champions,RIBBON REEL MAKING SNOWMEN ,120
Champions,RIBBON REEL POLKADOTS ,240
Champions,RIBBON REEL SNOWY VILLAGE,120
Champions,RIBBON REEL SOCKS AND MITTENS,120
Champions,RIBBON REEL STRIPES DESIGN ,250
Champions,RING OF ROSES BIRTHDAY CARD,432
Champions,ROBOT BIRTHDAY CARD,360
Champions,ROCKING HORSE RED CHRISTMAS ,96
Champions,ROLL WRAP 50'S CHRISTMAS,24
Champions,ROLL WRAP VINTAGE CHRISTMAS,60
Champions,ROLL WRAP VINTAGE SPOT ,36
Champions,ROMANTIC PINKS RIBBONS ,148
Champions,ROSE CARAVAN DOORSTOP,32
Champions,ROSE COTTAGE KEEPSAKE BOX ,216
Champions,ROSE DU SUD CUSHION COVER,2
Champions,ROSES REGENCY TEACUP AND SAUCER ,777
Champions,ROTATING SILVER ANGELS T-LIGHT HLDR,156
Champions,ROUND CAKE TIN VINTAGE GREEN,100
Champions,ROUND CAKE TIN VINTAGE RED,246
Champions,ROUND CONTAINER SET OF 5 RETROSPOT,516
Champions,ROUND SNACK BOXES SET OF 4 FRUITS ,1584
Champions,ROUND SNACK BOXES SET OF 4 SKULLS,192
Champions,ROUND SNACK BOXES SET OF4 WOODLAND ,3506
Champions,ROUND STORAGE TIN VINTAGE LEAF,151
Champions,ROUND WHITE CONFETTI IN TUBE,24
Champions,RUSTIC MIRROR WITH LACE HEART,274
Champions,RUSTIC STRAWBERRY JAM POT SMALL,12
Champions,RUSTIC STRAWBERRY JAMPOT LARGE ,24
Champions,S/4 PINK FLOWER CANDLES IN BOWL,4
Champions,S/4 VALENTINE DECOUPAGE HEART BOX,6
Champions,S/6 SEW ON CROCHET FLOWERS,6
Champions,SALLE DE BAIN HOOK,156
Champions,SAVE THE PLANET MUG,510
Champions,SCANDINAVIAN PAISLEY PICNIC BAG,160
Champions,SCANDINAVIAN REDS RIBBONS,16
Champions,SCHOOL DESK AND CHAIR ,4
Champions,SCOTTIE DOG HOT WATER BOTTLE,736
Champions,SCOTTIE DOGS BABY BIB,336
Champions,SET 12 COLOUR PENCILS DOLLY GIRL ,1
Champions,SET 12 COLOUR PENCILS LOVE LONDON,1
Champions,SET 12 COLOUR PENCILS SPACEBOY ,17
Champions,SET 12 COLOURING PENCILS DOILEY,1
Champions,SET 12 KIDS  WHITE CHALK STICKS,433
Champions,SET 12 KIDS COLOUR  CHALK STICKS,937
Champions,SET 12 VINTAGE DOILY CHALK ,24
Champions,SET 2 PANTRY DESIGN TEA TOWELS,915
Champions,SET 2 TEA TOWELS I LOVE LONDON ,100
Champions,SET 20 NAPKINS FAIRY CAKES DESIGN ,24
Champions,SET 3 PAPER VINTAGE CHICK PAPER EGG,345
Champions,"SET 3 RETROSPOT TEA,COFFEE,SUGAR",412
Champions,SET 3 SONG BIRD PAPER EGGS ASSORTED,392
Champions,SET 3 WICKER OVAL BASKETS W LIDS,354
Champions,SET 36 COLOUR PENCILS DOLLY GIRL,385
Champions,SET 36 COLOUR PENCILS LOVE LONDON,257
Champions,SET 36 COLOUR PENCILS SPACEBOY ,385
Champions,SET 36 COLOURING PENCILS DOILEY,1
Champions,SET 36 COLOURING PENCILS DOILY,128
Champions,SET 40 HEART SHAPE PETIT FOUR CASES,979
Champions,SET 6 PAPER TABLE LANTERN HEARTS ,192
Champions,SET 6 PAPER TABLE LANTERN STARS ,252
Champions,SET 6 SCHOOL MILK BOTTLES IN CRATE,296
Champions,SET 7 BABUSHKA NESTING BOXES,32
Champions,SET 8 CANDLES VINTAGE DOILEY,73
Champions,SET 8 CANDLES VINTAGE DOILY,160
Champions,SET OF 10 LED DOLLY LIGHTS,724
Champions,SET OF 12 FAIRY CAKE BAKING CASES,1571
Champions,SET OF 12 FORK CANDLES,252
Champions,SET OF 12 MINI LOAF BAKING CASES,947
Champions,SET OF 12 T-LIGHTS VINTAGE DOILEY,1
Champions,SET OF 2 CERAMIC CHRISTMAS REINDEER,576
Champions,SET OF 2 CERAMIC PAINTED HEARTS ,288
Champions,SET OF 2 ROUND TINS CAMEMBERT ,2
Champions,SET OF 2 ROUND TINS DUTCH CHEESE,2
Champions,SET OF 2 TEA TOWELS APPLE AND PEARS,396
Champions,SET OF 2 TRAYS HOME SWEET HOME,4
Champions,SET OF 20 KIDS COOKIE CUTTERS,100
Champions,SET OF 20 VINTAGE CHRISTMAS NAPKINS,288
Champions,SET OF 3 BUTTERFLY COOKIE CUTTERS,374
Champions,SET OF 3 CAKE TINS PANTRY DESIGN ,1724
Champions,SET OF 3 CAKE TINS SKETCHBOOK,6
Champions,SET OF 3 HANGING OWLS OLLIE BEAK,384
Champions,SET OF 3 HEART COOKIE CUTTERS,602
Champions,SET OF 3 MINI HANGING PORTRAITS,24
Champions,SET OF 3 NOTEBOOKS IN PARCEL,492
Champions,SET OF 3 REGENCY CAKE TINS,823
Champions,SET OF 36 DINOSAUR PAPER DOILIES,12
Champions,SET OF 36 DOILIES PANTRY DESIGN,326
Champions,SET OF 36 DOILIES SPACEBOY DESIGN ,324
Champions,SET OF 36 PAISLEY FLOWER DOILIES,145
Champions,SET OF 36 TEATIME PAPER DOILIES,600
Champions,SET OF 4 ENGLISH ROSE COASTERS,100
Champions,SET OF 4 ENGLISH ROSE PLACEMATS,76
Champions,SET OF 4 FAIRY CAKE PLACEMATS ,6
Champions,SET OF 4 JAM JAR MAGNETS,361
Champions,SET OF 4 KNICK KNACK TINS DOILEY ,530
Champions,SET OF 4 KNICK KNACK TINS DOILY ,384
Champions,SET OF 4 KNICK KNACK TINS LEAF,97
Champions,SET OF 4 KNICK KNACK TINS LEAVES ,48
Champions,SET OF 4 KNICK KNACK TINS LONDON ,241
Champions,SET OF 4 KNICK KNACK TINS POPPIES,98
Champions,SET OF 4 NAPKIN CHARMS CUTLERY,192
Champions,SET OF 4 PANTRY JELLY MOULDS,1405
Champions,SET OF 4 POLKADOT PLACEMATS ,4
Champions,SET OF 4 ROSE BOTANICAL CANDLES,12
Champions,SET OF 4 SANTA PLACE SETTINGS,72
Champions,SET OF 5 LUCKY CAT MAGNETS ,360
Champions,SET OF 5 MINI GROCERY MAGNETS,240
Champions,SET OF 5 PANCAKE DAY MAGNETS,241
Champions,SET OF 6 HALLOWEEN GHOST T-LIGHTS,72
Champions,SET OF 6 HEART CHOPSTICKS,120
Champions,SET OF 6 HERB TINS SKETCHBOOK,14
Champions,SET OF 6 KASHMIR FOLKART BAUBLES,60
Champions,SET OF 6 NATIVITY MAGNETS ,300
Champions,SET OF 6 RIBBONS COUNTRY STYLE,60
Champions,SET OF 6 RIBBONS PARTY,60
Champions,SET OF 6 RIBBONS PERFECTLY PRETTY  ,60
Champions,SET OF 6 RIBBONS VINTAGE CHRISTMAS,72
Champions,SET OF 6 SNACK LOAF BAKING CASES,1123
Champions,SET OF 6 SOLDIER SKITTLES,400
Champions,SET OF 6 SPICE TINS PANTRY DESIGN,2136
Champions,SET OF 6 STRAWBERRY CHOPSTICKS,120
Champions,SET OF 6 T-LIGHTS EASTER CHICKS,4
Champions,SET OF 6 T-LIGHTS TOADSTOOLS,36
Champions,SET OF 6 TEA TIME BAKING CASES,519
Champions,SET OF 60 I LOVE LONDON CAKE CASES ,481
Champions,SET OF 60 PANTRY DESIGN CAKE CASES ,890
Champions,SET OF 60 VINTAGE LEAF CAKE CASES ,312
Champions,SET OF 72 PINK HEART PAPER DOILIES,108
Champions,SET OF 72 RETROSPOT PAPER  DOILIES,793
Champions,SET OF 72 SKULL PAPER  DOILIES,108
Champions,SET OF 9 BLACK SKULL BALLOONS,400
Champions,SET OF SALT AND PEPPER TOADSTOOLS,180
Champions,SET OF TEA COFFEE SUGAR TINS PANTRY,2651
Champions,SET/10 BLUE POLKADOT PARTY CANDLES,864
Champions,SET/10 IVORY POLKADOT PARTY CANDLES,98
Champions,SET/10 PINK POLKADOT PARTY CANDLES,864
Champions,SET/10 RED POLKADOT PARTY CANDLES,1200
Champions,SET/2 RED RETROSPOT TEA TOWELS ,418
Champions,SET/20 RED RETROSPOT PAPER NAPKINS ,996
Champions,SET/20 STRAWBERRY PAPER NAPKINS ,216
Champions,SET/3 RED GINGHAM ROSE STORAGE BOX,248
Champions,SET/4 BADGES BALLOON GIRL,20
Champions,SET/4 BADGES BEETLES,10
Champions,SET/4 COLOURFUL MIXING BOWLS,1
Champions,SET/4 WHITE RETRO STORAGE CUBES ,26
Champions,SET/5 RED RETROSPOT LID GLASS BOWLS,530
Champions,SET/5 RED SPOTTY LID GLASS BOWLS,288
Champions,SET/6 COLLAGE PAPER CUPS,240
Champions,SET/6 COLLAGE PAPER PLATES,240
Champions,SET/6 FRUIT SALAD  PAPER PLATES,192
Champions,SET/6 FRUIT SALAD PAPER CUPS,216
Champions,SET/6 GREEN SPRING PAPER CUPS,12
Champions,SET/6 RED SPOTTY PAPER CUPS,492
Champions,SET/6 RED SPOTTY PAPER PLATES,612
Champions,SET3 BOOK BOX GREEN GINGHAM FLOWER ,164
Champions,SEWING BOX RETROSPOT DESIGN ,16
Champions,SHELF WITH 4 HOOKS HOME SWEET HOME,256
Champions,SILK PURSE BABUSHKA BLUE,20
Champions,SILK PURSE BABUSHKA PINK,14
Champions,SILVER BELLS TABLE DECORATION,144
Champions,SILVER HEARTS TABLE DECORATION,144
Champions,SILVER JEWELLED MIRROR TRINKET TRAY,1
Champions,SILVER STARS TABLE DECORATION,144
Champions,SINGLE ANTIQUE ROSE HOOK IVORY,25
Champions,SINGLE HEART ZINC T-LIGHT HOLDER,432
Champions,SINGLE WIRE HOOK IVORY HEART,12
Champions,SINGLE WIRE HOOK PINK HEART,12
Champions,SKETCHBOOK MAGNETIC SHOPPING LIST,12
Champions,SKULL AND CROSSBONES  GARLAND ,144
Champions,SKULL LUNCH BOX WITH CUTLERY ,300
Champions,SKULL SHOULDER BAG,100
Champions,SKULLS  WATER TRANSFER TATTOOS ,200
Champions,SKULLS PARTY BAG + STICKER SET,240
Champions,SKULLS SQUARE TISSUE BOX,144
Champions,SLATE TILE NATURAL HANGING,12
Champions,SMALL APOTHECARY MEASURING JAR ,12
Champions,SMALL CERAMIC TOP STORAGE JAR ,265
Champions,SMALL DECO JEWELLERY STAND,53
Champions,SMALL HANGING IVORY/RED WOOD BIRD,72
Champions,SMALL HEART MEASURING SPOONS,332
Champions,SMALL IVORY HEART WALL ORGANISER,385
Champions,SMALL MEDINA STAMPED METAL BOWL ,360
Champions,SMALL PARISIENNE HEART PHOTO FRAME ,208
Champions,SMALL PARLOUR FRAME,36
Champions,SMALL PINK GLASS SUNDAE DISH,6
Champions,SMALL POPCORN HOLDER,400
Champions,SMALL PURPLE BABUSHKA NOTEBOOK ,216
Champions,SMALL RED BABUSHKA NOTEBOOK ,216
Champions,SMALL RED RETROSPOT MUG IN BOX ,36
Champions,SMALL STRIPES CHOCOLATE GIFT BAG ,384
Champions,SMALL WHITE HEART OF WICKER,276
Champions,SMALL ZINC HEART WALL ORGANISER,1410
Champions,SMOKEY GREY COLOUR D.O.F. GLASS,24
Champions,SNACK TRAY PAISLEY PARK,48
Champions,SOAP DISH BROCANTE,200
Champions,SPACE BOY CHILDRENS CUP,96
Champions,SPACEBOY BEAKER,1401
Champions,SPACEBOY BIRTHDAY CARD,2160
Champions,SPACEBOY CHILDRENS BOWL,801
Champions,SPACEBOY CHILDRENS CUP,658
Champions,SPACEBOY GIFT WRAP,600
Champions,SPACEBOY LUNCH BOX ,5774
Champions,SPACEBOY MINI BACKPACK,350
Champions,SPACEBOY MINI RUCKSACK,1
Champions,SPACEBOY ROCKET LOLLY MAKERS,193
Champions,SPACEBOY TV DINNER TRAY,83
Champions,SPACEBOY WALL ART,240
Champions,SPOTTY BUNTING,904
Champions,STOP FOR TEA WALL ART,372
Champions,STORAGE TIN VINTAGE DOILY ,198
Champions,STORAGE TIN VINTAGE LEAF,97
Champions,STRAWBERRY   PICNIC BAG,160
Champions,STRAWBERRY CERAMIC TRINKET BOX,156
Champions,STRAWBERRY CHARLOTTE BAG,730
Champions,STRAWBERRY FAIRY CAKE TEAPOT,24
Champions,STRAWBERRY HONEYCOMB  GARLAND ,192
Champions,STRAWBERRY LUNCH BOX WITH CUTLERY,973
Champions,STRAWBERRY RAFFIA FOOD COVER,2
Champions,STRAWBERRY SHOPPER BAG,330
Champions,SUKI  SHOULDER BAG,231
Champions,SWEETHEART CAKESTAND 3 TIER,36
Champions,SWEETHEART CERAMIC TRINKET BOX,72
Champions,SWEETHEART RECIPE BOOK STAND,216
Champions,SWEETHEART WIRE FRUIT BOWL,4
Champions,SWEETHEART WIRE MAGAZINE RACK,2
Champions,SWEETHEART WIRE WALL TIDY,4
Champions,"SWISS ROLL TOWEL, PINK  SPOTS",96
Champions,T-LIGHT HOLDER HANGING LOVE BIRD,36
Champions,TABLECLOTH RED APPLES DESIGN ,4
Champions,TEA BAG PLATE RED RETROSPOT,192
Champions,TEA COSY BLUE STRIPE,50
Champions,TEA COSY RED  STRIPE,2
Champions,TEA PARTY  WRAPPING PAPER ,200
Champions,TEA PARTY BIRTHDAY CARD,576
Champions,TEA TIME PARTY BUNTING,4
Champions,TOADSTOOL MONEY BOX,96
Champions,TOILET METAL SIGN,378
Champions,TOILET SIGN OCCUPIED OR VACANT,48
Champions,TOMATO CHARLIE+LOLA COASTER SET,27
Champions,TOTE BAG I LOVE LONDON,1
Champions,TOYBOX  WRAP ,201
Champions,TRADITIONAL KNITTING NANCY,145
Champions,TRADITIONAL MODELLING CLAY,192
Champions,TRADITIONAL NAUGHTS & CROSSES,12
Champions,TRADITIONAL WOODEN CATCH CUP GAME ,162
Champions,TRADITIONAL WOODEN SKIPPING ROPE,436
Champions,TRADTIONAL ALPHABET STAMP SET,116
Champions,TRAVEL SEWING KIT,540
Champions,"TRAY, BREAKFAST IN BED",1
Champions,TREASURE AHOY WALL ART,192
Champions,TREASURE ISLAND BOOK BOX,360
Champions,TREASURE TIN BUFFALO BILL ,247
Champions,TREASURE TIN GYMKHANA DESIGN,296
Champions,TRIPLE HOOK ANTIQUE IVORY ROSE,7
Champions,TRIPLE PHOTO FRAME CORNICE ,144
Champions,TV DINNER TRAY AIR HOSTESS ,112
Champions,TV DINNER TRAY DOLLY GIRL,99
Champions,UNION STRIPE WITH FRINGE  HAMMOCK,2
Champions,UTILTY CABINET WITH HOOKS,126
Champions,VANILLA INCENSE IN TIN,72
Champions,VICTORIAN GLASS HANGING T-LIGHT,96
Champions,VICTORIAN SEWING BOX MEDIUM,1
Champions,VICTORIAN SEWING BOX SMALL ,242
Champions,VICTORIAN SEWING KIT,456
Champions,VILLAGE SHOW WALL ART,322
Champions,VINTAGE  2 METER FOLDING RULER,24
Champions,VINTAGE BILLBOARD LOVE/HATE MUG,468
Champions,VINTAGE BILLBOARD MUG ,432
Champions,VINTAGE CARAVAN GREETING CARD ,144
Champions,VINTAGE CHRISTMAS CAKE FRILL,252
Champions,VINTAGE CHRISTMAS GIFT BAG LARGE ,120
Champions,VINTAGE CHRISTMAS GIFT SACK,100
Champions,VINTAGE CHRISTMAS STOCKING ,6
Champions,VINTAGE CHRISTMAS TABLECLOTH,100
Champions,VINTAGE COFFEE GRINDER BOX,3
Champions,VINTAGE CREAM CAT FOOD CONTAINER,80
Champions,VINTAGE CREAM DOG FOOD CONTAINER,50
Champions,VINTAGE DOILY DELUXE SEWING KIT ,42
Champions,VINTAGE DOILY JUMBO BAG RED ,1
Champions,VINTAGE DOILY TRAVEL SEWING KIT,52
Champions,VINTAGE DONKEY TAIL GAME ,297
Champions,VINTAGE HEADS AND TAILS CARD GAME ,360
Champions,VINTAGE JINGLE BELLS HEART,4
Champions,VINTAGE KID DOLLY CARD ,360
Champions,VINTAGE LEAF CHOPPING BOARD  ,36
Champions,VINTAGE PAISLEY STATIONERY SET,12
Champions,VINTAGE POST OFFICE CABINET,10
Champions,VINTAGE RED ENAMEL TRIM JUG ,4
Champions,VINTAGE RED MUG,432
Champions,VINTAGE SNAP CARDS,592
Champions,VINTAGE UNION JACK BUNTING,434
Champions,VINTAGE UNION JACK MEMOBOARD,2600
Champions,WALL ART 70'S ALPHABET ,204
Champions,WALL ART ANIMALS AND NATURE ,72
Champions,WALL ART BICYCLE SAFETY,180
Champions,WALL ART BIG LOVE ,564
Champions,WALL ART BUFFALO BILL ,240
Champions,WALL ART CLASSIC PUDDINGS ,420
Champions,WALL ART DOG LICENCE ,252
Champions,WALL ART DOLLY GIRL ,241
Champions,WALL ART GARDEN HAVEN ,144
Champions,WALL ART HORSE & PONY ,120
Champions,WALL ART KEEP CALM ,758
Champions,WALL ART LOVES' SECRET ,132
Champions,WALL ART MID CENTURY MODERN ,126
Champions,WALL ART ONLY ONE PERSON ,522
Champions,WALL ART SPACEBOY,73
Champions,WALL ART STOP FOR TEA ,132
Champions,WALL ART THE MAGIC FOREST ,132
Champions,WALL ART VILLAGE SHOW ,72
Champions,WALL ART VINTAGE HEART,234
Champions,WALL ART WORK REST AND PLAY  ,138
Champions,WALL TIDY RETROSPOT ,435
Champions,WASHROOM METAL SIGN,1060
Champions,WATERING CAN GARDEN MARKER,720
Champions,WATERING CAN PINK BUNNY,96
Champions,WELCOME  WOODEN BLOCK LETTERS,27
Champions,WHITE BELL HONEYCOMB PAPER ,48
Champions,WHITE BROCANTE SOAP DISH,154
Champions,WHITE HANGING HEART T-LIGHT HOLDER,4784
Champions,WHITE HEART CONFETTI IN TUBE,24
Champions,WHITE SKULL HOT WATER BOTTLE ,4
Champions,WHITE SOAP RACK WITH 2 BOTTLES,2
Champions,WHITE SPOT BLUE CERAMIC DRAWER KNOB,108
Champions,WHITE SPOT RED CERAMIC DRAWER KNOB,492
Champions,WHITE WIRE EGG HOLDER,3
Champions,WHITE WOOD GARDEN PLANT LADDER,39
Champions,WOOD 2 DRAWER CABINET WHITE FINISH,136
Champions,WOOD AND GLASS MEDICINE CABINET,1
Champions,WOOD BLACK BOARD ANT WHITE FINISH,3205
Champions,WOOD S/3 CABINET ANT WHITE FINISH,12
Champions,WOOD STAMP SET BEST WISHES,96
Champions,WOODEN ADVENT CALENDAR CREAM,84
Champions,WOODEN ADVENT CALENDAR RED,18
Champions,WOODEN BOX OF DOMINOES,28
Champions,WOODEN CROQUET GARDEN SET,2
Champions,WOODEN HEART CHRISTMAS SCANDINAVIAN,72
Champions,WOODEN OWLS LIGHT GARLAND ,96
Champions,WOODEN PICTURE FRAME WHITE FINISH,1116
Champions,WOODEN ROUNDERS GARDEN SET ,2
Champions,WOODEN SCHOOL COLOURING SET,193
Champions,WOODEN TREE CHRISTMAS SCANDINAVIAN,48
Champions,WOODLAND  HEIGHT CHART STICKERS ,210
Champions,WOODLAND BUNNIES LOLLY MAKERS,109
Champions,WOODLAND CHARLOTTE BAG,2340
Champions,WOODLAND DESIGN  COTTON TOTE BAG,102
Champions,WOODLAND LARGE BLUE FELT HEART,1
Champions,WOODLAND LARGE PINK FELT HEART,193
Champions,WOODLAND LARGE RED FELT HEART,1
Champions,WOODLAND MINI BACKPACK,300
Champions,WOODLAND MINI RUCKSACK ,1
Champions,WOODLAND PARTY BAG + STICKER SET,674
Champions,WOODLAND SMALL BLUE FELT HEART,1
Champions,WOODLAND SMALL PINK FELT HEART,1
Champions,WOODLAND SMALL RED FELT HEART,193
Champions,WOODLAND STORAGE BOX LARGE ,24
Champions,WOODLAND STORAGE BOX SMALL,24
Champions,WORLD WAR 2 GLIDERS ASSTD DESIGNS,240
Champions,WRAP  VINTAGE DOILEY ,50
Champions,WRAP  VINTAGE DOILY ,25
Champions,WRAP A PRETTY THANK YOU,25
Champions,WRAP ALPHABET DESIGN,1200
Champions,WRAP ALPHABET POSTER  ,200
Champions,WRAP BILLBOARD FONTS DESIGN,100
Champions,WRAP CHRISTMAS VILLAGE,200
Champions,WRAP CIRCUS PARADE,200
Champions,WRAP COWBOYS  ,200
Champions,WRAP DOILEY DESIGN,400
Champions,WRAP DOLLY GIRL,200
Champions,WRAP ENGLISH ROSE ,475
Champions,WRAP GINGHAM ROSE ,25
Champions,WRAP GREEN PEARS ,25
Champions,WRAP I LOVE LONDON ,225
Champions,WRAP KEEP CALM BIRTHDAY,25
Champions,WRAP PAISLEY PARK ,75
Champions,WRAP POPPIES  DESIGN,300
Champions,WRAP RED APPLES ,450
Champions,WRAP RED VINTAGE DOILY,200
Champions,WRAP VINTAGE LEAF DESIGN,301
Champions,WRAP VINTAGE PETALS  DESIGN,200
Champions,WRAP WEDDING DAY,225
Champions,"WRAP, BILLBOARD FONTS DESIGN",300
Champions,YELLOW COAT RACK PARIS FASHION,82
Champions,YELLOW GIANT GARDEN THERMOMETER,38
Champions,YELLOW METAL CHICKEN HEART ,288
Champions,YOU'RE CONFUSING ME METAL SIGN ,1056
Champions,ZINC  HEART T-LIGHT HOLDER,144
Champions,ZINC  STAR T-LIGHT HOLDER ,144
Champions,ZINC FOLKART SLEIGH BELLS,192
Champions,ZINC HERB GARDEN CONTAINER,7
Champions,ZINC METAL HEART DECORATION,216
Champions,ZINC SWEETHEART WIRE LETTER RACK,4
Champions,ZINC T-LIGHT HOLDER STAR LARGE,96
Champions,ZINC T-LIGHT HOLDER STARS SMALL,432
Champions,ZINC WILLIE WINKIE  CANDLE STICK,408
Lost Customers, 4 PURPLE FLOCK DINNER CANDLES,6
Lost Customers, OVAL WALL MIRROR DIAMANTE ,10
Lost Customers, SET 2 TEA TOWELS I LOVE LONDON ,174
Lost Customers, SPACEBOY BABY GIFT SET,36
Lost Customers,10 COLOUR SPACEBOY PEN,751
Lost Customers,12 COLOURED PARTY BALLOONS,151
Lost Customers,12 DAISY PEGS IN WOOD BOX,56
Lost Customers,12 EGG HOUSE PAINTED WOOD,20
Lost Customers,12 IVORY ROSE PEG PLACE SETTINGS,87
Lost Customers,12 MESSAGE CARDS WITH ENVELOPES,189
Lost Customers,12 PENCIL SMALL TUBE WOODLAND,251
Lost Customers,12 PENCILS SMALL TUBE RED RETROSPOT,386
Lost Customers,12 PENCILS SMALL TUBE SKULL,379
Lost Customers,12 PENCILS TALL TUBE POSY,182
Lost Customers,12 PENCILS TALL TUBE RED RETROSPOT,241
Lost Customers,12 PENCILS TALL TUBE SKULLS,114
Lost Customers,12 PENCILS TALL TUBE WOODLAND,162
Lost Customers,12 PINK ROSE PEG PLACE SETTINGS,8
Lost Customers,12 RED ROSE PEG PLACE SETTINGS,23
Lost Customers,15CM CHRISTMAS GLASS BALL 20 LIGHTS,34
Lost Customers,16 PIECE CUTLERY SET PANTRY DESIGN,28
Lost Customers,18PC WOODEN CUTLERY SET DISPOSABLE,34
Lost Customers,2 PICTURE BOOK EGGS EASTER BUNNY,12
Lost Customers,2 PICTURE BOOK EGGS EASTER CHICKS,12
Lost Customers,2 PICTURE BOOK EGGS EASTER DUCKS,13
Lost Customers,20 DOLLY PEGS RETROSPOT,151
Lost Customers,200 BENDY SKULL STRAWS,29
Lost Customers,200 RED + WHITE BENDY STRAWS,44
Lost Customers,3 GARDENIA MORRIS BOXED CANDLES,6
Lost Customers,3 HEARTS HANGING DECORATION RUSTIC,58
Lost Customers,3 HOOK HANGER MAGIC GARDEN,64
Lost Customers,3 HOOK PHOTO SHELF ANTIQUE WHITE,211
Lost Customers,3 PIECE SPACEBOY COOKIE CUTTER SET,70
Lost Customers,3 ROSE MORRIS BOXED CANDLES,25
Lost Customers,3 STRIPEY MICE FELTCRAFT,152
Lost Customers,3 TIER CAKE TIN GREEN AND CREAM,18
Lost Customers,3 TIER CAKE TIN RED AND CREAM,20
Lost Customers,3 TIER SWEETHEART GARDEN SHELF,11
Lost Customers,3 TRADITIONAl BISCUIT CUTTERS  SET,101
Lost Customers,3 WHITE CHOC MORRIS BOXED CANDLES,21
Lost Customers,36 DOILIES DOLLY GIRL,120
Lost Customers,36 DOILIES VINTAGE CHRISTMAS,192
Lost Customers,36 FOIL HEART CAKE CASES,93
Lost Customers,36 FOIL STAR CAKE CASES ,52
Lost Customers,36 PENCILS TUBE POSY,8
Lost Customers,36 PENCILS TUBE RED RETROSPOT,189
Lost Customers,36 PENCILS TUBE SKULLS,128
Lost Customers,36 PENCILS TUBE WOODLAND,110
Lost Customers,3D CHRISTMAS STAMPS STICKERS ,8
Lost Customers,3D DOG PICTURE PLAYING CARDS,6
Lost Customers,3D HEARTS  HONEYCOMB PAPER GARLAND,30
Lost Customers,3D SHEET OF CAT STICKERS,20
Lost Customers,3D SHEET OF DOG STICKERS,1
Lost Customers,3D TRADITIONAL CHRISTMAS STICKERS,12
Lost Customers,3D VINTAGE CHRISTMAS STICKERS ,2
Lost Customers,4 BLUE DINNER CANDLES SILVER FLOCK,8
Lost Customers,4 BURGUNDY WINE DINNER CANDLES,4
Lost Customers,4 IVORY DINNER CANDLES SILVER FLOCK,26
Lost Customers,4 LAVENDER BOTANICAL DINNER CANDLES,87
Lost Customers,4 LILY  BOTANICAL DINNER CANDLES,36
Lost Customers,4 PEAR BOTANICAL DINNER CANDLES,60
Lost Customers,4 PINK DINNER CANDLE SILVER FLOCK,10
Lost Customers,4 PINK FLOCK CHRISTMAS BALLS,13
Lost Customers,4 TRADITIONAL SPINNING TOPS,265
Lost Customers,4 VANILLA BOTANICAL CANDLES,33
Lost Customers,4 WILDFLOWER BOTANICAL CANDLES,22
Lost Customers,5 HOOK HANGER MAGIC TOADSTOOL,61
Lost Customers,5 HOOK HANGER RED MAGIC TOADSTOOL,91
Lost Customers,5 STRAND GLASS NECKLACE BLACK,6
Lost Customers,5 STRAND GLASS NECKLACE CRYSTAL,8
Lost Customers,50CM METAL STRING WITH  7 CLIPS,12
Lost Customers,6 CHOCOLATE LOVE HEART T-LIGHTS,53
Lost Customers,6 EGG HOUSE PAINTED WOOD,47
Lost Customers,6 RIBBONS ELEGANT CHRISTMAS ,10
Lost Customers,6 RIBBONS EMPIRE  ,39
Lost Customers,6 RIBBONS RUSTIC CHARM,314
Lost Customers,6 RIBBONS SHIMMERING PINKS ,39
Lost Customers,6 ROCKET BALLOONS ,171
Lost Customers,60 CAKE CASES DOLLY GIRL DESIGN,523
Lost Customers,60 CAKE CASES VINTAGE CHRISTMAS,299
Lost Customers,60 TEATIME FAIRY CAKE CASES,1186
Lost Customers,6PC WOOD PLATE SET DISPOSABLE,24
Lost Customers,72 SWEETHEART FAIRY CAKE CASES,721
Lost Customers,75 BLACK PETIT FOUR CASES,30
Lost Customers,75 GREEN FAIRY CAKE CASES,2
Lost Customers,75 GREEN PETIT FOUR CASES,35
Lost Customers,ABC TREASURE BOOK BOX ,72
Lost Customers,ABSTRACT CIRCLE JOURNAL ,18
Lost Customers,ABSTRACT CIRCLES POCKET BOOK,7
Lost Customers,ABSTRACT CIRCLES SKETCHBOOK ,26
Lost Customers,"ACRYLIC JEWEL ICICLE, PINK",36
Lost Customers,"ACRYLIC JEWEL SNOWFLAKE, PINK",1
Lost Customers,"ACRYLIC JEWEL SNOWFLAKE,PINK",6
Lost Customers,ADVENT CALENDAR GINGHAM SACK,3
Lost Customers,AFGHAN SLIPPER SOCK PAIR,279
Lost Customers,AGED GLASS SILVER T-LIGHT HOLDER,925
Lost Customers,AIRLINE BAG VINTAGE JET SET BROWN,24
Lost Customers,AIRLINE BAG VINTAGE JET SET RED,44
Lost Customers,AIRLINE BAG VINTAGE JET SET WHITE,24
Lost Customers,AIRLINE BAG VINTAGE TOKYO 78,139
Lost Customers,AIRLINE BAG VINTAGE WORLD CHAMPION ,24
Lost Customers,"AIRLINE LOUNGE,METAL SIGN",36
Lost Customers,ALARM CLOCK BAKELIKE CHOCOLATE,30
Lost Customers,ALARM CLOCK BAKELIKE GREEN,87
Lost Customers,ALARM CLOCK BAKELIKE IVORY,87
Lost Customers,ALARM CLOCK BAKELIKE ORANGE,68
Lost Customers,ALARM CLOCK BAKELIKE PINK,81
Lost Customers,ALARM CLOCK BAKELIKE RED ,137
Lost Customers,ALPHABET HEARTS STICKER SHEET,22
Lost Customers,ALPHABET STENCIL CRAFT,66
Lost Customers,ALUMINIUM HEART,12
Lost Customers,ALUMINIUM STAMPED HEART,88
Lost Customers,AMBER BERTIE GLASS BEAD BAG CHARM,1
Lost Customers,AMBER CHUNKY BEAD BRACELET W STRAP,1
Lost Customers,AMBER CHUNKY GLASS+BEAD NECKLACE,2
Lost Customers,AMBER DIAMANTE EXPANDABLE RING,7
Lost Customers,AMBER FINE BEAD NECKLACE W TASSEL,1
Lost Customers,AMBER GLASS/SILVER BRACELET,1
Lost Customers,AMETHYST CHUNKY BEAD BRACELET W STR,2
Lost Customers,AMETHYST DIAMANTE EXPANDABLE RING,7
Lost Customers,AMETHYST HOOP EARRING FLORAL LEAF,3
Lost Customers,ANGEL DECORATION 3 BUTTONS ,450
Lost Customers,ANGEL DECORATION STARS ON DRESS,34
Lost Customers,ANIMAL STICKERS,113
Lost Customers,ANT COPPER RED BOUDICCA BRACELET,3
Lost Customers,ANT WHITE WIRE HEART SPIRAL,26
Lost Customers,ANTIQUE ALL GLASS CANDLESTICK,12
Lost Customers,ANTIQUE CREAM CUTLERY CUPBOARD,2
Lost Customers,ANTIQUE CREAM CUTLERY SHELF ,6
Lost Customers,ANTIQUE GLASS DRESSING TABLE POT,107
Lost Customers,ANTIQUE GLASS HEART DECORATION ,27
Lost Customers,ANTIQUE GLASS PEDESTAL BOWL,77
Lost Customers,ANTIQUE GLASS PLACE SETTING,48
Lost Customers,ANTIQUE IVORY WIRE BOWL SMALL,6
Lost Customers,ANTIQUE MID BLUE FLOWER EARRINGS,2
Lost Customers,ANTIQUE OLIVE GREEN FLOWER EARRINGS,2
Lost Customers,ANTIQUE OPAL WHITE FLOWER EARRINGS,1
Lost Customers,ANTIQUE RASPBERRY FLOWER EARRINGS,2
Lost Customers,ANTIQUE SILVER T-LIGHT GLASS,565
Lost Customers,ANTIQUE SILVER TEA GLASS ENGRAVED,507
Lost Customers,ANTIQUE SILVER TEA GLASS ETCHED,494
Lost Customers,ANTIQUE TALL SWIRLGLASS TRINKET POT,51
Lost Customers,APPLE BATH SPONGE,120
Lost Customers,APRON APPLE DELIGHT,84
Lost Customers,APRON MODERN VINTAGE COTTON,130
Lost Customers,AQUA BERTIE GLASS BEAD BAG CHARM,1
Lost Customers,AREA PATROLLED METAL SIGN,187
Lost Customers,ASS COL CIRCLE MOBILE ,14
Lost Customers,ASS COL LARGE SAND FROG P'WEIGHT,14
Lost Customers,ASS COL SMALL SAND GECKO P'WEIGHT,10
Lost Customers,ASS COLOUR GLOWING TIARAS,24
Lost Customers,ASS DES PHONE SPONGE CRAFT STICKER,240
Lost Customers,ASS FLORAL PRINT MULTI SCREWDRIVER,46
Lost Customers,ASS FLORAL PRINT SPIRIT LEVEL ,6
Lost Customers,ASSORTED BOTTLE TOP  MAGNETS ,397
Lost Customers,ASSORTED CAKES FRIDGE MAGNETS,12
Lost Customers,ASSORTED CHEESE FRIDGE MAGNETS,96
Lost Customers,ASSORTED CIRCULAR MOBILE,17
Lost Customers,ASSORTED COLOUR BIRD ORNAMENT,1762
Lost Customers,ASSORTED COLOUR METAL CAT ,24
Lost Customers,ASSORTED COLOUR MINI CASES,105
Lost Customers,ASSORTED COLOUR T-LIGHT HOLDER,96
Lost Customers,ASSORTED COLOURS SILK FAN,3860
Lost Customers,ASSORTED CREEPY CRAWLIES,216
Lost Customers,ASSORTED EASTER DECORATIONS  BELLS,96
Lost Customers,ASSORTED EASTER GIFT TAGS,286
Lost Customers,ASSORTED FARMYARD ANIMALS IN BUCKET,36
Lost Customers,"ASSORTED FLOWER COLOUR ""LEIS""",234
Lost Customers,ASSORTED INCENSE PACK,792
Lost Customers,ASSORTED LAQUERED INCENSE HOLDERS,48
Lost Customers,ASSORTED MINI MADRAS NOTEBOOK,24
Lost Customers,ASSORTED SANSKRIT MINI NOTEBOOK,72
Lost Customers,ASSORTED TUTTI FRUTTI  FOB NOTEBOOK,66
Lost Customers,ASSORTED TUTTI FRUTTI BRACELET,81
Lost Customers,ASSORTED TUTTI FRUTTI HEART BOX,39
Lost Customers,ASSORTED TUTTI FRUTTI KEYRING BALL,39
Lost Customers,ASSORTED TUTTI FRUTTI LARGE PURSE,5
Lost Customers,ASSORTED TUTTI FRUTTI MIRROR,46
Lost Customers,ASSORTED TUTTI FRUTTI NOTEBOOK,8
Lost Customers,ASSORTED TUTTI FRUTTI PEN,96
Lost Customers,ASSORTED TUTTI FRUTTI SMALL PURSE,29
Lost Customers,ASSTD COL BUTTERFLY/CRYSTAL W/CHIME,8
Lost Customers,ASSTD DESIGN 3D PAPER STICKERS,246
Lost Customers,ASSTD DESIGN RACING CAR PEN,64
Lost Customers,ASSTD FRUIT+FLOWERS FRIDGE MAGNETS,288
Lost Customers,ASSTD MULTICOLOUR CIRCLES MUG,114
Lost Customers,BABUSHKA LIGHTS STRING OF 10,43
Lost Customers,BABY BOOM RIBBONS ,19
Lost Customers,BABY MOUSE RED GINGHAM DRESS,2
Lost Customers,BAG 125g SWIRLY MARBLES,475
Lost Customers,BAG 250g SWIRLY MARBLES,79
Lost Customers,BAG 500g SWIRLY MARBLES,39
Lost Customers,BAG OF SILVER STONES,4
Lost Customers,BAKING MOULD CHOCOLATE CUPCAKES,122
Lost Customers,BAKING MOULD EASTER EGG MILK CHOC,136
Lost Customers,BAKING MOULD EASTER EGG WHITE CHOC,133
Lost Customers,BAKING MOULD HEART MILK CHOCOLATE,116
Lost Customers,BAKING MOULD HEART WHITE CHOCOLATE,97
Lost Customers,BAKING MOULD ROSE MILK CHOCOLATE,96
Lost Customers,BAKING MOULD ROSE WHITE CHOCOLATE,11
Lost Customers,BAKING MOULD TOFFEE CUP CHOCOLATE,148
Lost Customers,BAKING SET 9 PIECE RETROSPOT ,288
Lost Customers,BAKING SET SPACEBOY DESIGN,164
Lost Customers,BALLOON ART MAKE YOUR OWN FLOWERS,48
Lost Customers,BALLOON PUMP WITH 10 BALLOONS,36
Lost Customers,BALLOON WATER BOMB PACK OF 35,159
Lost Customers,BALLOONS  WRITING SET ,49
Lost Customers,BANK ACCOUNT  GREETING  CARD ,12
Lost Customers,BANQUET BIRTHDAY  CARD  ,72
Lost Customers,BAROQUE BUTTERFLY EARRINGS BLACK,1
Lost Customers,BASKET OF FLOWERS SEWING KIT,30
Lost Customers,BASKET OF TOADSTOOLS,27
Lost Customers,BATH BUILDING BLOCK WORD,103
Lost Customers,BATHROOM METAL SIGN,387
Lost Customers,BATHROOM METAL SIGN ,28
Lost Customers,BATHROOM SCALES FOOTPRINTS IN SAND,1
Lost Customers,BEACH HUT KEY CABINET,1
Lost Customers,BEACH HUT MIRROR,4
Lost Customers,BEACH HUT SHELF W 3 DRAWERS,9
Lost Customers,BEADED CHANDELIER T-LIGHT HOLDER,10
Lost Customers,BEADED CRYSTAL HEART BLUE  LARGE,24
Lost Customers,BEADED CRYSTAL HEART BLUE SMALL,24
Lost Customers,BEADED CRYSTAL HEART GREEN LARGE,24
Lost Customers,BEADED CRYSTAL HEART GREEN SMALL,15
Lost Customers,BEADED CRYSTAL HEART PINK LARGE,29
Lost Customers,BEADED CRYSTAL HEART PINK SMALL,24
Lost Customers,BEADED PEARL HEART WHITE LARGE,51
Lost Customers,BEADED PEARL HEART WHITE ON STICK,32
Lost Customers,BELL HEART DECORATION,24
Lost Customers,BEST DAD CANDLE LETTERS,3
Lost Customers,BEWARE OF THE CAT METAL SIGN ,231
Lost Customers,BIG DOUGHNUT FRIDGE MAGNETS,216
Lost Customers,BINGO SET,74
Lost Customers,BIRD BOX CHRISTMAS TREE DECORATION,2
Lost Customers,BIRD DECORATION GREEN POLKADOT,84
Lost Customers,BIRD DECORATION RED RETROSPOT,72
Lost Customers,BIRD HOUSE HOT WATER BOTTLE,22
Lost Customers,BIRDCAGE DECORATION TEALIGHT HOLDER,8
Lost Customers,BIRDHOUSE DECORATION MAGIC GARDEN,129
Lost Customers,BIRDHOUSE GARDEN MARKER ,84
Lost Customers,BIRDS MOBILE VINTAGE DESIGN,11
Lost Customers,BIRTHDAY BANNER TAPE,24
Lost Customers,BIRTHDAY BANQUET GIFT WRAP,75
Lost Customers,"BIRTHDAY CARD, RETRO SPOT",72
Lost Customers,BIRTHDAY PARTY CORDON BARRIER TAPE,76
Lost Customers,BISCUIT TIN 50'S CHRISTMAS,151
Lost Customers,BISCUIT TIN VINTAGE GREEN,37
Lost Customers,BISCUIT TIN VINTAGE RED,63
Lost Customers,BISCUITS SMALL BOWL LIGHT BLUE,104
Lost Customers,BLACK AND WHITE CAT BOWL,12
Lost Customers,BLACK AND WHITE DOG BOWL,10
Lost Customers,BLACK BAROQUE CARRIAGE CLOCK,2
Lost Customers,BLACK BAROQUE WALL CLOCK ,4
Lost Customers,BLACK BIRD GARDEN DESIGN MUG,22
Lost Customers,BLACK CANDELABRA T-LIGHT HOLDER,39
Lost Customers,BLACK CHAMPAGNE GLASS,168
Lost Customers,BLACK CHERRY LIGHTS,8
Lost Customers,BLACK CHRISTMAS FLOCK DROPLET ,24
Lost Customers,BLACK CHRISTMAS TREE 60CM,1
Lost Customers,BLACK CHUNKY BEAD BRACELET W STRAP,3
Lost Customers,BLACK DIAMANTE EXPANDABLE RING,9
Lost Customers,BLACK DINER WALL CLOCK,8
Lost Customers,BLACK DROP EARRINGS W LONG BEADS,1
Lost Customers,BLACK EAR MUFF HEADPHONES,1
Lost Customers,BLACK ENAMEL FLOWER RING,12
Lost Customers,BLACK ENCHANTED FOREST PLACEMAT,22
Lost Customers,BLACK FEATHER CHRISTMAS DECORATION,48
Lost Customers,BLACK GEMSTONE BRACELET,1
Lost Customers,BLACK GRAND BAROQUE PHOTO FRAME,7
Lost Customers,BLACK HEART CARD HOLDER,82
Lost Customers,BLACK KITCHEN SCALES,68
Lost Customers,BLACK LOVE BIRD CANDLE,12
Lost Customers,BLACK LOVE BIRD T-LIGHT HOLDER,1
Lost Customers,BLACK MEDIUM GLASS CAKE STAND,2
Lost Customers,BLACK MINI TAPE MEASURE ,2
Lost Customers,BLACK ORANGE SQUEEZER,16
Lost Customers,BLACK PIRATE TREASURE CHEST,9
Lost Customers,BLACK RECORD COVER FRAME,147
Lost Customers,BLACK SILOUETTE CANDLE PLATE,18
Lost Customers,BLACK STITCHED WALL CLOCK,46
Lost Customers,BLACK SWEETHEART BRACELET,3
Lost Customers,BLACK TEA TOWEL CLASSIC DESIGN,59
Lost Customers,"BLACK TEA,COFFEE,SUGAR JARS",87
Lost Customers,BLACK VINTAGE  CRYSTAL EARRINGS,4
Lost Customers,BLACK WINE GLASS,14
Lost Customers,BLACK+WHITE NECKLACE W TASSEL,5
Lost Customers,BLACK/BLUE POLKADOT UMBRELLA,101
Lost Customers,BLACK/WHITE GLASS/SILVER BRACELET,1
Lost Customers,BLING KEY RING STAND,1
Lost Customers,BLOND DOLL DOORSTOP,12
Lost Customers,BLOSSOM  IMAGES NOTEBOOK SET,26
Lost Customers,BLOSSOM IMAGES GIFT WRAP SET,60
Lost Customers,BLUE  DIAMANTE PEN IN GIFT BOX,36
Lost Customers,BLUE  TILE HOOK,11
Lost Customers,BLUE  VOILE LAMPSHADE,12
Lost Customers,BLUE & WHITE BREAKFAST TRAY,12
Lost Customers,BLUE 3 PIECE POLKADOT CUTLERY SET,78
Lost Customers,BLUE BIRDHOUSE DECORATION,41
Lost Customers,BLUE BLOSSOM HAIR CLIP,12
Lost Customers,BLUE CALCULATOR RULER,16
Lost Customers,BLUE CAT BISCUIT BARREL PINK HEART,12
Lost Customers,BLUE CHARLIE+LOLA PERSONAL DOORSIGN,10
Lost Customers,BLUE CHECK BAG W HANDLE 34X20CM,10
Lost Customers,BLUE CHENILLE SHAGGY CUSHION COVER ,10
Lost Customers,BLUE CIRCLES DESIGN MONKEY DOLL,3
Lost Customers,BLUE COAT RACK PARIS FASHION,61
Lost Customers,BLUE CRUSOE CHECK LAMPSHADE,2
Lost Customers,BLUE CUSHION COVER WITH FLOWER,9
Lost Customers,BLUE DAISY MOBILE,2
Lost Customers,BLUE DINER WALL CLOCK,66
Lost Customers,BLUE DISCO HANDBAG,1
Lost Customers,BLUE DRAGONFLY HELICOPTER,10
Lost Customers,BLUE DRAWER KNOB ACRYLIC EDWARDIAN,72
Lost Customers,BLUE EASTER EGG HUNT START POST,1
Lost Customers,BLUE EGG  SPOON,96
Lost Customers,BLUE FELT EASTER EGG BASKET,96
Lost Customers,BLUE FLOCK GLASS CANDLEHOLDER,344
Lost Customers,BLUE FLOWER DES PURSE,5
Lost Customers,BLUE FLY SWAT,6
Lost Customers,BLUE GEISHA GIRL ,4
Lost Customers,BLUE GIANT GARDEN THERMOMETER,50
Lost Customers,BLUE GINGHAM ROSE CUSHION COVER,2
Lost Customers,BLUE GLASS CHUNKY CHARM BRACELET,1
Lost Customers,BLUE GLASS GEMS IN BAG,14
Lost Customers,BLUE HANGING GINGHAM EASTER HEN,6
Lost Customers,BLUE HAPPY BIRTHDAY BUNTING,280
Lost Customers,BLUE HARMONICA IN BOX ,213
Lost Customers,BLUE HEART COMPACT MIRROR,5
Lost Customers,BLUE HOLE PUNCH,1
Lost Customers,BLUE JUICY FRUIT PHOTO FRAME,5
Lost Customers,BLUE KNITTED EGG COSY,6
Lost Customers,BLUE KNITTED HEN ,19
Lost Customers,BLUE MURANO TWIST NECKLACE,1
Lost Customers,BLUE NEW BAROQUE CANDLESTICK CANDLE,7
Lost Customers,BLUE ORGANDY ROUND LAMPSHADE W BEA,1
Lost Customers,BLUE OWL SOFT TOY,55
Lost Customers,BLUE PAISLEY JOURNAL ,18
Lost Customers,BLUE PAISLEY NOTEBOOK,3
Lost Customers,BLUE PAISLEY POCKET BOOK,34
Lost Customers,BLUE PAISLEY SKETCHBOOK,27
Lost Customers,BLUE PAISLEY TISSUE BOX,7
Lost Customers,BLUE PAPER PARASOL ,42
Lost Customers,BLUE PARTY BAGS ,95
Lost Customers,BLUE PATCH PURSE PINK HEART,34
Lost Customers,BLUE POLKADOT BEAKER ,196
Lost Customers,BLUE POLKADOT BOWL,172
Lost Customers,BLUE POLKADOT COFFEE MUG,258
Lost Customers,BLUE POLKADOT CUP,163
Lost Customers,BLUE POLKADOT EGG CUP ,140
Lost Customers,BLUE POLKADOT GARDEN PARASOL,7
Lost Customers,BLUE POLKADOT LUGGAGE TAG ,16
Lost Customers,BLUE POLKADOT PASSPORT COVER,12
Lost Customers,BLUE POLKADOT PLATE ,158
Lost Customers,BLUE POLKADOT PUDDING BOWL,15
Lost Customers,BLUE POLKADOT WASHING UP GLOVES,27
Lost Customers,BLUE POLKADOT WRAP,275
Lost Customers,BLUE POT PLANT CANDLE ,17
Lost Customers,BLUE PUDDING SPOON,60
Lost Customers,BLUE REFECTORY CLOCK ,4
Lost Customers,BLUE ROSE FABRIC MIRROR,20
Lost Customers,BLUE ROSE PATCH PURSE PINK BUTTERFL,2
Lost Customers,BLUE ROUND COMPACT MIRROR,28
Lost Customers,BLUE SAVANNAH PICNIC HAMPER FOR 2,2
Lost Customers,BLUE SCANDINAVIAN PAISLEY WRAP,100
Lost Customers,BLUE SCOTTIE DOG W FLOWER PATTERN,9
Lost Customers,BLUE SPOT CERAMIC DRAWER KNOB,167
Lost Customers,BLUE SQUARE COMPACT MIRROR,12
Lost Customers,BLUE STONES ON WIRE FOR CANDLE,48
Lost Customers,BLUE STRIPE CERAMIC DRAWER KNOB,167
Lost Customers,BLUE STRIPES SHOULDER BAG,9
Lost Customers,BLUE SWEETHEART BRACELET,1
Lost Customers,BLUE TABLE RUN FLOWER,2
Lost Customers,BLUE TEA TOWEL CLASSIC DESIGN,41
Lost Customers,BLUE TILED TRAY,1
Lost Customers,BLUE TRAVEL FIRST AID KIT,11
Lost Customers,BLUE TV TRAY TABLE ,10
Lost Customers,BLUE VICTORIAN FABRIC OVAL BOX,12
Lost Customers,BLUE VINTAGE SPOT BEAKER,34
Lost Customers,BLUE/CREAM STRIPE CUSHION COVER ,54
Lost Customers,BLUE/YELLOW FLOWER DESIGN BIG MUG,6
Lost Customers,BOHEMIAN COLLAGE STATIONERY SET,44
Lost Customers,BOOM BOX SPEAKER BOYS,6
Lost Customers,BOOM BOX SPEAKER GIRLS,31
Lost Customers,BOOZE & WOMEN GREETING CARD ,36
Lost Customers,BOTANICAL LAVENDER BIRTHDAY CARD,24
Lost Customers,BOTANICAL LAVENDER GIFT WRAP ,25
Lost Customers,BOTANICAL LILY GREETING CARD,25
Lost Customers,BOTANICAL ROSE GREETING CARD,108
Lost Customers,BOTTLE BAG RETROSPOT ,113
Lost Customers,BOUDOIR SQUARE TISSUE BOX,51
Lost Customers,BOX OF 24 COCKTAIL PARASOLS,452
Lost Customers,BOX OF 6 ASSORTED COLOUR TEASPOONS,20
Lost Customers,BOX OF 9 PEBBLE CANDLES,68
Lost Customers,BOX OF VINTAGE ALPHABET BLOCKS,89
Lost Customers,BOX OF VINTAGE JIGSAW BLOCKS ,61
Lost Customers,BOX/12 CHICK & EGG IN BASKET,13
Lost Customers,BOYS VINTAGE TIN SEASIDE BUCKET,132
Lost Customers,BREAD BIN DINER STYLE IVORY,63
Lost Customers,BREAD BIN DINER STYLE MINT,51
Lost Customers,BREAD BIN DINER STYLE PINK,32
Lost Customers,BREAD BIN DINER STYLE RED ,45
Lost Customers,BRIGHT BLUES RIBBONS ,31
Lost Customers,BROCADE RING PURSE ,1570
Lost Customers,BROCANTE COAT RACK,17
Lost Customers,BROCANTE SHELF WITH HOOKS,13
Lost Customers,BROWN  PIRATE TREASURE CHEST ,4
Lost Customers,BROWN CHECK CAT DOORSTOP ,24
Lost Customers,BUBBLEGUM RING ASSORTED,180
Lost Customers,BUFFALO BILL TREASURE BOOK BOX,60
Lost Customers,BULL DOG BOTTLE OPENER,95
Lost Customers,BULL DOG BOTTLE TOP WALL CLOCK,12
Lost Customers,BUNDLE OF 3 ALPHABET EXERCISE BOOKS,48
Lost Customers,BUNDLE OF 3 RETRO NOTE BOOKS,65
Lost Customers,BUNDLE OF 3 SCHOOL EXERCISE BOOKS  ,31
Lost Customers,BUNNY DECORATION MAGIC GARDEN,96
Lost Customers,BUNNY EGG BOX,20
Lost Customers,BUNNY EGG GARLAND,129
Lost Customers,BUNNY WOODEN PAINTED WITH BIRD ,89
Lost Customers,BUNNY WOODEN PAINTED WITH FLOWER ,50
Lost Customers,"BUNTING , SPOTTY ",6
Lost Customers,BUTTERFLIES STICKERS,24
Lost Customers,BUTTERFLY CROCHET FOOD COVER,11
Lost Customers,BUTTERFLY HAIR BAND,6
Lost Customers,BUTTON BOX ,62
Lost Customers,BUTTONS AND STRIPES NOTEBOOK ,3
Lost Customers,Bank Charges,2
Lost Customers,CABIN BAG VINTAGE PAISLEY,6
Lost Customers,CABIN BAG VINTAGE RETROSPOT,15
Lost Customers,CACTI T-LIGHT CANDLES,256
Lost Customers,CAKE PLATE LOVEBIRD PINK,125
Lost Customers,CAKE PLATE LOVEBIRD WHITE,240
Lost Customers,CAKE STAND 3 TIER MAGIC GARDEN,48
Lost Customers,CAKE STAND LACE WHITE,1
Lost Customers,CAKE STAND LOVEBIRD 2 TIER PINK,10
Lost Customers,CAKE STAND LOVEBIRD 2 TIER WHITE,10
Lost Customers,CAKE STAND VICTORIAN FILIGREE MED,16
Lost Customers,CAKE STAND VICTORIAN FILIGREE SMALL,5
Lost Customers,CAKE STAND WHITE TWO TIER LACE,13
Lost Customers,CAKES AND BOWS GIFT  TAPE,74
Lost Customers,"CAKESTAND, 3 TIER, LOVEHEART",2
Lost Customers,CALENDAR FAMILY FAVOURITES,6
Lost Customers,CALENDAR IN SEASON DESIGN,62
Lost Customers,CALENDAR PAPER CUT DESIGN,140
Lost Customers,CAMOUFLAGE DESIGN TEDDY,54
Lost Customers,CAMOUFLAGE EAR MUFF HEADPHONES,2
Lost Customers,CAMOUFLAGE LED TORCH,96
Lost Customers,CAMPHOR WOOD PORTOBELLO MUSHROOM,23
Lost Customers,CANDLE PLATE LACE WHITE,18
Lost Customers,CANDLEHOLDER PINK HANGING HEART,338
Lost Customers,CANDY HEART HANGING DECORATION,36
Lost Customers,CANDY SHOP  STICKER SHEET,30
Lost Customers,CANDY SPOT BUNNY,5
Lost Customers,CANDY SPOT CUSHION COVER,6
Lost Customers,CANDY SPOT EGG WARMER HARE,24
Lost Customers,CANDY SPOT EGG WARMER RABBIT,18
Lost Customers,CANDY SPOT TEA COSY,24
Lost Customers,CARAVAN SQUARE TISSUE BOX,55
Lost Customers,CARD BILLBOARD FONT,264
Lost Customers,CARD BIRTHDAY COWBOY,169
Lost Customers,CARD CAT AND TREE ,84
Lost Customers,CARD CHRISTMAS VILLAGE,180
Lost Customers,CARD CIRCUS PARADE,168
Lost Customers,CARD DOG AND BALL ,60
Lost Customers,CARD DOLLY GIRL ,168
Lost Customers,CARD GINGHAM ROSE ,48
Lost Customers,CARD HOLDER GINGHAM HEART,34
Lost Customers,CARD I LOVE LONDON ,180
Lost Customers,CARD MOTORBIKE SANTA,288
Lost Customers,CARD PARTY GAMES ,48
Lost Customers,CARD PSYCHEDELIC APPLES,72
Lost Customers,CARD SUKI BIRTHDAY,96
Lost Customers,CARD WEDDING DAY,96
Lost Customers,CARDHOLDER HOLLY WREATH METAL,8
Lost Customers,CARNIVAL BRACELET,5
Lost Customers,CAROUSEL DESIGN WASHBAG,2
Lost Customers,CAROUSEL PONIES BABY BIB,5
Lost Customers,CARRIAGE,13
Lost Customers,CARROT CHARLIE+LOLA COASTER SET,22
Lost Customers,CARTOON  PENCIL SHARPENERS,80
Lost Customers,CAST IRON HOOK GARDEN FORK,9
Lost Customers,CAST IRON HOOK GARDEN TROWEL,9
Lost Customers,CAT BOWL VINTAGE CREAM,49
Lost Customers,CERAMIC BIRDHOUSE CRESTED TIT SMALL,20
Lost Customers,CERAMIC BOWL WITH LOVE HEART DESIGN,46
Lost Customers,CERAMIC BOWL WITH STRAWBERRY DESIGN,20
Lost Customers,CERAMIC CAKE BOWL + HANGING CAKES,56
Lost Customers,CERAMIC CAKE DESIGN SPOTTED MUG,135
Lost Customers,CERAMIC CAKE DESIGN SPOTTED PLATE,68
Lost Customers,CERAMIC CAKE STAND + HANGING CAKES,58
Lost Customers,CERAMIC CHERRY CAKE MONEY BANK,205
Lost Customers,CERAMIC HEART FAIRY CAKE MONEY BANK,161
Lost Customers,CERAMIC LOVE HEART MONEY BANK,35
Lost Customers,CERAMIC PIRATE CHEST MONEY BANK,58
Lost Customers,CERAMIC PLATE STRAWBERRY DESIGN,49
Lost Customers,CERAMIC STRAWBERRY CAKE MONEY BANK,206
Lost Customers,CERAMIC STRAWBERRY DESIGN MUG,54
Lost Customers,CERAMIC STRAWBERRY MONEY BOX,18
Lost Customers,CERAMIC STRAWBERRY TRINKET TRAY,6
Lost Customers,CHALKBOARD KITCHEN ORGANISER,2
Lost Customers,CHARLIE & LOLA WASTEPAPER BIN BLUE,12
Lost Customers,CHARLIE & LOLA WASTEPAPER BIN FLORA,79
Lost Customers,CHARLIE + LOLA BISCUITS TINS,35
Lost Customers,CHARLIE + LOLA RED HOT WATER BOTTLE,28
Lost Customers,CHARLIE AND LOLA FIGURES TINS,102
Lost Customers,CHARLIE AND LOLA TABLE TINS,43
Lost Customers,CHARLIE LOLA BLUE HOT WATER BOTTLE ,5
Lost Customers,CHARLIE+LOLA MY ROOM DOOR SIGN,12
Lost Customers,CHARLIE+LOLA PINK HOT WATER BOTTLE,19
Lost Customers,CHARLIE+LOLA RED HOT WATER BOTTLE ,7
Lost Customers,"CHARLIE+LOLA""EXTREMELY BUSY"" SIGN",36
Lost Customers,CHARLOTTE BAG ALPHABET  DESIGN,10
Lost Customers,CHARLOTTE BAG APPLES DESIGN,140
Lost Customers,CHARLOTTE BAG DOLLY GIRL DESIGN,360
Lost Customers,CHARLOTTE BAG PINK POLKADOT,153
Lost Customers,CHARLOTTE BAG SUKI DESIGN,440
Lost Customers,CHARLOTTE BAG VINTAGE ALPHABET ,89
Lost Customers,CHERRY BLOSSOM  DECORATIVE FLASK,19
Lost Customers,CHERRY BLOSSOM CANVAS ART PICTURE,2
Lost Customers,CHERRY BLOSSOM DECORATIVE FLASK,51
Lost Customers,CHERRY CROCHET FOOD COVER,31
Lost Customers,CHEST 7 DRAWER MA CAMPAGNE,10
Lost Customers,CHEST NATURAL WOOD 20 DRAWERS,6
Lost Customers,CHEST OF DRAWERS GINGHAM HEART ,23
Lost Customers,CHICK GREY HOT WATER BOTTLE,69
Lost Customers,CHILDREN'S APRON DOLLY GIRL ,205
Lost Customers,CHILDREN'S CIRCUS PARADE MUG,60
Lost Customers,CHILDREN'S SPACEBOY MUG,66
Lost Customers,CHILDRENS APRON APPLES DESIGN,121
Lost Customers,CHILDRENS APRON SPACEBOY DESIGN,243
Lost Customers,CHILDRENS CUTLERY CIRCUS PARADE,47
Lost Customers,CHILDRENS CUTLERY DOLLY GIRL ,90
Lost Customers,CHILDRENS CUTLERY POLKADOT BLUE,44
Lost Customers,CHILDRENS CUTLERY POLKADOT GREEN ,32
Lost Customers,CHILDRENS CUTLERY POLKADOT PINK,76
Lost Customers,CHILDRENS CUTLERY RETROSPOT RED ,34
Lost Customers,CHILDRENS CUTLERY SPACEBOY ,105
Lost Customers,CHILDRENS DOLLY GIRL MUG,95
Lost Customers,CHILDRENS GARDEN GLOVES BLUE,157
Lost Customers,CHILDRENS GARDEN GLOVES PINK,102
Lost Customers,CHILDS BREAKFAST SET CIRCUS PARADE,47
Lost Customers,CHILDS BREAKFAST SET DOLLY GIRL ,73
Lost Customers,CHILDS BREAKFAST SET SPACEBOY ,80
Lost Customers,CHILDS GARDEN BRUSH BLUE,37
Lost Customers,CHILDS GARDEN BRUSH PINK,48
Lost Customers,CHILDS GARDEN FORK BLUE ,196
Lost Customers,CHILDS GARDEN FORK PINK,189
Lost Customers,CHILDS GARDEN RAKE BLUE,31
Lost Customers,CHILDS GARDEN RAKE PINK,33
Lost Customers,CHILDS GARDEN SPADE BLUE,47
Lost Customers,CHILDS GARDEN SPADE PINK,46
Lost Customers,CHILDS GARDEN TROWEL BLUE ,172
Lost Customers,CHILDS GARDEN TROWEL PINK,183
Lost Customers,CHILLI LIGHTS,479
Lost Customers,CHINESE DRAGON PAPER LANTERNS,1005
Lost Customers,CHOC TRUFFLE GOLD TRINKET POT ,8
Lost Customers,CHOCOLATE 1 WICK MORRIS BOX CANDLE,26
Lost Customers,CHOCOLATE 3 WICK MORRIS BOX CANDLE,22
Lost Customers,CHOCOLATE BOX RIBBONS ,57
Lost Customers,CHOCOLATE CALCULATOR,66
Lost Customers,CHOCOLATE HOT WATER BOTTLE,172
Lost Customers,CHOCOLATE THIS WAY METAL SIGN,208
Lost Customers,CHRISTMAS CARD SCREEN PRINT ,12
Lost Customers,CHRISTMAS CARD SINGING ANGEL,24
Lost Customers,CHRISTMAS CARD STACK OF PRESENTS,24
Lost Customers,CHRISTMAS CRAFT HEART STOCKING ,30
Lost Customers,CHRISTMAS CRAFT LITTLE FRIENDS,27
Lost Customers,CHRISTMAS CRAFT TREE TOP ANGEL,17
Lost Customers,CHRISTMAS CRAFT WHITE FAIRY ,5
Lost Customers,CHRISTMAS DECOUPAGE CANDLE,21
Lost Customers,"CHRISTMAS GARLAND STARS,TREES",2
Lost Customers,CHRISTMAS GINGHAM HEART,74
Lost Customers,CHRISTMAS GINGHAM STAR,21
Lost Customers,CHRISTMAS GINGHAM TREE,14
Lost Customers,CHRISTMAS HANGING HEART WITH BELL,23
Lost Customers,CHRISTMAS HANGING STAR WITH BELL,8
Lost Customers,CHRISTMAS HANGING TREE WITH BELL,19
Lost Customers,CHRISTMAS LIGHTS 10 REINDEER,21
Lost Customers,CHRISTMAS LIGHTS 10 SANTAS ,3
Lost Customers,CHRISTMAS LIGHTS 10 VINTAGE BAUBLES,35
Lost Customers,CHRISTMAS METAL POSTCARD WITH BELLS,23
Lost Customers,CHRISTMAS METAL TAGS ASSORTED ,48
Lost Customers,CHRISTMAS MUSICAL ZINC HEART ,15
Lost Customers,CHRISTMAS MUSICAL ZINC STAR,12
Lost Customers,CHRISTMAS MUSICAL ZINC TREE,1
Lost Customers,CHRISTMAS PUDDING TRINKET POT ,22
Lost Customers,CHRISTMAS RETROSPOT ANGEL WOOD,9
Lost Customers,CHRISTMAS RETROSPOT HEART WOOD,17
Lost Customers,CHRISTMAS RETROSPOT STAR WOOD,7
Lost Customers,CHRISTMAS RETROSPOT TREE WOOD,13
Lost Customers,CHRISTMAS TABLE CANDLE SILVER SPIKE,16
Lost Customers,CHRISTMAS TOILET ROLL,29
Lost Customers,CHRISTMAS TREE DECORATION WITH BELL,1
Lost Customers,CHRISTMAS TREE HEART DECORATION,37
Lost Customers,CHRISTMAS TREE STAR DECORATION,36
Lost Customers,CHRISTMAS TREE T-LIGHT HOLDER,2
Lost Customers,CHRYSANTHEMUM  JOURNAL,6
Lost Customers,CHRYSANTHEMUM NOTEBOOK,7
Lost Customers,CHRYSANTHEMUM SKETCHBOOK ,6
Lost Customers,CHUNKY SILVER NECKLACE PASTEL FLOWE,5
Lost Customers,CINAMMON & ORANGE WREATH,7
Lost Customers,CINAMMON SET OF 9 T-LIGHTS,20
Lost Customers,CINDERELLA CHANDELIER ,3
Lost Customers,CINNAMON SCENTED VOTIVE CANDLE,1
Lost Customers,CIRCUS PARADE BABY GIFT SET,23
Lost Customers,CIRCUS PARADE CHILDRENS EGG CUP ,77
Lost Customers,CIRCUS PARADE LUNCH BOX ,175
Lost Customers,CITRONELLA CANDLE FLOWERPOT,115
Lost Customers,CITRONELLA CANDLE GARDEN POT,166
Lost Customers,CITRUS GARLAND FELT FLOWERS ,16
Lost Customers,CLAM SHELL LARGE,3
Lost Customers,CLAM SHELL SMALL ,21
Lost Customers,CLASSIC CAFE SUGAR DISPENSER,32
Lost Customers,CLASSIC FRENCH STYLE BASKET BROWN,23
Lost Customers,CLASSIC FRENCH STYLE BASKET GREEN ,28
Lost Customers,CLASSIC FRENCH STYLE BASKET NATURAL,44
Lost Customers,CLASSIC GLASS COOKIE JAR,62
Lost Customers,CLASSIC GLASS SWEET JAR,28
Lost Customers,CLASSIC METAL BIRDCAGE PLANT HOLDER,121
Lost Customers,CLASSIC SUGAR DISPENSER,36
Lost Customers,CLASSIC WHITE FRAME,5
Lost Customers,CLASSICAL ROSE CANDLESTAND,36
Lost Customers,CLASSICAL ROSE SMALL VASE,12
Lost Customers,CLEAR ACRYLIC FACETED BANGLE,1
Lost Customers,CLEAR DRAWER KNOB ACRYLIC EDWARDIAN,548
Lost Customers,CLEAR MILKSHAKE GLASS,14
Lost Customers,CLOCK MAGNET MUM'S KITCHEN,54
Lost Customers,CLOTHES PEGS RETROSPOT PACK 24 ,739
Lost Customers,COCKLE SHELL DISH,12
Lost Customers,COFFEE MUG APPLES DESIGN,192
Lost Customers,COFFEE MUG BLUE PAISLEY DESIGN,27
Lost Customers,COFFEE MUG CAT + BIRD DESIGN,116
Lost Customers,COFFEE MUG DOG + BALL DESIGN,88
Lost Customers,COFFEE MUG PEARS  DESIGN,154
Lost Customers,COFFEE MUG PINK PAISLEY DESIGN,30
Lost Customers,COFFEE SCENT PILLAR CANDLE,85
Lost Customers,COLOUR GLASS T-LIGHT HOLDER HANGING,1070
Lost Customers,COLOUR GLASS. STAR T-LIGHT HOLDER,73
Lost Customers,COLOURFUL FLOWER FRUIT BOWL,5
Lost Customers,COLOURING PENCILS BROWN TUBE,351
Lost Customers,COLUMBIAN  CUBE CANDLE ,48
Lost Customers,COLUMBIAN CANDLE RECTANGLE,4
Lost Customers,COLUMBIAN CANDLE ROUND,64
Lost Customers,COLUMBIAN CANDLE ROUND ,17
Lost Customers,COLUMBIAN CUBE CANDLE,1
Lost Customers,CONDIMENT TRAY 4 BOWLS AND 4 SPOONS,4
Lost Customers,COOK WITH WINE METAL SIGN ,308
Lost Customers,COOKING SET RETROSPOT,8
Lost Customers,COPPER/OLIVE GREEN FLOWER NECKLACE,3
Lost Customers,CORONA MEXICAN TRAY,8
Lost Customers,COSMETIC BAG VINTAGE ROSE PAISLEY,80
Lost Customers,COSY HOUR CIGAR BOX MATCHES ,95
Lost Customers,COSY HOUR GIANT TUBE MATCHES,36
Lost Customers,COSY SLIPPER SHOES SMALL  RED ,3
Lost Customers,COSY SLIPPER SHOES SMALL GREEN,7
Lost Customers,COTE D'AZURE NECKLACE,2
Lost Customers,COTTON APRON PANTRY DESIGN,99
Lost Customers,COWBOYS AND INDIANS BIRTHDAY CARD ,132
Lost Customers,CRACKED GLAZE NECKLACE IVORY,3
Lost Customers,CRACKED GLAZE NECKLACE RED,3
Lost Customers,CRAZY DAISY HEART DECORATION,23
Lost Customers,CREAM AND PINK FLOWERS PONY ,1
Lost Customers,CREAM CUPID HEARTS COAT HANGER,132
Lost Customers,CREAM DELPHINIUM ARTIFICIAL FLOWER,9
Lost Customers,CREAM FELT EASTER EGG BASKET,277
Lost Customers,CREAM HEART CARD HOLDER,172
Lost Customers,CREAM SLICE FLANNEL CHOCOLATE SPOT ,22
Lost Customers,CREAM SLICE FLANNEL PINK SPOT ,51
Lost Customers,CREAM SWEETHEART EGG HOLDER,124
Lost Customers,CREAM SWEETHEART LETTER RACK,1
Lost Customers,CREAM SWEETHEART MINI CHEST,100
Lost Customers,CREAM SWEETHEART WALL CABINET,4
Lost Customers,CREAM WALL PLANTER HEART SHAPED,76
Lost Customers,CROCHET BEAR RED/BLUE  KEYRING,15
Lost Customers,CROCHET DOG KEYRING,1
Lost Customers,CROCHET ROSE PURSE WITH SUEDE BACK,3
Lost Customers,CRYSTAL CHANDELIER T-LIGHT HOLDER,3
Lost Customers,CRYSTAL DIAMANTE EXPANDABLE RING,8
Lost Customers,CRYSTAL HOOP EARRING FLORAL LEAF,1
Lost Customers,CRYSTAL PAIR HEART HAIR SLIDES,5
Lost Customers,CRYSTAL STUD EARRINGS ASSORTED COL ,72
Lost Customers,CRYSTAL STUD EARRINGS CLEAR DISPLAY,72
Lost Customers,CUBIC MUG FLOCK BLUE ON BROWN,4
Lost Customers,CUBIC MUG FLOCK PINK ON BROWN,3
Lost Customers,CUBIC MUG PINK POLKADOT,18
Lost Customers,CUPBOARD 3 DRAWER MA CAMPAGNE,39
Lost Customers,CUPCAKE LACE PAPER SET 6,255
Lost Customers,CUPID DESIGN SCENTED CANDLES,19
Lost Customers,CUPID SCENTED CANDLE IN GLASS,5
Lost Customers,CURIOUS  IMAGES NOTEBOOK SET,29
Lost Customers,CURIOUS IMAGES GIFT WRAP SET,42
Lost Customers,CUSHION COVER PINK UNION JACK,20
Lost Customers,CUT GLASS HEXAGON T-LIGHT HOLDER,6
Lost Customers,CUTE CATS TAPE,76
Lost Customers,DAIRY MAID  PUDDING BOWL,4
Lost Customers,DAIRY MAID LARGE MILK JUG,30
Lost Customers,DAIRY MAID STRIPE MUG,138
Lost Customers,DAIRY MAID TOASTRACK,57
Lost Customers,DAIRY MAID TRADITIONAL TEAPOT ,22
Lost Customers,DAISIES  HONEYCOMB GARLAND ,53
Lost Customers,DAISY FOLKART HEART DECORATION,25
Lost Customers,DAISY GARDEN MARKER,75
Lost Customers,DAISY HAIR BAND,12
Lost Customers,DAISY NOTEBOOK ,9
Lost Customers,DANISH ROSE BEDSIDE CABINET,3
Lost Customers,DANISH ROSE DECORATIVE PLATE,81
Lost Customers,DANISH ROSE DELUXE COASTER,134
Lost Customers,DANISH ROSE FOLDING CHAIR,21
Lost Customers,DANISH ROSE PHOTO FRAME,81
Lost Customers,DANISH ROSE ROUND SEWING BOX,79
Lost Customers,DANISH ROSE TRINKET TRAYS,13
Lost Customers,DECORATION  BUTTERFLY  MAGIC GARDEN,96
Lost Customers,DECORATION  PINK CHICK MAGIC GARDEN,101
Lost Customers,"DECORATION , WOBBLY CHICKEN, METAL ",48
Lost Customers,"DECORATION , WOBBLY RABBIT , METAL ",57
Lost Customers,"DECORATION HEN ON NEST, HANGING",15
Lost Customers,DECORATION SITTING BUNNY,96
Lost Customers,DECORATION WHITE CHICK MAGIC GARDEN,206
Lost Customers,DECORATION WOBBLY CHICKEN,5
Lost Customers,DECORATION WOBBLY RABBIT METAL ,4
Lost Customers,DECORATIVE CATS BATHROOM BOTTLE,3
Lost Customers,DECORATIVE FLORE BATHROOM BOTTLE,18
Lost Customers,DECORATIVE PLANT POT WITH FRIEZE,22
Lost Customers,DECORATIVE ROSE BATHROOM BOTTLE,59
Lost Customers,"DECOUPAGE,GREETING CARD,",48
Lost Customers,DELUXE SEWING KIT ,76
Lost Customers,DENIM PATCH PURSE PINK BUTTERFLY,26
Lost Customers,DIAMANTE BOW BROOCH BLACK COLOUR,5
Lost Customers,DIAMANTE BOW BROOCH GREEN COLOUR,5
Lost Customers,DIAMANTE BOW BROOCH RED COLOUR,6
Lost Customers,DIAMANTE HAIR GRIP PACK/2 BLACK DIA,2
Lost Customers,DIAMANTE HAIR GRIP PACK/2 MONTANA,1
Lost Customers,DIAMANTE HAIR GRIP PACK/2 RUBY,3
Lost Customers,"DIAMANTE HEART SHAPED WALL MIRROR, ",1
Lost Customers,DINOSAUR HEIGHT CHART STICKER SET,26
Lost Customers,DINOSAUR KEYRINGS ASSORTED,505
Lost Customers,DINOSAUR LUNCH BOX WITH CUTLERY,40
Lost Customers,DINOSAUR PARTY BAG + STICKER SET,45
Lost Customers,DINOSAURS  WRITING SET ,35
Lost Customers,DISCO BALL CHRISTMAS DECORATION,130
Lost Customers,DISCO BALL ROTATOR BATTERY OPERATED,10
Lost Customers,DO NOT TOUCH MY STUFF DOOR HANGER ,32
Lost Customers,DOCTOR'S BAG SOFT TOY,60
Lost Customers,DOG BOWL CHASING BALL DESIGN,46
Lost Customers,DOG BOWL VINTAGE CREAM,47
Lost Customers,DOG TOY WITH PINK CROCHET SKIRT,11
Lost Customers,DOGGY RUBBER,6
Lost Customers,DOILEY STORAGE TIN,63
Lost Customers,DOLLCRAFT BOY JEAN-PAUL ,4
Lost Customers,DOLLCRAFT GIRL AMELIE,4
Lost Customers,DOLLCRAFT GIRL NICOLE,20
Lost Customers,DOLLY GIRL BABY GIFT SET,39
Lost Customers,DOLLY GIRL CHILDRENS BOWL,26
Lost Customers,DOLLY GIRL CHILDRENS CUP,26
Lost Customers,DOLLY GIRL CHILDRENS EGG CUP,114
Lost Customers,DOLLY GIRL LUNCH BOX,469
Lost Customers,DOLLY HONEYCOMB GARLAND,60
Lost Customers,DOLLY MIXTURE CHILDREN'S UMBRELLA,11
Lost Customers,DOOR HANGER  MUM + DADS ROOM,20
Lost Customers,DOORMAT 3 SMILEY CATS,115
Lost Customers,DOORMAT AIRMAIL ,53
Lost Customers,DOORMAT BLACK FLOCK ,20
Lost Customers,DOORMAT CHRISTMAS VILLAGE,4
Lost Customers,DOORMAT ENGLISH ROSE ,90
Lost Customers,DOORMAT FAIRY CAKE,49
Lost Customers,DOORMAT FANCY FONT HOME SWEET HOME,68
Lost Customers,DOORMAT HEARTS,119
Lost Customers,DOORMAT HOME SWEET HOME BLUE ,69
Lost Customers,DOORMAT I LOVE LONDON,12
Lost Customers,DOORMAT KEEP CALM AND COME IN,62
Lost Customers,DOORMAT MERRY CHRISTMAS RED ,1
Lost Customers,DOORMAT MULTICOLOUR STRIPE,57
Lost Customers,DOORMAT NEIGHBOURHOOD WITCH ,19
Lost Customers,DOORMAT NEW ENGLAND,134
Lost Customers,DOORMAT PEACE ON EARTH BLUE,4
Lost Customers,DOORMAT RED RETROSPOT,156
Lost Customers,DOORMAT RESPECTABLE HOUSE,34
Lost Customers,DOORMAT SPOTTY HOME SWEET HOME,99
Lost Customers,DOORMAT TOPIARY,118
Lost Customers,DOORMAT UNION FLAG,198
Lost Customers,DOORMAT UNION JACK GUNS AND ROSES,48
Lost Customers,DOORMAT VINTAGE LEAVES DESIGN ,17
Lost Customers,DOORMAT WELCOME PUPPIES,83
Lost Customers,DOORMAT WELCOME SUNRISE,20
Lost Customers,DOORMAT WELCOME TO OUR HOME,136
Lost Customers,DOORSTOP FOOTBALL DESIGN,7
Lost Customers,DOORSTOP RACING CAR DESIGN,16
Lost Customers,DOORSTOP RETROSPOT HEART,80
Lost Customers,DOUBLE CERAMIC PARLOUR HOOK,6
Lost Customers,DOUGHNUT LIP GLOSS ,360
Lost Customers,DOVE DECORATION PAINTED ZINC ,35
Lost Customers,DRAGONS BLOOD INCENSE,99
Lost Customers,DRAWER KNOB CERAMIC BLACK,12
Lost Customers,DRAWER KNOB CERAMIC IVORY,12
Lost Customers,DRAWER KNOB CERAMIC RED,12
Lost Customers,DRAWER KNOB CRACKLE GLAZE BLUE,6
Lost Customers,DRAWER KNOB CRACKLE GLAZE GREEN,12
Lost Customers,DRAWER KNOB CRACKLE GLAZE IVORY,6
Lost Customers,DROP DIAMANTE EARRINGS BLACK DIAMON,6
Lost Customers,DROP DIAMANTE EARRINGS CRYSTAL,7
Lost Customers,EASTER BUNNY GARLAND OF FLOWERS,105
Lost Customers,EASTER BUNNY HANGING GARLAND,5
Lost Customers,EASTER BUNNY WITH BASKET ON BACK,8
Lost Customers,EASTER BUNNY WREATH,9
Lost Customers,EASTER CRAFT 4 CHICKS ,357
Lost Customers,EASTER DECORATION EGG BUNNY ,57
Lost Customers,EASTER DECORATION HANGING BUNNY,119
Lost Customers,EASTER DECORATION NATURAL CHICK,98
Lost Customers,EASTER DECORATION SITTING BUNNY,60
Lost Customers,EASTER TIN BUCKET,8
Lost Customers,EASTER TIN BUNNY BOUQUET,105
Lost Customers,EASTER TIN CHICKS IN GARDEN,72
Lost Customers,EASTER TIN CHICKS PINK DAISY,116
Lost Customers,EASTER TIN KEEPSAKE,259
Lost Customers,EASTER TREE YELLOW BIRDS,5
Lost Customers,EAU DE NILE HEART SHAPE PHOTO FRAME,7
Lost Customers,EAU DE NILE JEWELLED PHOTOFRAME,14
Lost Customers,EAU DE NILE JEWELLED T-LIGHT HOLDER,17
Lost Customers,ECONOMY HOLIDAY PURSE,2
Lost Customers,ECONOMY LUGGAGE TAG,3
Lost Customers,EDWARDIAN DROP EARRINGS JET BLACK,1
Lost Customers,EDWARDIAN HEART PHOTO FRAME,8
Lost Customers,EDWARDIAN PARASOL BLACK,133
Lost Customers,EDWARDIAN PARASOL NATURAL,232
Lost Customers,EDWARDIAN PARASOL PINK,151
Lost Customers,EDWARDIAN PARASOL RED,128
Lost Customers,EDWARDIAN PHOTO FRAME,10
Lost Customers,EGG CUP NATURAL CHICKEN,28
Lost Customers,EGG FRYING PAN IVORY ,4
Lost Customers,EGG FRYING PAN PINK ,1
Lost Customers,EGG FRYING PAN RED ,2
Lost Customers,EIGHT PIECE CREEPY CRAWLIE SET,1
Lost Customers,EIGHT PIECE DINOSAUR SET,5
Lost Customers,EIGHT PIECE SNAKE  SET,21
Lost Customers,ELEPHANT CARNIVAL POUFFE,8
Lost Customers,ELEPHANT CLIP W SUCTION CUP,11
Lost Customers,"ELEPHANT, BIRTHDAY CARD, ",144
Lost Customers,ELVIS WALLHANGING / CURTAIN,8
Lost Customers,EMBOSSED GLASS TEALIGHT HOLDER,367
Lost Customers,EMERGENCY FIRST AID TIN ,252
Lost Customers,EMPIRE BIRTHDAY CARD,84
Lost Customers,EMPIRE DESIGN ROSETTE,30
Lost Customers,EMPIRE GIFT WRAP,175
Lost Customers,EMPIRE TISSUE BOX,43
Lost Customers,EMPIRE UNION JACK TV DINNER TRAY,4
Lost Customers,ENAMEL BLUE RIM BISCUIT BIN,3
Lost Customers,ENAMEL BLUE RIM COFFEE CONTAINER,18
Lost Customers,ENAMEL BLUE RIM TEA CONTAINER,1
Lost Customers,ENAMEL BREAD BIN CREAM,91
Lost Customers,ENAMEL COLANDER CREAM,58
Lost Customers,ENAMEL FIRE BUCKET CREAM,22
Lost Customers,ENAMEL FLOWER JUG CREAM,270
Lost Customers,ENAMEL MEASURING JUG CREAM,124
Lost Customers,ENAMEL PINK COFFEE CONTAINER,48
Lost Customers,ENAMEL PINK TEA CONTAINER,24
Lost Customers,ENAMEL WASH BOWL CREAM,80
Lost Customers,ENAMEL WATERING CAN CREAM,60
Lost Customers,ENCHANTED BIRD COATHANGER 5 HOOK,79
Lost Customers,ENCHANTED BIRD PLANT CAGE,10
Lost Customers,ENGLISH ROSE GARDEN SECATEURS,89
Lost Customers,ENGLISH ROSE HOT WATER BOTTLE,32
Lost Customers,ENGLISH ROSE METAL WASTE BIN,7
Lost Customers,ENGLISH ROSE NOTEBOOK A6 SIZE,4
Lost Customers,ENGLISH ROSE NOTEBOOK A7 SIZE,236
Lost Customers,ENGLISH ROSE SCENTED HANGING FLOWER,38
Lost Customers,ENGLISH ROSE SCENTED HANGING HEART,3
Lost Customers,ENGLISH ROSE SMALL SCENTED FLOWER,10
Lost Customers,ENGLISH ROSE SPIRIT LEVEL ,9
Lost Customers,ENVELOPE 50 BLOSSOM IMAGES,55
Lost Customers,ENVELOPE 50 CURIOUS IMAGES,15
Lost Customers,ENVELOPE 50 ROMANTIC IMAGES,3
Lost Customers,ESSENTIAL BALM 3.5g TIN IN ENVELOPE,14
Lost Customers,ETCHED GLASS COASTER,302
Lost Customers,EUCALYPTUS & PINECONE  WREATH,8
Lost Customers,FAIRY CAKE BIRTHDAY CANDLE SET,65
Lost Customers,FAIRY CAKE DESIGN UMBRELLA,38
Lost Customers,FAIRY CAKE FLANNEL ASSORTED COLOUR,215
Lost Customers,FAIRY CAKE NOTEBOOK A5 SIZE,17
Lost Customers,FAIRY CAKES NOTEBOOK A6 SIZE,69
Lost Customers,FAIRY CAKES NOTEBOOK A7 SIZE,167
Lost Customers,FAIRY DREAMS INCENSE ,75
Lost Customers,FAIRY SOAP SOAP HOLDER,10
Lost Customers,FAIRY TALE COTTAGE NIGHTLIGHT,27
Lost Customers,FAMILY ALBUM WHITE PICTURE FRAME,56
Lost Customers,FAMILY PHOTO FRAME CORNICE,74
Lost Customers,FAN BLACK FRAME ,5
Lost Customers,"FANCY FONT BIRTHDAY CARD, ",192
Lost Customers,FANCY FONTS BIRTHDAY WRAP,350
Lost Customers,FANNY'S REST STOPMETAL SIGN,64
Lost Customers,FAUX FUR CHOCOLATE THROW,13
Lost Customers,FAWN AND MUSHROOM GREETING CARD,12
Lost Customers,FAWN BLUE HOT WATER BOTTLE,73
Lost Customers,"FEATHER PEN,COAL BLACK",36
Lost Customers,"FEATHER PEN,HOT PINK",60
Lost Customers,"FEATHER PEN,LIGHT PINK",48
Lost Customers,FELT EGG COSY BLUE RABBIT ,70
Lost Customers,FELT EGG COSY CHICKEN,145
Lost Customers,FELT EGG COSY LADYBIRD ,60
Lost Customers,FELT EGG COSY WHITE RABBIT ,101
Lost Customers,FELT FARM ANIMAL CHICKEN,73
Lost Customers,FELT FARM ANIMAL HEN,31
Lost Customers,FELT FARM ANIMAL RABBIT,40
Lost Customers,FELT FARM ANIMAL SHEEP,25
Lost Customers,FELT FARM ANIMAL WHITE BUNNY ,41
Lost Customers,FELT TOADSTOOL  SMALL,13
Lost Customers,FELT TOADSTOOL LARGE,13
Lost Customers,FELTCRAFT 6 FLOWER FRIENDS,420
Lost Customers,FELTCRAFT BOY JEAN-PAUL KIT,11
Lost Customers,FELTCRAFT BUTTERFLY HEARTS,414
Lost Customers,FELTCRAFT CHRISTMAS FAIRY,98
Lost Customers,FELTCRAFT CUSHION BUTTERFLY,77
Lost Customers,FELTCRAFT CUSHION OWL,99
Lost Customers,FELTCRAFT CUSHION RABBIT,82
Lost Customers,FELTCRAFT DOLL EMILY,58
Lost Customers,FELTCRAFT DOLL MARIA,41
Lost Customers,FELTCRAFT DOLL MOLLY,131
Lost Customers,FELTCRAFT DOLL ROSIE,173
Lost Customers,FELTCRAFT GIRL AMELIE KIT,40
Lost Customers,FELTCRAFT GIRL NICOLE KIT,31
Lost Customers,FELTCRAFT HAIRBAND PINK AND BLUE,40
Lost Customers,FELTCRAFT HAIRBAND PINK AND PURPLE,94
Lost Customers,FELTCRAFT HAIRBAND RED AND BLUE,53
Lost Customers,FELTCRAFT HAIRBANDS PINK AND WHITE ,100
Lost Customers,FELTCRAFT PRINCESS CHARLOTTE DOLL,182
Lost Customers,FELTCRAFT PRINCESS LOLA DOLL,172
Lost Customers,FELTCRAFT PRINCESS OLIVIA DOLL,155
Lost Customers,FENG SHUI PILLAR CANDLE,201
Lost Customers,FILIGREE HEART BIRD WHITE ,72
Lost Customers,FILIGREE HEART BUTTERFLY WHITE ,96
Lost Customers,FILIGREE HEART DAISY WHITE,48
Lost Customers,FILIGRIS HEART WITH BUTTERFLY,337
Lost Customers,FINE WICKER HEART ,428
Lost Customers,FIRE POLISHED GLASS BRACELET GREEN,12
Lost Customers,FIRE POLISHED GLASS BRACELET MONTAN,6
Lost Customers,FIRE POLISHED GLASS BRACELET RED,6
Lost Customers,FIRE POLISHED GLASS NECKL BRONZE,1
Lost Customers,FIRE POLISHED GLASS NECKL GOLD,1
Lost Customers,FIRST AID TIN,210
Lost Customers,FIRST CLASS HOLIDAY PURSE ,6
Lost Customers,FIRST CLASS LUGGAGE TAG ,6
Lost Customers,FIVE CATS HANGING DECORATION,40
Lost Customers,FIVE HEART HANGING DECORATION,65
Lost Customers,FLAMES SUNGLASSES PINK LENSES,9
Lost Customers,FLOOR CUSHION ELEPHANT CARNIVAL,4
Lost Customers,FLOOR LAMP SHADE WOOD BASE,1
Lost Customers,FLORAL BLUE MONSTER,1
Lost Customers,FLORAL FOLK STATIONERY SET,47
Lost Customers,FLORAL PINK MONSTER,1
Lost Customers,FLORAL SOFT CAR TOY,1
Lost Customers,FLOWER BLUE CLOCK WITH SUCKER,3
Lost Customers,FLOWER BURST SILVER RING CRYSTAL,1
Lost Customers,"FLOWER FAIRY,5 SUMMER B'DRAW LINERS",19
Lost Customers,FLOWER GARLAND NECKLACE RED,3
Lost Customers,"FLOWER GLASS GARLAND NECKL.36""BLACK",7
Lost Customers,"FLOWER GLASS GARLAND NECKL.36""GREEN",3
Lost Customers,"FLOWER GLASS GARLD NECKL36""TURQUOIS",4
Lost Customers,FLOWER PURPLE CLOCK W/SUCKER,3
Lost Customers,FLOWER PURPLE CLOCK WITH SUCKER,2
Lost Customers,FLOWER VINE RAFFIA FOOD COVER,21
Lost Customers,FLOWERS  STICKERS,30
Lost Customers,FLOWERS CHANDELIER T-LIGHT HOLDER,10
Lost Customers,FLOWERS HANDBAG blue and orange,2
Lost Customers,FLOWERS TILE HOOK,6
Lost Customers,FLUTED ANTIQUE CANDLE HOLDER,72
Lost Customers,FLYING PIG WATERING CAN,9
Lost Customers,FOLDING BUTTERFLY MIRROR HOT PINK ,25
Lost Customers,FOLDING BUTTERFLY MIRROR IVORY ,43
Lost Customers,FOLDING BUTTERFLY MIRROR RED  ,13
Lost Customers,FOLDING CAMPING SCISSOR W/KNIF & S,12
Lost Customers,FOLDING SHOE TIDY,2
Lost Customers,FOLDING UMBRELLA BLACKBLUE POLKADOT,9
Lost Customers,FOLDING UMBRELLA CHOCOLATE POLKADOT,9
Lost Customers,FOLDING UMBRELLA CREAM POLKADOT,6
Lost Customers,FOLDING UMBRELLA PINKWHITE POLKADOT,10
Lost Customers,FOLDING UMBRELLA RED/WHITE POLKADOT,18
Lost Customers,FOLDING UMBRELLA WHITE/RED POLKADOT,8
Lost Customers,FOLK ART METAL STAR T-LIGHT HOLDER,12
Lost Customers,FOLK FELT HANGING MULTICOL GARLAND,3
Lost Customers,FOLKART HEART NAPKIN RINGS,90
Lost Customers,FOLKART STAR CHRISTMAS DECORATIONS,48
Lost Customers,FOLKART ZINC HEART CHRISTMAS DEC,179
Lost Customers,FOOD CONTAINER SET 3 LOVE HEART ,71
Lost Customers,FOOD COVER WITH BEADS SET 2 ,99
Lost Customers,FOOD/DRINK SPONGE STICKERS,168
Lost Customers,FORKED CACTUS CANDLE,7
Lost Customers,FOUR HOOK  WHITE LOVEBIRDS,66
Lost Customers,FOUR RABBIT EASTER DECORATIONS,12
Lost Customers,FRAPPUCINO SCARF KNITTING KIT,26
Lost Customers,FREESTYLE CANVAS ART PICTURE,2
Lost Customers,FRENCH BATHROOM SIGN BLUE METAL,121
Lost Customers,FRENCH BLUE METAL DOOR SIGN 0,50
Lost Customers,FRENCH BLUE METAL DOOR SIGN 1,57
Lost Customers,FRENCH BLUE METAL DOOR SIGN 2,39
Lost Customers,FRENCH BLUE METAL DOOR SIGN 3,34
Lost Customers,FRENCH BLUE METAL DOOR SIGN 4,35
Lost Customers,FRENCH BLUE METAL DOOR SIGN 5,55
Lost Customers,FRENCH BLUE METAL DOOR SIGN 6,32
Lost Customers,FRENCH BLUE METAL DOOR SIGN 7,34
Lost Customers,FRENCH BLUE METAL DOOR SIGN 8,34
Lost Customers,FRENCH BLUE METAL DOOR SIGN 9,37
Lost Customers,FRENCH BLUE METAL DOOR SIGN No,17
Lost Customers,FRENCH CARRIAGE LANTERN,8
Lost Customers,FRENCH CHATEAU LARGE PLATTER ,16
Lost Customers,FRENCH CHATEAU OVAL PLATTER,4
Lost Customers,FRENCH CHATEAU SMALL FRUITBOWL,12
Lost Customers,FRENCH ENAMEL CANDLEHOLDER,69
Lost Customers,FRENCH ENAMEL POT W LID,33
Lost Customers,FRENCH ENAMEL UTENSIL HOLDER,3
Lost Customers,FRENCH ENAMEL WATER BASIN,38
Lost Customers,FRENCH FLORAL CUSHION COVER ,42
Lost Customers,FRENCH GARDEN SIGN BLUE METAL,66
Lost Customers,FRENCH KITCHEN SIGN BLUE METAL,82
Lost Customers,FRENCH LATTICE CUSHION COVER ,24
Lost Customers,FRENCH LAUNDRY SIGN BLUE METAL,67
Lost Customers,FRENCH LAVENDER SCENT HEART,117
Lost Customers,FRENCH PAISLEY CUSHION COVER,12
Lost Customers,FRENCH PAISLEY CUSHION COVER ,24
Lost Customers,FRENCH STYLE EMBOSSED HEART CABINET,3
Lost Customers,FRENCH STYLE STORAGE JAR BONBONS,156
Lost Customers,FRENCH STYLE STORAGE JAR CAFE ,102
Lost Customers,FRENCH TOILET SIGN BLUE METAL,129
Lost Customers,FRENCH WC SIGN BLUE METAL,127
Lost Customers,FRESHWATER PEARL BRACELET GOLD,3
Lost Customers,FRIDGE MAGNETS LA VIE EN ROSE,114
Lost Customers,FRIDGE MAGNETS LES ENFANTS ASSORTED,132
Lost Customers,FRIDGE MAGNETS US DINER ASSORTED,252
Lost Customers,FROG CANDLE,18
Lost Customers,FROSTED WHITE BASE ,30
Lost Customers,FRUIT TREE AND BIRDS WALL PLAQUE,2
Lost Customers,FRYING PAN BLUE POLKADOT,1
Lost Customers,FRYING PAN PINK POLKADOT,14
Lost Customers,FRYING PAN RED RETROSPOT,22
Lost Customers,FRYING PAN UNION FLAG,40
Lost Customers,FULL ENGLISH BREAKFAST PLATE,53
Lost Customers,FUNKY DIVA PEN,528
Lost Customers,FUNKY MONKEY GIFT BAG MEDIUM,12
Lost Customers,FUNKY WASHING UP GLOVES ASSORTED,79
Lost Customers,FUSCHIA FLOWER PURSE WITH BEADS,5
Lost Customers,FUSCHIA RETRO BAR STOOL,1
Lost Customers,FUSCHIA TABLE RUN FLOWER ,4
Lost Customers,FUSCHIA VOILE POINTY SHOE DEC,41
Lost Customers,GAOLERS KEYS DECORATIVE GARDEN ,37
Lost Customers,GARAGE KEY FOB,10
Lost Customers,GARDEN METAL SIGN ,15
Lost Customers,GARDEN PATH JOURNAL,17
Lost Customers,GARDEN PATH POCKET BOOK,1
Lost Customers,GARDEN PATH SKETCHBOOK,14
Lost Customers,GARDENERS KNEELING PAD CUP OF TEA ,84
Lost Customers,GARDENERS KNEELING PAD KEEP CALM ,125
Lost Customers,GARDENIA 1 WICK MORRIS BOXED CANDLE,22
Lost Customers,GARDENIA 3 WICK MORRIS BOXED CANDLE,23
Lost Customers,GARLAND WITH HEARTS AND BELLS,11
Lost Customers,GARLAND WITH STARS AND BELLS,1
Lost Customers,GARLAND WOODEN HAPPY EASTER,227
Lost Customers,GEMSTONE CHANDELIER T-LIGHT HOLDER,4
Lost Customers,GENTLEMAN SHIRT REPAIR KIT ,62
Lost Customers,GEORGIAN TRINKET BOX,7
Lost Customers,GIANT 50'S CHRISTMAS CRACKER,5
Lost Customers,GIFT BAG BIRTHDAY,120
Lost Customers,GIFT BAG PSYCHEDELIC APPLES,24
Lost Customers,GIN & TONIC DIET GREETING CARD ,132
Lost Customers,GIN + TONIC DIET METAL SIGN,455
Lost Customers,GIN AND TONIC MUG,55
Lost Customers,GINGERBREAD MAN COOKIE CUTTER,360
Lost Customers,GINGHAM BABUSHKA DOORSTOP,23
Lost Customers,GINGHAM HEART  DOORSTOP RED,48
Lost Customers,GINGHAM HEART DECORATION,329
Lost Customers,GINGHAM ROSE WRAP,350
Lost Customers,GIRAFFE WOODEN RULER,97
Lost Customers,GIRLS ALPHABET IRON ON PATCHES ,864
Lost Customers,GIRLS VINTAGE TIN SEASIDE BUCKET,131
Lost Customers,GLAMOROUS  MUG,32
Lost Customers,GLASS  BEURRE DISH,48
Lost Customers,GLASS  SONGBIRD STORAGE JAR,10
Lost Customers,GLASS APOTHECARY BOTTLE ELIXIR,26
Lost Customers,GLASS APOTHECARY BOTTLE PERFUME,27
Lost Customers,GLASS APOTHECARY BOTTLE TONIC,40
Lost Customers,GLASS BEAD HOOP EARRINGS AMETHYST,4
Lost Customers,GLASS BEAD HOOP EARRINGS BLACK,4
Lost Customers,GLASS BEAD HOOP NECKLACE AMETHYST,1
Lost Customers,GLASS BEAD HOOP NECKLACE BLACK,2
Lost Customers,GLASS BEAD HOOP NECKLACE GREEN,1
Lost Customers,GLASS BEAD HOOP NECKLACE MONTANA,1
Lost Customers,GLASS BELL JAR LARGE,2
Lost Customers,GLASS BELL JAR SMALL,4
Lost Customers,GLASS BON BON JAR,49
Lost Customers,GLASS BONNE JAM JAR,3
Lost Customers,GLASS CHALICE BLUE SMALL ,141
Lost Customers,GLASS CHALICE GREEN  LARGE ,11
Lost Customers,GLASS CHALICE GREEN  SMALL ,7
Lost Customers,GLASS CLOCHE LARGE,103
Lost Customers,GLASS CLOCHE SMALL,27
Lost Customers,GLASS HEART T-LIGHT HOLDER ,137
Lost Customers,GLASS JAR DAISY FRESH COTTON WOOL,31
Lost Customers,GLASS JAR DIGESTIVE BISCUITS,68
Lost Customers,GLASS JAR ENGLISH CONFECTIONERY,107
Lost Customers,GLASS JAR KINGS CHOICE,17
Lost Customers,GLASS JAR MARMALADE ,46
Lost Customers,GLASS JAR PEACOCK BATH SALTS,36
Lost Customers,GLASS SPHERE CANDLE STAND MEDIUM,8
Lost Customers,GLASS STAR FROSTED T-LIGHT HOLDER,36
Lost Customers,GLASS TWIST BON BON JAR,12
Lost Customers,GLITTER BUTTERFLY CLIPS,180
Lost Customers,GLITTER CHRISTMAS HEART ,1
Lost Customers,GLITTER CHRISTMAS TREE,1
Lost Customers,GLITTER HANGING BUTTERFLY STRING,111
Lost Customers,GLITTER HEART DECORATION,3
Lost Customers,GLITTER HEART GARLAND WITH BELLS ,14
Lost Customers,GLITTER STAR GARLAND WITH BELLS ,2
Lost Customers,GLOW IN DARK DOLPHINS,4
Lost Customers,GOLD COSMETIC BAG PINK STAR,1
Lost Customers,GOLD EAR MUFF HEADPHONES,4
Lost Customers,GOLD FISHING GNOME,7
Lost Customers,GOLD FLOWER CUSHION COVER ,8
Lost Customers,GOLD M PEARL  ORBIT NECKLACE,1
Lost Customers,GOLD M.O.P ORBIT DROP EARRINGS,3
Lost Customers,GOLD MINI TAPE MEASURE ,21
Lost Customers,GOLD MUG BONE CHINA TREE OF LIFE,42
Lost Customers,GOLD PRINT PAPER BAG,19
Lost Customers,GOLD SCROLL GLASS T-LIGHT HOLDER,20
Lost Customers,GOLD STANDING GNOME,1
Lost Customers,GOLD WINE GOBLET,24
Lost Customers,GOLD/AMBER DROP EARRINGS W LEAF,6
Lost Customers,GOLD/M.O.P PENDANT ORBIT NECKLACE,3
Lost Customers,GOLDIE LOOKING MIRROR,6
Lost Customers,GRAND CHOCOLATECANDLE,542
Lost Customers,GRASS HOPPER WOODEN WALL CLOCK ,29
Lost Customers,GREEN 3 PIECE POLKADOT CUTLERY SET,55
Lost Customers,GREEN BIRDHOUSE DECORATION,17
Lost Customers,GREEN CHRISTMAS TREE CARD HOLDER,16
Lost Customers,GREEN CHRISTMAS TREE STRING 20LIGHT,1
Lost Customers,GREEN DRAWER KNOB ACRYLIC EDWARDIAN,110
Lost Customers,GREEN DROP EARRINGS W BEAD CLUSTER,4
Lost Customers,GREEN EASTER EGG HUNT START POST,7
Lost Customers,GREEN ENAMEL FLOWER RING,6
Lost Customers,GREEN FERN JOURNAL ,6
Lost Customers,GREEN FERN NOTEBOOK,4
Lost Customers,GREEN FERN POCKET BOOK,4
Lost Customers,GREEN FERN SKETCHBOOK ,15
Lost Customers,GREEN GEISHA GIRL ,4
Lost Customers,GREEN GIANT GARDEN THERMOMETER,41
Lost Customers,GREEN GLASS TASSLE BAG CHARM,2
Lost Customers,GREEN GOOSE FEATHER CHRISTMAS TREE ,6
Lost Customers,GREEN HEART COMPACT MIRROR,48
Lost Customers,GREEN HEART OF GLASS BRACELET,7
Lost Customers,GREEN JUICY FRUIT PHOTO FRAME,9
Lost Customers,GREEN METAL BOX ARMY SUPPLIES,16
Lost Customers,GREEN METAL BOX TOP SECRET,2
Lost Customers,GREEN METAL SWINGING BUNNY,28
Lost Customers,GREEN MURANO TWIST BRACELET,4
Lost Customers,GREEN PENDANT TRIPLE SHELL NECKLACE,1
Lost Customers,GREEN POLKADOT BOWL,73
Lost Customers,GREEN POLKADOT PLATE ,52
Lost Customers,GREEN REGENCY TEACUP AND SAUCER,652
Lost Customers,GREEN ROSE WASHBAG,8
Lost Customers,GREEN ROUND COMPACT MIRROR,24
Lost Customers,GREEN SQUARE COMPACT MIRROR,29
Lost Customers,GREEN SWEETHEART BRACELET,2
Lost Customers,GREEN VINTAGE SPOT BEAKER,24
Lost Customers,GREEN WIRE STANDING CANDLE HOLDER,4
Lost Customers,GREEN/BLUE FLOWER DESIGN BIG MUG,4
Lost Customers,"GREETING CARD, OVERCROWDED POOL.",24
Lost Customers,"GREETING CARD, STICKY GORDON",36
Lost Customers,"GREETING CARD,SQUARE, DOUGHNUTS",12
Lost Customers,GREY FLORAL FELTCRAFT SHOULDER BAG,65
Lost Customers,GREY HEART HOT WATER BOTTLE,240
Lost Customers,GROW A FLYTRAP OR SUNFLOWER IN TIN,744
Lost Customers,GROW YOUR OWN BASIL IN ENAMEL MUG,82
Lost Customers,GROW YOUR OWN FLOWERS SET OF 3,15
Lost Customers,GROW YOUR OWN HERBS SET OF 3,14
Lost Customers,GROW YOUR OWN PLANT IN A CAN ,106
Lost Customers,GUMBALL COAT RACK,285
Lost Customers,GUMBALL MAGAZINE RACK,33
Lost Customers,GUMBALL MONOCHROME COAT RACK,10
Lost Customers,GYMKHANA TREASURE BOOK BOX,43
Lost Customers,GYMKHANNA TREASURE BOOK BOX,24
Lost Customers,HAIRCLIPS FORTIES FABRIC ASSORTED,132
Lost Customers,HAND OPEN SHAPE GOLD,11
Lost Customers,HAND OVER THE CHOCOLATE   SIGN ,718
Lost Customers,HAND TOWEL PALE BLUE W FLOWERS,4
Lost Customers,HAND WARMER BABUSHKA DESIGN,289
Lost Customers,HAND WARMER BIRD DESIGN,239
Lost Customers,HAND WARMER OWL DESIGN,108
Lost Customers,HAND WARMER RED POLKA DOT,12
Lost Customers,HAND WARMER RED RETROSPOT,134
Lost Customers,HAND WARMER SCOTTY DOG DESIGN,77
Lost Customers,HAND WARMER UNION JACK,115
Lost Customers,HANGING BAUBLE T-LIGHT HOLDER LARGE,4
Lost Customers,HANGING BAUBLE T-LIGHT HOLDER SMALL,49
Lost Customers,HANGING CHICK  YELLOW DECORATION,179
Lost Customers,HANGING CHICK CREAM DECORATION,206
Lost Customers,HANGING CHICK GREEN DECORATION,247
Lost Customers,HANGING ENGRAVED METAL HEART,29
Lost Customers,HANGING FAIRY CAKE DECORATION,27
Lost Customers,HANGING GLASS ETCHED TEALIGHT,54
Lost Customers,HANGING HEART BASKET,1
Lost Customers,HANGING HEART JAR T-LIGHT HOLDER,1182
Lost Customers,HANGING HEART MIRROR DECORATION ,234
Lost Customers,HANGING HEART ZINC T-LIGHT HOLDER,575
Lost Customers,HANGING HEN ON NEST DECORATION,184
Lost Customers,HANGING JAM JAR T-LIGHT HOLDER,654
Lost Customers,HANGING MEDINA LANTERN SMALL,21
Lost Customers,HANGING METAL CHICKEN DECORATION,53
Lost Customers,HANGING METAL HEART LANTERN,345
Lost Customers,HANGING METAL RABBIT DECORATION,114
Lost Customers,HANGING METAL STAR LANTERN,98
Lost Customers,HANGING PHOTO CLIP ROPE LADDER,17
Lost Customers,HANGING RIDGE GLASS T-LIGHT HOLDER,36
Lost Customers,HANGING SPRING FLOWER EGG LARGE,209
Lost Customers,HANGING SPRING FLOWER EGG SMALL,163
Lost Customers,HANGING WOOD AND FELT BUTTERFLY ,52
Lost Customers,HANGING WOOD AND FELT FLOWER,31
Lost Customers,HANGING WOOD AND FELT HEART,29
Lost Customers,HAPPY EASTER HANGING DECORATION,26
Lost Customers,HAPPY STENCIL CRAFT,103
Lost Customers,HARDMAN MUG 3 ASSORTED,6
Lost Customers,HAWAIIAN GRASS SKIRT ,21
Lost Customers,HEADS AND TAILS SPORTING FUN,179
Lost Customers,HEART BEADED TRELLIS DECORATION,31
Lost Customers,HEART BUTTONS JEWELLERY BOX,2
Lost Customers,HEART CALCULATOR,55
Lost Customers,HEART DECORATION PAINTED ZINC ,225
Lost Customers,HEART DECORATION RUSTIC HANGING ,155
Lost Customers,HEART DECORATION WITH PEARLS ,239
Lost Customers,HEART FILIGREE DOVE  SMALL,393
Lost Customers,HEART FILIGREE DOVE LARGE,239
Lost Customers,HEART GARLAND RUSTIC PADDED,3
Lost Customers,HEART IVORY TRELLIS LARGE,332
Lost Customers,HEART IVORY TRELLIS SMALL,298
Lost Customers,HEART OF WICKER LARGE,610
Lost Customers,HEART OF WICKER SMALL,1356
Lost Customers,HEART SHAPE WIRELESS DOORBELL,29
Lost Customers,HEART SHAPED HOLLY WREATH,4
Lost Customers,HEART STRING MEMO HOLDER HANGING,1
Lost Customers,HEART T-LIGHT HOLDER ,10
Lost Customers,HEART WOODEN CHRISTMAS DECORATION,30
Lost Customers,HEART WREATH DECORATION WITH BELL,12
Lost Customers,HEARTS  STICKERS,89
Lost Customers,HEARTS GIFT TAPE,74
Lost Customers,HEARTS WRAPPING TAPE ,4
Lost Customers,HEAVENS SCENT FRAGRANCE OILS ASSTD,72
Lost Customers,HELLO SAILOR BATHROOM SET,1
Lost Customers,HELLO SAILOR BLUE SOAP HOLDER,25
Lost Customers,HEN HOUSE DECORATION,189
Lost Customers,HEN HOUSE W CHICK STANDING,60
Lost Customers,HEN PARTY CORDON BARRIER TAPE,4
Lost Customers,HERB MARKER BASIL,157
Lost Customers,HERB MARKER CHIVES ,172
Lost Customers,HERB MARKER MINT,196
Lost Customers,HERB MARKER PARSLEY,171
Lost Customers,HERB MARKER ROSEMARY,182
Lost Customers,HERB MARKER THYME,170
Lost Customers,HI TEC ALPINE HAND WARMER,6
Lost Customers,HILDA CANDY SPOT RABBIT,5
Lost Customers,HIPPY CHIC DECORATIVE PARASOL,13
Lost Customers,HOLIDAY FUN LUDO,62
Lost Customers,HOLLY TOP CHRISTMAS STOCKING,5
Lost Customers,HOME BUILDING BLOCK WORD,211
Lost Customers,HOME GARLAND PAINTED ZINC ,88
Lost Customers,HOME SMALL WOOD LETTERS,37
Lost Customers,HOME SWEET HOME METAL SIGN ,230
Lost Customers,HOME SWEET HOME MUG,239
Lost Customers,HOMEMADE JAM SCENTED CANDLES,1335
Lost Customers,"HOOK, 1 HANGER ,MAGIC GARDEN",82
Lost Customers,HOT BATHS METAL SIGN,209
Lost Customers,HOT BATHS SOAP HOLDER,61
Lost Customers,HOT WATER BOTTLE BABUSHKA ,157
Lost Customers,HOT WATER BOTTLE BABUSHKA LARGE,8
Lost Customers,HOT WATER BOTTLE I AM SO POORLY,150
Lost Customers,HOT WATER BOTTLE TEA AND SYMPATHY,40
Lost Customers,HOUSE SHAPE PENCIL SHARPENER,12
Lost Customers,HOUSE WRECKING METAL SIGN ,6
Lost Customers,HYACINTH BULB T-LIGHT CANDLES,64
Lost Customers,I CAN ONLY PLEASE ONE PERSON MUG,163
Lost Customers,I LOVE LONDON BABY GIFT SET,33
Lost Customers,I'M ON HOLIDAY METAL SIGN,190
Lost Customers,ICE CREAM DESIGN GARDEN PARASOL,8
Lost Customers,ICE CREAM PEN LIP GLOSS ,240
Lost Customers,ICE CREAM SUNDAE LIP GLOSS,624
Lost Customers,ICON MUG REVOLUTIONARY,14
Lost Customers,IF YOU CAN'T STAND THE HEAT MUG,181
Lost Customers,ILLUSTRATED CAT BOWL ,36
Lost Customers,INCENSE BAZAAR PEACH,6
Lost Customers,INFLATABLE POLITICAL GLOBE ,26
Lost Customers,IVORY CAFE HANGING LAMP ,10
Lost Customers,IVORY CHANDELIER T-LIGHT HOLDER,7
Lost Customers,IVORY DINER WALL CLOCK,70
Lost Customers,IVORY EMBROIDERED QUILT ,10
Lost Customers,IVORY ENCHANTED FOREST PLACEMAT,50
Lost Customers,IVORY GIANT GARDEN THERMOMETER,97
Lost Customers,IVORY HANGING DECORATION  BIRD,162
Lost Customers,IVORY HANGING DECORATION  EGG,47
Lost Customers,IVORY HANGING DECORATION  HEART,448
Lost Customers,IVORY KITCHEN SCALES,149
Lost Customers,IVORY KNITTED MUG COSY ,8
Lost Customers,IVORY LOVE BIRD CANDLE,31
Lost Customers,IVORY PAPER CUP CAKE CASES ,52
Lost Customers,IVORY PENDANT TRIPLE SHELL NECKLACE,3
Lost Customers,IVORY PILLAR CANDLE GOLD FLOCK,12
Lost Customers,IVORY PILLAR CANDLE SILVER FLOCK,25
Lost Customers,IVORY REFECTORY CLOCK,1
Lost Customers,IVORY SCULPTED RND CANDLE ,1
Lost Customers,IVORY STRING CURTAIN WITH POLE ,4
Lost Customers,IVORY SWEETHEART SOAP DISH,1
Lost Customers,IVORY SWEETHEART WIRE LETTER RACK ,19
Lost Customers,IVORY WIRE KITCHEN ORGANISER,10
Lost Customers,IVORY WIRE SWEETHEART LETTER TRAY,10
Lost Customers,IVY HEART WREATH,6
Lost Customers,JAM CLOCK MAGNET,30
Lost Customers,JAM JAR WITH GREEN LID,386
Lost Customers,JAM JAR WITH PINK LID,419
Lost Customers,JAM MAKING SET PRINTED,1150
Lost Customers,JAM MAKING SET WITH JARS,784
Lost Customers,JARDIN ETCHED GLASS BUTTER DISH,1
Lost Customers,JARDIN ETCHED GLASS CHEESE DISH,10
Lost Customers,JARDIN ETCHED GLASS FRUITBOWL,13
Lost Customers,JARDIN ETCHED GLASS LARGE BELL JAR,4
Lost Customers,JARDIN ETCHED GLASS SMALL BELL JAR,12
Lost Customers,JASMINE VOTIVE CANDLE,48
Lost Customers,JAZZ HEARTS ADDRESS BOOK,77
Lost Customers,JAZZ HEARTS PURSE NOTEBOOK,230
Lost Customers,JET BLACK LAS VEGAS BRACELET ROUND,3
Lost Customers,JET BLACK LAS VEGAS NECKLACE 45CM,2
Lost Customers,JIGSAW RABBIT AND BIRDHOUSE,60
Lost Customers,JIGSAW TOADSTOOLS 3 PIECE,22
Lost Customers,JIGSAW TREE WITH BIRDHOUSE,131
Lost Customers,JIGSAW TREE WITH WATERING CAN,28
Lost Customers,JINGLE BELL HEART ANTIQUE SILVER,4
Lost Customers,JINGLE BELL HEART DECORATION,73
Lost Customers,JINGLE BELLS TREE DECORATION,3
Lost Customers,JOY LARGE WOOD LETTERS,18
Lost Customers,JOY WOODEN BLOCK LETTERS,10
Lost Customers,JUMBO  BAG BAROQUE BLACK WHITE,790
Lost Customers,JUMBO BAG 50'S CHRISTMAS ,13
Lost Customers,JUMBO BAG ALPHABET,155
Lost Customers,JUMBO BAG APPLES,133
Lost Customers,JUMBO BAG CHARLIE AND LOLA TOYS,47
Lost Customers,JUMBO BAG DOILEY PATTERNS,148
Lost Customers,JUMBO BAG DOLLY GIRL DESIGN,95
Lost Customers,JUMBO BAG OWLS,495
Lost Customers,JUMBO BAG PEARS,50
Lost Customers,JUMBO BAG PINK POLKADOT,564
Lost Customers,JUMBO BAG PINK VINTAGE PAISLEY,560
Lost Customers,JUMBO BAG RED RETROSPOT,1079
Lost Customers,JUMBO BAG SCANDINAVIAN BLUE PAISLEY,186
Lost Customers,JUMBO BAG SCANDINAVIAN PAISLEY,312
Lost Customers,JUMBO BAG SPACEBOY DESIGN,348
Lost Customers,JUMBO BAG STRAWBERRY,683
Lost Customers,JUMBO BAG TOYS ,299
Lost Customers,JUMBO BAG VINTAGE LEAF,101
Lost Customers,JUMBO BAG WOODLAND ANIMALS,365
Lost Customers,JUMBO SHOPPER VINTAGE RED PAISLEY,432
Lost Customers,JUMBO STORAGE BAG SKULLS,219
Lost Customers,JUMBO STORAGE BAG SUKI,544
Lost Customers,JUNGLE POPSICLES ICE LOLLY HOLDERS,12
Lost Customers,JUNGLE POPSICLES ICE LOLLY MOULDS,52
Lost Customers,KEEP OUT BOYS DOOR HANGER ,19
Lost Customers,KENSINGTON COFFEE SET,7
Lost Customers,KEY CABINET MA CAMPAGNE,35
Lost Customers,"KEY FOB , BACK DOOR ",197
Lost Customers,"KEY FOB , FRONT  DOOR ",167
Lost Customers,"KEY FOB , GARAGE DESIGN",341
Lost Customers,"KEY FOB , SHED",336
Lost Customers,KIDS RAIN MAC BLUE,26
Lost Customers,KIDS RAIN MAC PINK,50
Lost Customers,KINGS CHOICE BISCUIT TIN,60
Lost Customers,KINGS CHOICE GIANT TUBE MATCHES,39
Lost Customers,KINGS CHOICE MUG,92
Lost Customers,KINGS CHOICE TEA CADDY ,77
Lost Customers,KITCHEN FLOWER POTS WALL PLAQUE,4
Lost Customers,KITCHEN METAL SIGN,205
Lost Customers,KITTENS DESIGN FLANNEL,4
Lost Customers,KITTY PENCIL ERASERS,64
Lost Customers,KNEELING MAT HOUSEWORK  DESIGN,26
Lost Customers,KNICKERBOCKERGLORY MAGNET ASSORTED ,228
Lost Customers,KNITTED UNION FLAG HOT WATER BOTTLE,77
Lost Customers,LA PALMIERA TILE COASTER,36
Lost Customers,LA PALMIERA TILE HOOK,5
Lost Customers,LA PALMIERA WALL THERMOMETER,2
Lost Customers,LADIES & GENTLEMEN METAL SIGN,281
Lost Customers,LADLE LOVE HEART PINK,6
Lost Customers,LADLE LOVE HEART RED ,6
Lost Customers,LADS ONLY TISSUE BOX,15
Lost Customers,LADYBIRD + BEE RAFFIA FOOD COVER,16
Lost Customers,LANTERN CREAM GAZEBO ,177
Lost Customers,LARGE  TALL CAMPHOR WOOD TOADSTOOL ,7
Lost Customers,LARGE ANTIQUE WHITE PHOTO FRAME,31
Lost Customers,LARGE APOTHECARY MEASURING JAR ,1
Lost Customers,LARGE CAKE STAND  HANGING STRAWBERY,41
Lost Customers,LARGE CAKE STAND HANGING HEARTS,52
Lost Customers,LARGE CAKE TOWEL CHOCOLATE SPOTS,59
Lost Customers,LARGE CAKE TOWEL PINK SPOTS,65
Lost Customers,"LARGE CAKE TOWEL, CHOCOLATE SPOTS",3
Lost Customers,LARGE CAMPHOR WOOD FIELD MUSHROOM ,6
Lost Customers,LARGE CERAMIC TOP STORAGE JAR,152
Lost Customers,LARGE CHINESE STYLE SCISSOR,299
Lost Customers,LARGE CIRCULAR MIRROR MOBILE,1097
Lost Customers,LARGE DECO JEWELLERY STAND,16
Lost Customers,LARGE HANGING IVORY & RED WOOD BIRD,32
Lost Customers,LARGE HEART MEASURING SPOONS,213
Lost Customers,LARGE IVORY HEART WALL ORGANISER,20
Lost Customers,LARGE JEWELLERY STAND,6
Lost Customers,LARGE MEDINA STAMPED METAL BOWL ,39
Lost Customers,LARGE PINK GLASS SUNDAE DISH,80
Lost Customers,LARGE POPCORN HOLDER ,59
Lost Customers,LARGE PURPLE BABUSHKA NOTEBOOK  ,74
Lost Customers,LARGE RED BABUSHKA NOTEBOOK ,65
Lost Customers,LARGE RED RETROSPOT WINDMILL,163
Lost Customers,LARGE ROUND WICKER PLATTER ,13
Lost Customers,LARGE SKULL WINDMILL,13
Lost Customers,LARGE STRIPES CHOCOLATE GIFT BAG,48
Lost Customers,LARGE TORTILLA DESIGN RED BOWL,14
Lost Customers,LARGE WHITE HEART OF WICKER,57
Lost Customers,LARGE WHITE HONEYCOMB PAPER BELL  ,85
Lost Customers,LARGE WHITE/PINK ROSE ART FLOWER,48
Lost Customers,LARGE YELLOW BABUSHKA NOTEBOOK ,20
Lost Customers,LARGE ZINC HEART WALL ORGANISER,6
Lost Customers,LASER CUT MULTI STRAND NECKLACE,1
Lost Customers,LAUNDRY 15C METAL SIGN,154
Lost Customers,LAVENDER INCENSE IN TIN,16
Lost Customers,LAVENDER SCENT CAKE CANDLE,48
Lost Customers,LAVENDER SCENTED FABRIC HEART,208
Lost Customers,LE GRAND TRAY CHIC SET,18
Lost Customers,LED TEA LIGHTS,85
Lost Customers,LETS GO SHOPPING COTTON TOTE BAG,13
Lost Customers,LETTER SHAPE PENCIL SHARPENER,95
Lost Customers,LIGHT GARLAND BUTTERFILES PINK,81
Lost Customers,LIGHTHOUSE PRINTED METAL SIGN,2
Lost Customers,LILAC DIAMANTE PEN IN GIFT BOX,1
Lost Customers,LILAC GAUZE BUTTERFLY LAMPSHADE,1
Lost Customers,LILAC VOTIVE CANDLE,48
Lost Customers,LILY BROOCH AMETHYST COLOUR,1
Lost Customers,LIPSTICK PEN BABY PINK,18
Lost Customers,LIPSTICK PEN FUSCHIA,94
Lost Customers,LIPSTICK PEN RED,317
Lost Customers,LITTLE GREEN MONSTER SOFT TOY,2
Lost Customers,LITTLE PINK MONSTER SOFT TOY,2
Lost Customers,LOCAL CAFE MUG,19
Lost Customers,LOLITA  DESIGN  COTTON TOTE BAG,1
Lost Customers,LONDON BUS COFFEE MUG,147
Lost Customers,LONG SILVER NECKLACE PASTEL FLOWER,3
Lost Customers,LOVE BUILDING BLOCK WORD,163
Lost Customers,LOVE GARLAND PAINTED ZINC ,73
Lost Customers,LOVE HEART NAPKIN BOX ,25
Lost Customers,LOVE HEART POCKET WARMER,122
Lost Customers,LOVE HEART SOCK HANGER,73
Lost Customers,LOVE HEART TRINKET POT,226
Lost Customers,LOVE LARGE WOOD LETTERS ,17
Lost Customers,LOVE POTION MASALA INCENSE,100
Lost Customers,LOVE SEAT ANTIQUE WHITE METAL,4
Lost Customers,LOVEBIRD HANGING DECORATION WHITE ,256
Lost Customers,LOVELY BONBON STICKER SHEET,74
Lost Customers,LUNCH BAG  BLACK SKULL.,483
Lost Customers,LUNCH BAG ALPHABET DESIGN,105
Lost Customers,LUNCH BAG APPLE DESIGN,256
Lost Customers,LUNCH BAG CARS BLUE,544
Lost Customers,LUNCH BAG DOILEY PATTERN ,345
Lost Customers,LUNCH BAG DOLLY GIRL DESIGN,397
Lost Customers,LUNCH BAG PINK POLKADOT,444
Lost Customers,LUNCH BAG RED RETROSPOT,844
Lost Customers,LUNCH BAG SPACEBOY DESIGN ,448
Lost Customers,LUNCH BAG SUKI  DESIGN ,378
Lost Customers,LUNCH BAG SUKI DESIGN ,381
Lost Customers,LUNCH BAG VINTAGE LEAF DESIGN,121
Lost Customers,LUNCH BAG WOODLAND,549
Lost Customers,LUNCH BOX I LOVE LONDON,215
Lost Customers,LUNCH BOX WITH CUTLERY FAIRY CAKES ,11
Lost Customers,LUNCH BOX WITH CUTLERY RETROSPOT ,186
Lost Customers,LUSH GREENS RIBBONS,6
Lost Customers,MA CAMPAGNE CUTLERY BOX,33
Lost Customers,MADRAS NOTEBOOK LARGE ,4
Lost Customers,MADRAS NOTEBOOK MEDIUM,6
Lost Customers,MAGAZINE RACK GEBRA ASSORTED ,72
Lost Customers,MAGIC DRAWING SLATE BAKE A CAKE ,654
Lost Customers,MAGIC DRAWING SLATE BUNNIES ,56
Lost Customers,MAGIC DRAWING SLATE CIRCUS PARADE  ,833
Lost Customers,MAGIC DRAWING SLATE DINOSAUR,78
Lost Customers,MAGIC DRAWING SLATE DOLLY GIRL ,123
Lost Customers,MAGIC DRAWING SLATE GO TO THE FAIR ,80
Lost Customers,MAGIC DRAWING SLATE LEAP FROG ,11
Lost Customers,MAGIC DRAWING SLATE PURDEY,752
Lost Customers,MAGIC DRAWING SLATE SPACEBOY ,776
Lost Customers,MAGIC GARDEN FELT GARLAND ,42
Lost Customers,MAGIC SHEEP WOOL GROWING FROM PAPER,30
Lost Customers,MAGIC TREE -PAPER FLOWERS,1
Lost Customers,MAGNETS PACK OF 4 CHILDHOOD MEMORY,123
Lost Customers,MAGNETS PACK OF 4 HOME SWEET HOME,83
Lost Customers,MAGNETS PACK OF 4 RETRO PHOTO,112
Lost Customers,MAGNETS PACK OF 4 SWALLOWS,109
Lost Customers,MAGNETS PACK OF 4 VINTAGE COLLAGE,94
Lost Customers,MAGNETS PACK OF 4 VINTAGE LABELS ,100
Lost Customers,MAKE YOUR OWN FLOWERPOWER CARD KIT,34
Lost Customers,MAKE YOUR OWN MONSOON CARD KIT,90
Lost Customers,MAKE YOUR OWN PLAYTIME CARD KIT,45
Lost Customers,MAN FLU METAL SIGN,110
Lost Customers,MARIE ANTOINETTE TRINKET BOX GOLD,2
Lost Customers,MARIE ANTOINETTE TRINKET BOX SILVER,3
Lost Customers,MEASURING TAPE BABUSHKA BLUE,21
Lost Customers,MEASURING TAPE BABUSHKA PINK,17
Lost Customers,MEASURING TAPE BABUSHKA RED,24
Lost Customers,MEDINA STAMPED METAL STOOL,7
Lost Customers,MEDIUM CERAMIC TOP STORAGE JAR,97
Lost Customers,MEDIUM CHINESE STYLE SCISSOR,110
Lost Customers,MEDIUM MEDINA STAMPED METAL BOWL ,24
Lost Customers,MEDIUM PINK BUDDHA HEAD ,7
Lost Customers,MEDIUM WHITE/PINK ROSE ART FLOWER,24
Lost Customers,MEMO BOARD COTTAGE DESIGN,105
Lost Customers,MEMO BOARD RETROSPOT  DESIGN,85
Lost Customers,METAL 4 HOOK HANGER FRENCH CHATEAU,174
Lost Customers,METAL BASE FOR CANDLES,10
Lost Customers,METAL DECORATION NAUGHTY CHILDREN ,106
Lost Customers,METAL MERRY CHRISTMAS WREATH,7
Lost Customers,METAL RABBIT LADDER EASTER ,1
Lost Customers,METAL SIGN CUPCAKE SINGLE HOOK,109
Lost Customers,METAL SIGN EMPIRE TEA,113
Lost Customers,METAL SIGN HER DINNER IS SERVED ,36
Lost Customers,METAL SIGN HIS DINNER IS SERVED,21
Lost Customers,METAL SIGN NEIGHBOURHOOD WITCH ,67
Lost Customers,METAL SIGN TAKE IT OR LEAVE IT ,223
Lost Customers,"METAL SIGN,CUPCAKE SINGLE HOOK",155
Lost Customers,METAL TUBE CHIME ON BAMBOO,463
Lost Customers,MIDNIGHT BLUE COPPER FLOWER NECKLAC,3
Lost Customers,MIDNIGHT BLUE GLASS/SILVER BRACELET,1
Lost Customers,MIDNIGHT BLUE PAIR HEART HAIR SLIDE,1
Lost Customers,MIDNIGHT GLAMOUR SCARF KNITTING KIT,24
Lost Customers,MILK BOTTLE WITH GLASS STOPPER ,4
Lost Customers,MILK PAN PINK POLKADOT,5
Lost Customers,MILK PAN RED RETROSPOT,18
Lost Customers,MINI  ZINC GARDEN DECORATIONS ,60
Lost Customers,MINI CAKE STAND  HANGING STRAWBERY,137
Lost Customers,MINI CAKE STAND T-LIGHT HOLDER,148
Lost Customers,MINI CAKE STAND WITH HANGING CAKES,153
Lost Customers,MINI FUNKY DESIGN TAPES,125
Lost Customers,MINI JIGSAW BAKE A CAKE ,556
Lost Customers,MINI JIGSAW BUNNIES,38
Lost Customers,MINI JIGSAW CIRCUS PARADE ,699
Lost Customers,MINI JIGSAW DINOSAUR ,120
Lost Customers,MINI JIGSAW DOLLY GIRL,172
Lost Customers,MINI JIGSAW GO TO THE FAIR,99
Lost Customers,MINI JIGSAW LEAP FROG,27
Lost Customers,MINI JIGSAW PURDEY,748
Lost Customers,MINI JIGSAW SPACEBOY,833
Lost Customers,MINI LADLE LOVE HEART RED ,3
Lost Customers,MINI PAINT SET VINTAGE ,2161
Lost Customers,MINI PAINTED GARDEN DECORATION ,144
Lost Customers,MINI WOODEN HAPPY BIRTHDAY GARLAND,91
Lost Customers,MINIATURE ANTIQUE ROSE HOOK IVORY,175
Lost Customers,MINITURE ANTIQUE ROSE HOOK IVORY,12
Lost Customers,MINT DINER WALL CLOCK,2
Lost Customers,MINT GREEN ROSE TOWEL,8
Lost Customers,MINT KITCHEN SCALES,78
Lost Customers,MIRROR CORNICE,5
Lost Customers,MIRROR LOVE BIRD T-LIGHT HOLDER,1
Lost Customers,MIRROR MOSAIC HURRICANE LAMP ,15
Lost Customers,MIRROR MOSAIC T-LIGHT HOLDER ,33
Lost Customers,MIRROR MOSAIC T-LIGHT HOLDER ROUND,12
Lost Customers,MIRROR MOSAIC VOTIVE HOLDER,7
Lost Customers,MIRRORED DISCO BALL ,18
Lost Customers,MIRRORED WALL ART FOXY,2
Lost Customers,MIRRORED WALL ART GENTS,3
Lost Customers,MIRRORED WALL ART LADIES,2
Lost Customers,MIRRORED WALL ART PHOTO FRAMES,10
Lost Customers,MIRRORED WALL ART POPPIES,13
Lost Customers,MIRRORED WALL ART SKULLS,14
Lost Customers,MIRRORED WALL ART SNOWFLAKES,60
Lost Customers,MIRRORED WALL ART SPLODGES,4
Lost Customers,MIRRORED WALL ART STARS,12
Lost Customers,MIRRORED WALL ART TABLE LAMP,7
Lost Customers,MISTLETOE HEART WREATH CREAM,9
Lost Customers,MISTLETOE HEART WREATH GREEN,7
Lost Customers,MIXED NUTS LIGHT GREEN BOWL,2
Lost Customers,MOBILE VINTAGE HEARTS ,22
Lost Customers,MODERN FLORAL STATIONERY SET,52
Lost Customers,MONEY BOX BISCUITS DESIGN,76
Lost Customers,MONEY BOX CONFECTIONERY DESIGN,6
Lost Customers,MONEY BOX FIRST ADE DESIGN,3
Lost Customers,MONEY BOX HOUSEKEEPING DESIGN,34
Lost Customers,MONEY BOX KINGS CHOICE DESIGN,52
Lost Customers,MONEY BOX POCKET MONEY DESIGN,56
Lost Customers,MONSTERS STENCIL CRAFT,80
Lost Customers,MOODY BOY  DOOR HANGER ,37
Lost Customers,MOODY GIRL DOOR HANGER ,53
Lost Customers,MOP PENDANT SHELL NECKLACE,4
Lost Customers,MORE BUTTER METAL SIGN ,21
Lost Customers,MOROCCAN BEATEN METAL DISH,2
Lost Customers,MOROCCAN BEATEN METAL DISH LARGE,2
Lost Customers,MOROCCAN TEA GLASS,678
Lost Customers,MOTHER'S KITCHEN SPOON REST ,13
Lost Customers,MOTORING TISSUE BOX,59
Lost Customers,MOUSE TOY WITH PINK T-SHIRT,48
Lost Customers,MOUSEY LONG LEGS SOFT TOY,3
Lost Customers,MR ROBOT SOFT TOY,11
Lost Customers,MRS ROBOT SOFT TOY,13
Lost Customers,MULTI COLOUR SILVER T-LIGHT HOLDER,1139
Lost Customers,MULTI HEARTS  STICKERS,18
Lost Customers,MULTICOLOUR  CONFETTI IN TUBE,12
Lost Customers,MULTICOLOUR 3D BALLS GARLAND,17
Lost Customers,MULTICOLOUR EASTER RABBIT ,2
Lost Customers,MULTICOLOUR HONEYCOMB FAN,129
Lost Customers,MULTICOLOUR HONEYCOMB PAPER GARLAND,67
Lost Customers,MULTICOLOUR RABBIT EGG WARMER,29
Lost Customers,MULTICOLOUR SPRING FLOWER MUG,146
Lost Customers,MURANO STYLE GLASS BRACELET BLACK,4
Lost Customers,MURANO STYLE GLASS BRACELET RED,3
Lost Customers,MUSICAL ZINC HEART DECORATION ,14
Lost Customers,Manual,153
Lost Customers,NAMASTE SWAGAT INCENSE,84
Lost Customers,NATURAL SLATE CHALKBOARD LARGE ,155
Lost Customers,NATURAL SLATE HEART CHALKBOARD ,653
Lost Customers,NATURAL SLATE RECTANGLE CHALKBOARD,226
Lost Customers,NECKLACE+BRACELET SET FRUIT SALAD ,3
Lost Customers,NEW BAROQUE B'FLY NECKLACE CRYSTAL,2
Lost Customers,NEW BAROQUE B'FLY NECKLACE GREEN,2
Lost Customers,NEW BAROQUE BLACK PHOTO ALBUM,2
Lost Customers,NEW BAROQUE SMALL NECKLACE BLACK,2
Lost Customers,NEW ENGLAND MUG W GIFT BOX,1
Lost Customers,NEWSPAPER STAND,1
Lost Customers,NINJA RABBIT BLACK,3
Lost Customers,NINJA RABBIT PINK,12
Lost Customers,NO JUNK MAIL METAL SIGN,216
Lost Customers,NO SINGING METAL SIGN,326
Lost Customers,NOEL WOODEN BLOCK LETTERS ,8
Lost Customers,NOVELTY BISCUITS CAKE STAND 3 TIER,57
Lost Customers,NUMBER TILE COTTAGE GARDEN 0 ,16
Lost Customers,NUMBER TILE COTTAGE GARDEN 1,17
Lost Customers,NUMBER TILE COTTAGE GARDEN 2,16
Lost Customers,NUMBER TILE COTTAGE GARDEN 3 ,17
Lost Customers,NUMBER TILE COTTAGE GARDEN 4,16
Lost Customers,NUMBER TILE COTTAGE GARDEN 5,17
Lost Customers,NUMBER TILE COTTAGE GARDEN 6,17
Lost Customers,NUMBER TILE COTTAGE GARDEN 7,16
Lost Customers,NUMBER TILE COTTAGE GARDEN 8,17
Lost Customers,NUMBER TILE COTTAGE GARDEN 9,19
Lost Customers,NUMBER TILE COTTAGE GARDEN No,13
Lost Customers,NUMBER TILE VINTAGE FONT 2,2
Lost Customers,NURSE'S BAG SOFT TOY,31
Lost Customers,"NURSERY A,B,C PAINTED LETTERS",13
Lost Customers,Next Day Carriage,4
Lost Customers,OCEAN SCENT CANDLE IN JEWELLED BOX,18
Lost Customers,OCEAN STRIPE HAMMOCK ,2
Lost Customers,OFFICE MUG WARMER BLACK+SILVER ,12
Lost Customers,OFFICE MUG WARMER CHOC+BLUE,21
Lost Customers,OFFICE MUG WARMER PINK,3
Lost Customers,OFFICE MUG WARMER POLKADOT,19
Lost Customers,OLD DOC RUSSEL METAL SIGN,9
Lost Customers,OPEN CLOSED METAL SIGN,60
Lost Customers,ORANGE SCENTED SET/9 T-LIGHTS,20
Lost Customers,ORANGE TV TRAY TABLE ,9
Lost Customers,ORANGE VOTIVE CANDLE,48
Lost Customers,ORANGE/WHT/FUSCHIA STONES NECKLACE,6
Lost Customers,ORGANISER WOOD ANTIQUE WHITE ,34
Lost Customers,ORIGAMI JASMINE INCENSE/CANDLE SET,25
Lost Customers,ORIGAMI LAVENDER INCENSE/CANDL SET ,25
Lost Customers,ORIGAMI OPIUM INCENSE/CANDLE SET ,24
Lost Customers,ORIGAMI ROSE INCENSE IN TUBE,13
Lost Customers,ORIGAMI SANDLEWOOD INCENSE/CAND SET,24
Lost Customers,ORIGAMI VANILLA INCENSE CONES,124
Lost Customers,ORIGAMI VANILLA INCENSE/CANDLE SET ,25
Lost Customers,OVEN MITT APPLES DESIGN,52
Lost Customers,OVERNIGHT BAG VINTAGE ROSE PAISLEY,6
Lost Customers,OWL DOORSTOP,22
Lost Customers,OYSTER TRINKET BOX,3
Lost Customers,PACK 20 ENGLISH ROSE PAPER NAPKINS,70
Lost Customers,PACK 3 BOXES BIRD PANNETONE ,209
Lost Customers,PACK 3 BOXES CHRISTMAS PANNETONE,83
Lost Customers,PACK 3 IRON ON DOG PATCHES,2
Lost Customers,PACK 6 HEART/ICE-CREAM PATCHES,7
Lost Customers,PACK OF 12 BLUE PAISLEY TISSUES ,293
Lost Customers,PACK OF 12 CIRCUS PARADE TISSUES ,76
Lost Customers,PACK OF 12 COLOURED PENCILS,193
Lost Customers,PACK OF 12 HEARTS DESIGN TISSUES ,768
Lost Customers,PACK OF 12 LONDON TISSUES ,402
Lost Customers,PACK OF 12 PINK PAISLEY TISSUES ,275
Lost Customers,PACK OF 12 PINK POLKADOT TISSUES,448
Lost Customers,PACK OF 12 RED RETROSPOT TISSUES ,737
Lost Customers,PACK OF 12 SKULL TISSUES,391
Lost Customers,PACK OF 12 SPACEBOY TISSUES,337
Lost Customers,PACK OF 12 STICKY BUNNIES,155
Lost Customers,PACK OF 12 SUKI TISSUES ,380
Lost Customers,PACK OF 12 TRADITIONAL CRAYONS,1297
Lost Customers,PACK OF 12 WOODLAND TISSUES ,297
Lost Customers,PACK OF 20 NAPKINS PANTRY DESIGN,573
Lost Customers,PACK OF 20 NAPKINS RED APPLES,152
Lost Customers,PACK OF 20 SKULL PAPER NAPKINS,78
Lost Customers,PACK OF 20 SPACEBOY NAPKINS,124
Lost Customers,PACK OF 6 BIRDY GIFT TAGS,338
Lost Customers,PACK OF 6 COCKTAIL PARASOL STRAWS,48
Lost Customers,PACK OF 6 HANDBAG GIFT BOXES,101
Lost Customers,PACK OF 6 LARGE FRUIT STRAWS ,84
Lost Customers,PACK OF 6 PANNETONE GIFT BOXES,334
Lost Customers,PACK OF 6 SANDCASTLE FLAGS ASSORTED,238
Lost Customers,PACK OF 6 SKULL PAPER CUPS,67
Lost Customers,PACK OF 6 SKULL PAPER PLATES,65
Lost Customers,PACK OF 6 SMALL FRUIT STRAWS,26
Lost Customers,PACK OF 6 SWEETIE GIFT BOXES,170
Lost Customers,PACK OF 60 DINOSAUR CAKE CASES,593
Lost Customers,PACK OF 60 MUSHROOM CAKE CASES,241
Lost Customers,PACK OF 60 PINK PAISLEY CAKE CASES,942
Lost Customers,PACK OF 60 SPACEBOY CAKE CASES,558
Lost Customers,PACK OF 72 RETROSPOT CAKE CASES,1890
Lost Customers,PACK OF 72 SKULL CAKE CASES,570
Lost Customers,PACK/12 BLUE FOLKART CARDS,2
Lost Customers,PACK/12 XMAS FUN CARD,17
Lost Customers,PADS TO MATCH ALL CUSHIONS,1
Lost Customers,PAINT YOUR OWN CANVAS SET,129
Lost Customers,PAINTED METAL HEART WITH HOLLY BELL,7
Lost Customers,PAINTED METAL PEARS ASSORTED,588
Lost Customers,PAINTED METAL STAR WITH HOLLY BELLS,3
Lost Customers,PAINTED PINK RABBIT ,49
Lost Customers,PAINTED SEA SHELL METAL WINDCHIME,62
Lost Customers,PAINTED YELLOW WOODEN DAISY,31
Lost Customers,PAIR BUTTERFLY HAIR CLIPS,12
Lost Customers,PAIR OF ENAMEL BUTTERFLY HAIRCLIP,6
Lost Customers,PAIR PADDED HANGERS PINK CHECK,6
Lost Customers,PAISLEY PATTERN  STICKERS,12
Lost Customers,PALE PINK/AMETHYST STONE NECKLACE,3
Lost Customers,PANDA AND BUNNIES STICKER SHEET,12
Lost Customers,PANTRY APPLE CORER,45
Lost Customers,PANTRY MAGNETIC  SHOPPING LIST,67
Lost Customers,PANTRY PASTRY BRUSH,84
Lost Customers,PANTRY ROLLING PIN,167
Lost Customers,PANTRY SCRUBBING BRUSH,292
Lost Customers,PANTRY WASHING UP BRUSH,244
Lost Customers,PAPER BUNTING COLOURED LACE,171
Lost Customers,PAPER BUNTING RETROSPOT,392
Lost Customers,PAPER BUNTING VINTAGE PAISLEY,162
Lost Customers,PAPER BUNTING WHITE LACE,232
Lost Customers,PAPER CHAIN KIT 50'S CHRISTMAS ,331
Lost Customers,PAPER CHAIN KIT EMPIRE,990
Lost Customers,PAPER CHAIN KIT LONDON,22
Lost Customers,PAPER CHAIN KIT RETROSPOT,220
Lost Customers,PAPER CHAIN KIT SKULLS ,98
Lost Customers,PAPER CHAIN KIT VINTAGE CHRISTMAS,227
Lost Customers,PAPER LANTERN 5 POINT SEQUIN STAR,8
Lost Customers,PAPER LANTERN 5 POINT STAR MOON ,1
Lost Customers,PAPER LANTERN 5 POINT STAR MOON 30,4
Lost Customers,PAPER LANTERN 5 POINT STUDDED STAR,2
Lost Customers,PAPER LANTERN 6 POINT SNOW STAR,8
Lost Customers,PAPER LANTERN 7 POINT SNOW STAR,7
Lost Customers,PAPER LANTERN 9 POINT DELUXE STAR,7
Lost Customers,PAPER LANTERN 9 POINT HOLLY STAR 23,2
Lost Customers,PAPER LANTERN 9 POINT HOLLY STAR 40,4
Lost Customers,PAPER LANTERN 9 POINT HOLLY STAR L,6
Lost Customers,PAPER LANTERN 9 POINT HOLLY STAR S,9
Lost Customers,PAPER LANTERN 9 POINT SNOW STAR,10
Lost Customers,PAPER LANTERN 9 POINT SNOW STAR ,11
Lost Customers,PAPER POCKET TRAVELING FAN ,288
Lost Customers,PAPERWEIGHT HOME SWEET HOME,18
Lost Customers,PAPERWEIGHT KINGS CHOICE ,24
Lost Customers,PAPERWEIGHT VINTAGE COLLAGE,18
Lost Customers,PAPERWEIGHT VINTAGE PAISLEY,12
Lost Customers,PARISIENNE CURIO CABINET,20
Lost Customers,PARISIENNE JEWELLERY DRAWER ,32
Lost Customers,PARISIENNE KEY CABINET ,37
Lost Customers,PARISIENNE SEWING BOX,16
Lost Customers,PARLOUR CERAMIC WALL HOOK,47
Lost Customers,PARTY BUNTING,1202
Lost Customers,PARTY CHARMS 50 PIECES,36
Lost Customers,PARTY CONE CHRISTMAS DECORATION ,30
Lost Customers,PARTY CONES CANDY ASSORTED,390
Lost Customers,PARTY CONES CANDY TREE DECORATION,150
Lost Customers,PARTY CONES CARNIVAL ASSORTED,108
Lost Customers,PARTY FOOD SHOPPER BAG,29
Lost Customers,PARTY INVITES BALLOON GIRL,21
Lost Customers,PARTY INVITES DINOSAURS,39
Lost Customers,PARTY INVITES FOOTBALL,42
Lost Customers,PARTY INVITES JAZZ HEARTS,42
Lost Customers,PARTY INVITES SPACEMAN,60
Lost Customers,PARTY INVITES WOODLAND,45
Lost Customers,PARTY METAL SIGN ,198
Lost Customers,PARTY PIZZA DISH BLUE POLKADOT,42
Lost Customers,PARTY PIZZA DISH GREEN POLKADOT,30
Lost Customers,PARTY PIZZA DISH PINK POLKADOT,90
Lost Customers,PARTY PIZZA DISH RED RETROSPOT,144
Lost Customers,PARTY TIME PENCIL ERASERS,98
Lost Customers,PASTEL COLOUR HONEYCOMB FAN,59
Lost Customers,PASTEL PINK PHOTO ALBUM ,3
Lost Customers,PEACE SMALL WOOD LETTERS,9
Lost Customers,PEACE WOODEN BLOCK LETTERS,18
Lost Customers,PEACH KNITTED HEN ,13
Lost Customers,"PEARL & SHELL 42""NECKL. GREEN",4
Lost Customers,PEARL CRYSTAL PUMPKIN T-LIGHT HLDR,135
Lost Customers,PEG BAG APPLES DESIGN,57
Lost Customers,PENCIL CASE LIFE IS BEAUTIFUL,46
Lost Customers,PENNY FARTHING BIRTHDAY CARD,168
Lost Customers,PENS ASSORTED FUNKY JEWELED ,216
Lost Customers,PENS ASSORTED FUNNY FACE,252
Lost Customers,PENS ASSORTED SPACEBALL,432
Lost Customers,PERIWINKLE T-LIGHT HOLDER,5
Lost Customers,"PET MUG, GOLDFISH",14
Lost Customers,PETIT TRAY CHIC,29
Lost Customers,PHARMACIE FIRST AID TIN,61
Lost Customers,PHOTO CLIP LINE,12
Lost Customers,PHOTO CUBE,22
Lost Customers,PHOTO FRAME 3 CLASSIC HANGING,54
Lost Customers,PHOTO FRAME CORNICE,245
Lost Customers,PICNIC BASKET WICKER LARGE,119
Lost Customers,PICNIC BASKET WICKER SMALL,279
Lost Customers,PICNIC BOXES SET OF 3 RETROSPOT ,52
Lost Customers,PICTURE DOMINOES,172
Lost Customers,PICTURE FRAME WOOD TRIPLE PORTRAIT,53
Lost Customers,PIECE OF CAMO STATIONERY SET,648
Lost Customers,PIG KEYRING WITH LIGHT & SOUND ,72
Lost Customers,PIG MUG IN TWO COLOUR DESIGNS,26
Lost Customers,PIGGY BANK RETROSPOT ,159
Lost Customers,PIN CUSHION BABUSHKA BLUE,1
Lost Customers,PIN CUSHION BABUSHKA PINK,1
Lost Customers,PIN CUSHION BABUSHKA RED,6
Lost Customers,PING MICROWAVE APRON,70
Lost Customers,PING! MICROWAVE PLATE,8
Lost Customers,PINK  HEART CONFETTI IN TUBE,68
Lost Customers,PINK  HEART SHAPE LOVE BUCKET ,13
Lost Customers,PINK  HONEYCOMB PAPER BALL ,12
Lost Customers,PINK  HONEYCOMB PAPER FAN,31
Lost Customers,PINK  POLKADOT CUP,155
Lost Customers,PINK  POLKADOT PLATE ,146
Lost Customers,PINK & WHITE BREAKFAST TRAY,16
Lost Customers,PINK 3 PIECE POLKADOT CUTLERY SET,86
Lost Customers,PINK AND WHITE CHRISTMAS TREE 120CM,24
Lost Customers,PINK B'FLY C/COVER W BOBBLES,1
Lost Customers,PINK BABY BUNTING,218
Lost Customers,PINK BAROQUE FLOCK CANDLE HOLDER,2
Lost Customers,PINK BERTIE GLASS BEAD BAG CHARM,1
Lost Customers,PINK BLUE FELT CRAFT TRINKET BOX,292
Lost Customers,PINK BOUDICCA LARGE BRACELET,5
Lost Customers,PINK BUTTERFLY CUSHION COVER,11
Lost Customers,PINK BUTTERFLY CUSHION COVER ,8
Lost Customers,PINK BUTTERFLY WASHBAG,1
Lost Customers,PINK CANDYSTUFT ARTIFICIAL FLOWER,24
Lost Customers,PINK CAT BOWL,11
Lost Customers,PINK CHERRY LIGHTS,4
Lost Customers,PINK CHICK EGG WARMER + EGG CUP,12
Lost Customers,PINK CHRISTMAS FLOCK DROPLET ,8
Lost Customers,PINK CREAM FELT CRAFT TRINKET BOX ,681
Lost Customers,PINK DIAMANTE PEN IN GIFT BOX,1
Lost Customers,PINK DINER WALL CLOCK,2
Lost Customers,PINK DISCO HANDBAG,1
Lost Customers,PINK DOG BOWL,5
Lost Customers,PINK DOG CANNISTER,2
Lost Customers,PINK DOUGHNUT TRINKET POT ,38
Lost Customers,PINK DRAWER KNOB ACRYLIC EDWARDIAN,182
Lost Customers,PINK FAIRY CAKE CHILDRENS APRON,194
Lost Customers,PINK FAIRY CAKE CUSHION COVER,22
Lost Customers,PINK FELT EASTER RABBIT GARLAND,9
Lost Customers,PINK FELT HANGING HEART W FLOWER,12
Lost Customers,PINK FLOCK GLASS CANDLEHOLDER,6
Lost Customers,PINK FLORAL FELTCRAFT SHOULDER BAG,30
Lost Customers,PINK FLOWER CROCHET FOOD COVER,10
Lost Customers,PINK FLOWER FABRIC PONY,14
Lost Customers,PINK FLOWERS RABBIT EASTER,2
Lost Customers,PINK FLUFFY CHRISTMAS DECORATION,24
Lost Customers,PINK FLY SWAT,8
Lost Customers,PINK FOXGLOVE ARTIIFCIAL FLOWER,3
Lost Customers,PINK GINGHAM CAT WITH SCARF,19
Lost Customers,PINK HANGING GINGHAM EASTER HEN,6
Lost Customers,PINK HAPPY BIRTHDAY BUNTING,298
Lost Customers,PINK HAWAIIAN PICNIC HAMPER FOR 2,3
Lost Customers,PINK HEART DOTS HOT WATER BOTTLE,1
Lost Customers,PINK HEART OF GLASS BRACELET,5
Lost Customers,PINK HEART RED HANDBAG,2
Lost Customers,PINK HEART SHAPE EGG FRYING PAN,239
Lost Customers,PINK HEART SHAPE PHOTO FRAME,32
Lost Customers,PINK HEARTS LIGHT CHAIN ,15
Lost Customers,PINK HEARTS PAPER GARLAND,3
Lost Customers,PINK HORSE SOCK PUPPET,11
Lost Customers,PINK HYDRANGEA ART FLOWER,6
Lost Customers,PINK JEWELLED PHOTO FRAME,3
Lost Customers,PINK JEWELLED PHOTO FRAME ,2
Lost Customers,PINK KNITTED EGG COSY,6
Lost Customers,PINK LOVE HEART SHAPE CUP,46
Lost Customers,PINK METAL CHICKEN HEART ,82
Lost Customers,PINK METAL SWINGING BUNNY,24
Lost Customers,PINK NEW BAROQUE FLOCK CANDLESTICK,3
Lost Customers,PINK NEW BAROQUECANDLESTICK CANDLE,1
Lost Customers,PINK OVAL JEWELLED MIRROR,1
Lost Customers,PINK OWL SOFT TOY,46
Lost Customers,PINK PADDED MOBILE,8
Lost Customers,PINK PAISLEY CUSHION COVER ,2
Lost Customers,PINK PAISLEY ROSE GIFT WRAP,50
Lost Customers,PINK PAISLEY SQUARE TISSUE BOX ,71
Lost Customers,PINK PAPER PARASOL ,57
Lost Customers,PINK PARTY BAGS,112
Lost Customers,PINK PARTY SUNGLASSES,1
Lost Customers,PINK POLKADOT BOWL,170
Lost Customers,PINK POLKADOT CHILDRENS UMBRELLA,16
Lost Customers,PINK POLKADOT GARDEN PARASOL,6
Lost Customers,PINK POLKADOT WRAP ,250
Lost Customers,PINK POT PLANT CANDLE,10
Lost Customers,PINK REGENCY TEACUP AND SAUCER,431
Lost Customers,PINK RETRO BIG FLOWER BAG,30
Lost Customers,PINK RIVIERA HANDBAG,1
Lost Customers,PINK ROSE FABRIC MIRROR,63
Lost Customers,PINK ROSE WASHBAG,14
Lost Customers,PINK ROSEBUD & PEARL NECKLACE,2
Lost Customers,PINK ROSEBUD PEARL BRACELET,2
Lost Customers,PINK SCOTTIE DOG W FLOWER PATTERN,7
Lost Customers,PINK SMALL JEWELLED PHOTOFRAME,1
Lost Customers,PINK SPOTS CHOCOLATE NESTING BOXES ,113
Lost Customers,PINK STITCHED WALL CLOCK,40
Lost Customers,PINK STRING CURTAIN WITH POLE,2
Lost Customers,PINK SWEETHEART BRACELET,4
Lost Customers,PINK TALL PORCELAIN T-LIGHT HOLDER ,4
Lost Customers,PINK UNION JACK  LUGGAGE TAG,29
Lost Customers,PINK UNION JACK  PASSPORT COVER ,26
Lost Customers,PINK VINTAGE PAISLEY PICNIC BAG,192
Lost Customers,PINK VINTAGE SPOT BEAKER,18
Lost Customers,PINK VINTAGE VICTORIAN EARRINGS,1
Lost Customers,PINK YELLOW PATCH CUSHION COVER,3
Lost Customers,PINK/AMETHYST/GOLD NECKLACE,4
Lost Customers,PINK/BLUE DISC/MIRROR STRING,16
Lost Customers,PINK/FLOWER RABBIT EGG WARMER ,3
Lost Customers,PINK/GREEN FLOWER DESIGN BIG MUG,2
Lost Customers,PINK/PURPLE RETRO RADIO,12
Lost Customers,PINK/WHITE CHRISTMAS TREE 60CM,48
Lost Customers,PIZZA PLATE IN BOX,47
Lost Customers,PLACE SETTING WHITE HEART,582
Lost Customers,PLACE SETTING WHITE STAR,12
Lost Customers,PLASTERS IN TIN CIRCUS PARADE ,386
Lost Customers,PLASTERS IN TIN SKULLS,202
Lost Customers,PLASTERS IN TIN SPACEBOY,422
Lost Customers,PLASTERS IN TIN STRONGMAN,315
Lost Customers,PLASTERS IN TIN VINTAGE PAISLEY ,303
Lost Customers,PLASTERS IN TIN WOODLAND ANIMALS,329
Lost Customers,PLEASE ONE PERSON METAL SIGN,489
Lost Customers,POCKET BAG BLUE PAISLEY RED SPOT,28
Lost Customers,POCKET BAG PINK PAISELY BROWN SPOT,2
Lost Customers,"POCKET MIRROR ""GLAMOROUS""",1
Lost Customers,POLKA DOT RAFFIA FOOD COVER,35
Lost Customers,POLKADOT COFFEE CUP & SAUCER PINK,218
Lost Customers,POLKADOT PEN,720
Lost Customers,POLKADOT RAIN HAT ,79
Lost Customers,POLYESTER FILLER PAD 30CMx30CM,10
Lost Customers,POLYESTER FILLER PAD 40x40cm,231
Lost Customers,POLYESTER FILLER PAD 45x30cm,12
Lost Customers,POLYESTER FILLER PAD 45x45cm,54
Lost Customers,POLYESTER FILLER PAD 65CMx65CM,4
Lost Customers,POMPOM CURTAIN,16
Lost Customers,POP ART PUSH DOWN RUBBER ,24
Lost Customers,POPART WOODEN PENCILS ASST,100
Lost Customers,POPCORN HOLDER,141
Lost Customers,POPPY'S PLAYHOUSE BATHROOM,184
Lost Customers,POPPY'S PLAYHOUSE BEDROOM ,269
Lost Customers,POPPY'S PLAYHOUSE KITCHEN,242
Lost Customers,POPPY'S PLAYHOUSE LIVINGROOM ,239
Lost Customers,PORCELAIN BUDAH INCENSE HOLDER,302
Lost Customers,PORCELAIN BUTTERFLY OIL BURNER,85
Lost Customers,PORCELAIN ROSE LARGE ,63
Lost Customers,PORCELAIN ROSE SMALL,112
Lost Customers,PORCELAIN T-LIGHT HOLDERS ASSORTED,24
Lost Customers,POSTAGE,210
Lost Customers,POTTERING IN THE SHED METAL SIGN,243
Lost Customers,POTTERING MUG,363
Lost Customers,POTTING SHED ROSE CANDLE,1
Lost Customers,POTTING SHED SEED ENVELOPES,53
Lost Customers,POTTING SHED SOW 'N' GROW SET,1
Lost Customers,POTTING SHED TEA MUG,208
Lost Customers,POTTING SHED TWINE,50
Lost Customers,PSYCHEDELIC TILE HOOK,1
Lost Customers,PSYCHEDELIC WALL THERMOMETER,2
Lost Customers,PURPLE AMETHYST NECKLACE W TASSEL,1
Lost Customers,PURPLE BERTIE GLASS BEAD BAG CHARM,1
Lost Customers,PURPLE BOUDICCA LARGE BRACELET,3
Lost Customers,PURPLE DRAWERKNOB ACRYLIC EDWARDIAN,60
Lost Customers,PURPLE ENAMEL FLOWER RING,6
Lost Customers,PURPLE FOXGLOVE ARTIIFCIAL FLOWER,6
Lost Customers,PURPLE GEMSTONE BRACELET,1
Lost Customers,PURPLE GEMSTONE NECKLACE 45CM,1
Lost Customers,PURPLE LAS VEGAS BRACELET ROUND,3
Lost Customers,PURPLE PAPER PARASOL,40
Lost Customers,PURPLE SWEETHEART BRACELET,2
Lost Customers,QUEEN OF SKIES LUGGAGE TAG,3
Lost Customers,QUEEN OF THE SKIES PASSPORT COVER ,4
Lost Customers,QUEENS GUARD COFFEE MUG,122
Lost Customers,RABBIT  DESIGN  COTTON TOTE BAG,1
Lost Customers,RABBIT EASTER DECORATION,1
Lost Customers,RABBIT NIGHT LIGHT,45
Lost Customers,RAIN PONCHO ,407
Lost Customers,RAIN PONCHO RETROSPOT,59
Lost Customers,RAINBOW PEGS PHOTO CLIP STRING,9
Lost Customers,RAINY LADIES BIRTHDAY CARD,96
Lost Customers,RASPBERRY ANT COPPER FLOWER NECKLAC,3
Lost Customers,RATTLE SNAKE EGGS,220
Lost Customers,RECIPE BOX BLUE SKETCHBOOK DESIGN,100
Lost Customers,RECIPE BOX PANTRY YELLOW DESIGN,434
Lost Customers,RECIPE BOX RETROSPOT ,104
Lost Customers,"RECORD FRAME 7"" SINGLE SIZE ",20
Lost Customers,RECYCLED ACAPULCO MAT BLUE,42
Lost Customers,RECYCLED ACAPULCO MAT GREEN,68
Lost Customers,RECYCLED ACAPULCO MAT LAVENDER,30
Lost Customers,RECYCLED ACAPULCO MAT PINK,56
Lost Customers,RECYCLED ACAPULCO MAT RED,50
Lost Customers,RECYCLED ACAPULCO MAT TURQUOISE,86
Lost Customers,RECYCLED PENCIL WITH RABBIT ERASER,171
Lost Customers,RECYCLING BAG RETROSPOT ,204
Lost Customers,RED  EGG  SPOON,54
Lost Customers,RED  HARMONICA IN BOX ,1831
Lost Customers,RED 3 PIECE RETROSPOT CUTLERY SET,70
Lost Customers,RED BABY BUNTING ,187
Lost Customers,RED BOUDICCA LARGE BRACELET,1
Lost Customers,RED CHARLIE+LOLA PERSONAL DOORSIGN,46
Lost Customers,RED COAT RACK PARIS FASHION,43
Lost Customers,RED DAISY PAPER LAMPSHADE,2
Lost Customers,RED DAISY POCKET BOOK ,16
Lost Customers,RED DINER WALL CLOCK,49
Lost Customers,RED DRAGONFLY HELICOPTER,4
Lost Customers,RED DRAWER KNOB ACRYLIC EDWARDIAN,78
Lost Customers,RED ENAMEL FLOWER RING,6
Lost Customers,RED ENCHANTED FOREST PLACEMAT,23
Lost Customers,RED FLOCK LOVE HEART PHOTO FRAME,18
Lost Customers,RED FLORAL FELTCRAFT SHOULDER BAG,43
Lost Customers,RED FLOWER CROCHET FOOD COVER,14
Lost Customers,RED GINGHAM ROSE JEWELLERY BOX,147
Lost Customers,RED GINGHAM TEDDY BEAR ,19
Lost Customers,RED GLASS TASSLE BAG CHARM,1
Lost Customers,RED HANGING HEART T-LIGHT HOLDER,451
Lost Customers,RED HEART LUGGAGE TAG,33
Lost Customers,RED HEART SHAPE LOVE BUCKET ,58
Lost Customers,RED HEARTS LIGHT CHAIN ,45
Lost Customers,RED KITCHEN SCALES,99
Lost Customers,RED KUKUI COCONUT SEED NECKLACE,4
Lost Customers,RED LOVE HEART SHAPE CUP,84
Lost Customers,RED METAL BEACH SPADE ,166
Lost Customers,RED METAL BOX TOP SECRET,29
Lost Customers,RED PAPER PARASOL,68
Lost Customers,RED POLKADOT BEAKER ,151
Lost Customers,RED POLKADOT COFFEE  MUG,131
Lost Customers,RED POLKADOT PUDDING BOWL,9
Lost Customers,RED PUDDING SPOON,54
Lost Customers,RED REFECTORY CLOCK ,1
Lost Customers,RED RETROSPOT APRON ,33
Lost Customers,RED RETROSPOT BIG BOWL,29
Lost Customers,RED RETROSPOT BOWL,172
Lost Customers,RED RETROSPOT BUTTER DISH,88
Lost Customers,RED RETROSPOT CAKE STAND,112
Lost Customers,RED RETROSPOT CHARLOTTE BAG,724
Lost Customers,RED RETROSPOT CHILDRENS UMBRELLA,47
Lost Customers,RED RETROSPOT CUP,176
Lost Customers,RED RETROSPOT LUGGAGE TAG,36
Lost Customers,RED RETROSPOT MINI CASES,96
Lost Customers,RED RETROSPOT MUG,135
Lost Customers,RED RETROSPOT OVEN GLOVE ,164
Lost Customers,RED RETROSPOT OVEN GLOVE DOUBLE,100
Lost Customers,RED RETROSPOT PEG BAG,209
Lost Customers,RED RETROSPOT PICNIC BAG,184
Lost Customers,RED RETROSPOT PLATE ,195
Lost Customers,RED RETROSPOT PUDDING BOWL,37
Lost Customers,RED RETROSPOT PURSE ,39
Lost Customers,RED RETROSPOT ROUND CAKE TINS,57
Lost Customers,RED RETROSPOT SHOPPER BAG,292
Lost Customers,RED RETROSPOT SHOPPING BAG,77
Lost Customers,RED RETROSPOT SMALL MILK JUG,144
Lost Customers,RED RETROSPOT STORAGE JAR,46
Lost Customers,RED RETROSPOT SUGAR JAM BOWL,137
Lost Customers,RED RETROSPOT TAPE,89
Lost Customers,RED RETROSPOT TEA CUP AND SAUCER ,82
Lost Customers,RED RETROSPOT TISSUE BOX,118
Lost Customers,RED RETROSPOT TRADITIONAL TEAPOT ,51
Lost Customers,RED RETROSPOT UMBRELLA,129
Lost Customers,RED RETROSPOT WASHBAG,4
Lost Customers,RED RETROSPOT WRAP ,1110
Lost Customers,RED ROCKING HORSE HAND PAINTED,24
Lost Customers,RED SHARK HELICOPTER,2
Lost Customers,RED SPOT CERAMIC DRAWER KNOB,192
Lost Customers,RED SPOTTY BISCUIT TIN,121
Lost Customers,RED STAR CARD HOLDER,9
Lost Customers,RED STRIPE CERAMIC DRAWER KNOB,189
Lost Customers,RED TEA TOWEL CLASSIC DESIGN,38
Lost Customers,RED TOADSTOOL LED NIGHT LIGHT,262
Lost Customers,RED VICTORIAN FABRIC OVAL BOX,16
Lost Customers,RED VINTAGE SPOT BEAKER,2
Lost Customers,RED WOOLLY HOTTIE WHITE HEART.,42
Lost Customers,RED/CREAM STRIPE CUSHION COVER ,26
Lost Customers,REGENCY CAKE FORK,174
Lost Customers,REGENCY CAKE SLICE,37
Lost Customers,REGENCY CAKESTAND 3 TIER,802
Lost Customers,REGENCY MILK JUG PINK ,116
Lost Customers,REGENCY MIRROR WITH SHUTTERS,1
Lost Customers,REGENCY SUGAR BOWL GREEN,117
Lost Customers,REGENCY SUGAR TONGS,94
Lost Customers,REGENCY TEA PLATE GREEN ,233
Lost Customers,REGENCY TEA PLATE PINK,209
Lost Customers,REGENCY TEA PLATE ROSES ,324
Lost Customers,REGENCY TEA SPOON,300
Lost Customers,REGENCY TEA STRAINER,100
Lost Customers,REGENCY TEAPOT ROSES ,80
Lost Customers,RELAX LARGE WOOD LETTERS,20
Lost Customers,RETRO BROWN BALL ASHTRAY ,2
Lost Customers,RETRO COFFEE MUGS ASSORTED,703
Lost Customers,RETRO LEAVES MAGNETIC NOTEPAD,14
Lost Customers,RETRO LONGBOARD IRONING BOARD COVER,1
Lost Customers,RETRO MOD TRAY,37
Lost Customers,"RETRO PILL BOX , REVOLUTIONARY",4
Lost Customers,"RETRO PILL BOX KEY CHAIN,THE KING",1
Lost Customers,RETRO PINK BALL ASHTRAY ,7
Lost Customers,RETRO PLASTIC 70'S TRAY,12
Lost Customers,RETRO PLASTIC DAISY TRAY,39
Lost Customers,RETRO PLASTIC ELEPHANT TRAY,41
Lost Customers,RETRO PLASTIC POLKA TRAY,55
Lost Customers,"RETRO TIN ASHTRAY,REVOLUTIONARY",4
Lost Customers,RETROSPOT BABUSHKA DOORSTOP,35
Lost Customers,RETROSPOT CANDLE  LARGE,1
Lost Customers,RETROSPOT CANDLE  SMALL,1
Lost Customers,RETROSPOT CHILDRENS APRON,142
Lost Customers,RETROSPOT CIGAR BOX MATCHES ,62
Lost Customers,RETROSPOT GIANT TUBE MATCHES,25
Lost Customers,RETROSPOT HEART HOT WATER BOTTLE,168
Lost Customers,RETROSPOT LAMP,95
Lost Customers,RETROSPOT LARGE MILK JUG,112
Lost Customers,RETROSPOT PADDED SEAT CUSHION,103
Lost Customers,RETROSPOT PARTY BAG + STICKER SET,146
Lost Customers,RETROSPOT RED WASHING UP GLOVES,164
Lost Customers,RETROSPOT SMALL TUBE MATCHES,94
Lost Customers,RETROSPOT TEA SET CERAMIC 11 PC ,248
Lost Customers,RETROSPOT WOODEN HEART DECORATION,102
Lost Customers,REVOLVER WOODEN RULER ,107
Lost Customers,REX CASH+CARRY JUMBO SHOPPER,255
Lost Customers,RIBBON REEL CHRISTMAS PRESENT ,45
Lost Customers,RIBBON REEL CHRISTMAS SOCK BAUBLE,41
Lost Customers,RIBBON REEL FLORA + FAUNA ,57
Lost Customers,RIBBON REEL HEARTS DESIGN ,227
Lost Customers,RIBBON REEL LACE DESIGN ,86
Lost Customers,RIBBON REEL MAKING SNOWMEN ,26
Lost Customers,RIBBON REEL POLKADOTS ,50
Lost Customers,RIBBON REEL SNOWY VILLAGE,21
Lost Customers,RIBBON REEL SOCKS AND MITTENS,8
Lost Customers,RIBBON REEL STRIPES DESIGN ,226
Lost Customers,RIBBONS PURSE ,38
Lost Customers,RIDGED BONNE JAM JAR T-LIGHT HOLDER,7
Lost Customers,RIDGED GLASS FINGER BOWL,114
Lost Customers,RIDGED GLASS POSY VASE ,60
Lost Customers,RIDGED GLASS STORAGE JAR CREAM LID,5
Lost Customers,RIDGED GLASS T-LIGHT HOLDER,36
Lost Customers,RING OF ROSES BIRTHDAY CARD,60
Lost Customers,RIVIERA NECKLACE,2
Lost Customers,ROBIN CHRISTMAS CARD,3
Lost Customers,ROBOT BIRTHDAY CARD,193
Lost Customers,ROCKING HORSE GREEN CHRISTMAS ,6
Lost Customers,ROCKING HORSE RED CHRISTMAS ,16
Lost Customers,ROMANTIC IMAGES GIFT WRAP SET,46
Lost Customers,ROMANTIC IMAGES NOTEBOOK SET,13
Lost Customers,ROMANTIC IMAGES SCRAP BOOK SET,8
Lost Customers,ROMANTIC PINKS RIBBONS ,60
Lost Customers,ROSE 1 WICK MORRIS BOXED CANDLE,26
Lost Customers,ROSE 3 WICK MORRIS BOX CANDLE,33
Lost Customers,ROSE CARAVAN DOORSTOP,28
Lost Customers,ROSE COLOUR PAIR HEART HAIR SLIDES,1
Lost Customers,ROSE COTTAGE KEEPSAKE BOX ,65
Lost Customers,ROSE DU SUD COSMETICS BAG,3
Lost Customers,ROSE DU SUD DRAWSTRING BAG,3
Lost Customers,ROSE DU SUD OVEN GLOVE,22
Lost Customers,ROSE DU SUD WASHBAG ,6
Lost Customers,ROSE FOLKART HEART DECORATIONS,63
Lost Customers,ROSE SCENT CANDLE IN JEWELLED BOX,40
Lost Customers,ROSE SCENT CANDLE JEWELLED DRAWER,17
Lost Customers,ROSES REGENCY TEACUP AND SAUCER ,725
Lost Customers,ROTATING LEAVES T-LIGHT HOLDER,72
Lost Customers,ROTATING SILVER ANGELS T-LIGHT HLDR,108
Lost Customers,ROUND BLUE CLOCK WITH SUCKER,100
Lost Customers,ROUND CAKE TIN VINTAGE GREEN,65
Lost Customers,ROUND CAKE TIN VINTAGE RED,69
Lost Customers,ROUND CONTAINER SET OF 5 RETROSPOT,177
Lost Customers,ROUND PINK HEART MIRROR,14
Lost Customers,ROUND PURPLE CLOCK WITH SUCKER,100
Lost Customers,ROUND SNACK BOXES SET OF 4 FRUITS ,1652
Lost Customers,ROUND SNACK BOXES SET OF 4 SKULLS,35
Lost Customers,ROUND SNACK BOXES SET OF4 WOODLAND ,243
Lost Customers,ROUND WHITE CONFETTI IN TUBE,1
Lost Customers,RUBY GLASS CLUSTER BRACELET,2
Lost Customers,RUSTIC  SEVENTEEN DRAWER SIDEBOARD,3
Lost Customers,S/12 MINI RABBIT EASTER,53
Lost Customers,S/12 VANILLA  BOTANICAL T-LIGHTS,37
Lost Customers,S/15 SILVER GLASS BAUBLES IN BAG,3
Lost Customers,S/2 BEACH HUT TREASURE CHESTS,3
Lost Customers,S/2 ZINC HEART DESIGN PLANTERS,7
Lost Customers,S/3 PINK SQUARE PLANTERS ROSES,1
Lost Customers,S/3 POT POURI CUSHIONS BLUE COLOURS,12
Lost Customers,S/4 CACTI CANDLES,23
Lost Customers,S/4 GROOVY CAT MAGNETS,50
Lost Customers,S/4 IVORY MINI ROSE CANDLE IN BOWL,18
Lost Customers,S/4 PINK FLOWER CANDLES IN BOWL,44
Lost Customers,S/4 VALENTINE DECOUPAGE HEART BOX,154
Lost Customers,S/6 SEW ON CROCHET FLOWERS,27
Lost Customers,S/6 WOODEN SKITTLES IN COTTON BAG,117
Lost Customers,SALLE DE BAIN HOOK,42
Lost Customers,SANDALWOOD FAN,232
Lost Customers,SANDWICH BATH SPONGE,83
Lost Customers,SAVE THE PLANET COTTON TOTE BAG,58
Lost Customers,SAVE THE PLANET MUG,129
Lost Customers,SAVOY ART DECO CLOCK,5
Lost Customers,SCANDINAVIAN 3 HEARTS NAPKIN RING,200
Lost Customers,SCANDINAVIAN PAISLEY PICNIC BAG,157
Lost Customers,SCANDINAVIAN REDS RIBBONS,66
Lost Customers,SCENTED CANDLE IN DIGITALIS TIN,7
Lost Customers,SCENTED VELVET LOUNGE CANDLE ,24
Lost Customers,SCHOOL DESK AND CHAIR ,2
Lost Customers,SCOTTIE DOG HOT WATER BOTTLE,237
Lost Customers,SCOTTIE DOGS BABY BIB,169
Lost Customers,SCOTTIES CHILDRENS APRON,11
Lost Customers,SCOTTIES DESIGN WASHBAG,1
Lost Customers,SEASIDE FLYING DISC,51
Lost Customers,SET 10 LIGHTS NIGHT OWL,93
Lost Customers,SET 10 NIGHT OWL LIGHTS,3
Lost Customers,SET 12 KIDS  WHITE CHALK STICKS,310
Lost Customers,SET 12 KIDS COLOUR  CHALK STICKS,598
Lost Customers,SET 12 LAVENDER  BOTANICAL T-LIGHTS,79
Lost Customers,SET 12 RETRO WHITE CHALK STICKS,201
Lost Customers,SET 2 PANTRY DESIGN TEA TOWELS,276
Lost Customers,SET 2 TEA TOWELS I LOVE LONDON ,11
Lost Customers,SET 20 NAPKINS FAIRY CAKES DESIGN ,350
Lost Customers,SET 3 PAPER VINTAGE CHICK PAPER EGG,346
Lost Customers,"SET 3 RETROSPOT TEA,COFFEE,SUGAR",90
Lost Customers,SET 3 SONG BIRD PAPER EGGS ASSORTED,138
Lost Customers,SET 3 WICKER OVAL BASKETS W LIDS,18
Lost Customers,SET 3 WICKER STORAGE BASKETS ,30
Lost Customers,SET 4 NURSERY DES ROUND BOXES,24
Lost Customers,SET 6 FOOTBALL CELEBRATION CANDLES,51
Lost Customers,SET 6 PAPER TABLE LANTERN HEARTS ,70
Lost Customers,SET 6 PAPER TABLE LANTERN STARS ,33
Lost Customers,SET 7 BABUSHKA NESTING BOXES,105
Lost Customers,SET OF 10 LANTERNS FAIRY LIGHT STAR,14
Lost Customers,SET OF 10 LED DOLLY LIGHTS,69
Lost Customers,SET OF 12  VINTAGE POSTCARD SET,127
Lost Customers,SET OF 12 FAIRY CAKE BAKING CASES,1
Lost Customers,SET OF 12 MINI BUNNIES IN A BUCKET,2
Lost Customers,SET OF 12 ROSE BOTANICAL T-LIGHTS,39
Lost Customers,SET OF 16 VINTAGE BLACK CUTLERY,10
Lost Customers,SET OF 16 VINTAGE PISTACHIO CUTLERY,21
Lost Customers,SET OF 16 VINTAGE RED CUTLERY,14
Lost Customers,SET OF 16 VINTAGE ROSE CUTLERY,11
Lost Customers,SET OF 16 VINTAGE SKY BLUE CUTLERY,11
Lost Customers,SET OF 2 CERAMIC CHRISTMAS REINDEER,15
Lost Customers,SET OF 2 CERAMIC CHRISTMAS TREES,6
Lost Customers,SET OF 2 CERAMIC PAINTED HEARTS ,12
Lost Customers,SET OF 2 CHRISTMAS DECOUPAGE CANDLE,3
Lost Customers,SET OF 2 ROUND TINS CAMEMBERT ,22
Lost Customers,SET OF 2 ROUND TINS DUTCH CHEESE,8
Lost Customers,SET OF 2 TEA TOWELS APPLE AND PEARS,198
Lost Customers,SET OF 2 TINS JARDIN DE PROVENCE,28
Lost Customers,SET OF 2 TINS VINTAGE BATHROOM ,38
Lost Customers,SET OF 2 WOODEN MARKET CRATES,44
Lost Customers,SET OF 20 KIDS COOKIE CUTTERS,437
Lost Customers,SET OF 20 VINTAGE CHRISTMAS NAPKINS,183
Lost Customers,SET OF 3 BABUSHKA STACKING TINS,10
Lost Customers,SET OF 3 BIRD LIGHT PINK FEATHER ,127
Lost Customers,SET OF 3 BLACK FLYING DUCKS,34
Lost Customers,SET OF 3 BUTTERFLY COOKIE CUTTERS,397
Lost Customers,SET OF 3 CAKE TINS PANTRY DESIGN ,520
Lost Customers,SET OF 3 CAKE TINS SKETCHBOOK,56
Lost Customers,SET OF 3 COLOURED  FLYING DUCKS,11
Lost Customers,SET OF 3 CONEY ISLAND OVAL BOXES,1
Lost Customers,SET OF 3 GOLD FLYING DUCKS,8
Lost Customers,SET OF 3 HEART COOKIE CUTTERS,462
Lost Customers,SET OF 3 NOTEBOOKS IN PARCEL,310
Lost Customers,SET OF 3 REGENCY CAKE TINS,99
Lost Customers,SET OF 3 WOODEN HEART DECORATIONS,87
Lost Customers,SET OF 3 WOODEN SLEIGH DECORATIONS,15
Lost Customers,SET OF 3 WOODEN STOCKING DECORATION,3
Lost Customers,SET OF 3 WOODEN TREE DECORATIONS,1
Lost Customers,SET OF 36 DINOSAUR PAPER DOILIES,14
Lost Customers,SET OF 36 DOILIES PANTRY DESIGN,60
Lost Customers,SET OF 36 DOILIES SPACEBOY DESIGN ,42
Lost Customers,SET OF 36 MUSHROOM PAPER DOILIES,8
Lost Customers,SET OF 36 PAISLEY FLOWER DOILIES,172
Lost Customers,SET OF 36 TEATIME PAPER DOILIES,454
Lost Customers,SET OF 4 BLACK LOVEBIRD COASTERS,36
Lost Customers,SET OF 4 DIAMOND NAPKIN RINGS,10
Lost Customers,SET OF 4 ENGLISH ROSE COASTERS,64
Lost Customers,SET OF 4 ENGLISH ROSE PLACEMATS,34
Lost Customers,SET OF 4 FAIRY CAKE PLACEMATS,10
Lost Customers,SET OF 4 FAIRY CAKE PLACEMATS ,34
Lost Customers,SET OF 4 JAM JAR MAGNETS,111
Lost Customers,SET OF 4 KNICK KNACK TINS DOILEY ,111
Lost Customers,SET OF 4 KNICK KNACK TINS LEAVES ,6
Lost Customers,SET OF 4 KNICK KNACK TINS LONDON ,18
Lost Customers,SET OF 4 KNICK KNACK TINS POPPIES,22
Lost Customers,SET OF 4 NAPKIN CHARMS 3 KEYS ,22
Lost Customers,SET OF 4 NAPKIN CHARMS CROWNS ,20
Lost Customers,SET OF 4 NAPKIN CHARMS CUTLERY,84
Lost Customers,SET OF 4 NAPKIN CHARMS HEARTS,167
Lost Customers,SET OF 4 NAPKIN CHARMS INSTRUMENT,30
Lost Customers,SET OF 4 NAPKIN CHARMS LEAVES   ,4
Lost Customers,SET OF 4 NAPKIN CHARMS STARS   ,29
Lost Customers,SET OF 4 PANTRY JELLY MOULDS,458
Lost Customers,SET OF 4 PISTACHIO LOVEBIRD COASTER,45
Lost Customers,SET OF 4 POLKADOT COASTERS,23
Lost Customers,SET OF 4 POLKADOT PLACEMATS ,3
Lost Customers,SET OF 4 ROSE BOTANICAL CANDLES,39
Lost Customers,SET OF 5 LUCKY CAT MAGNETS ,14
Lost Customers,SET OF 5 MINI GROCERY MAGNETS,41
Lost Customers,SET OF 5 PANCAKE DAY MAGNETS,99
Lost Customers,SET OF 6 3D KIT CARDS FOR KIDS,54
Lost Customers,SET OF 6 CAKE CHOPSTICKS,13
Lost Customers,SET OF 6 FUNKY BEAKERS,10
Lost Customers,SET OF 6 GIRLS CELEBRATION CANDLES,69
Lost Customers,SET OF 6 HEART CHOPSTICKS,5
Lost Customers,SET OF 6 HERB TINS SKETCHBOOK,127
Lost Customers,SET OF 6 ICE CREAM SKITTLES,4
Lost Customers,SET OF 6 KASHMIR FOLKART BAUBLES,7
Lost Customers,SET OF 6 NATIVITY MAGNETS ,12
Lost Customers,SET OF 6 SNACK LOAF BAKING CASES,3
Lost Customers,SET OF 6 SOLDIER SKITTLES,89
Lost Customers,SET OF 6 SPICE TINS PANTRY DESIGN,398
Lost Customers,SET OF 6 STRAWBERRY CHOPSTICKS,4
Lost Customers,SET OF 6 T-LIGHTS EASTER CHICKS,58
Lost Customers,SET OF 6 T-LIGHTS SANTA,15
Lost Customers,SET OF 6 T-LIGHTS SNOWMEN,31
Lost Customers,SET OF 6 T-LIGHTS TOADSTOOLS,61
Lost Customers,SET OF 6 T-LIGHTS WEDDING CAKE ,6
Lost Customers,SET OF 6 TEA TIME BAKING CASES,3
Lost Customers,SET OF 6 VINTAGE NOTELETS KIT,43
Lost Customers,SET OF 60 I LOVE LONDON CAKE CASES ,13
Lost Customers,SET OF 60 PANTRY DESIGN CAKE CASES ,78
Lost Customers,SET OF 60 VINTAGE LEAF CAKE CASES ,73
Lost Customers,SET OF 72 GREEN PAPER DOILIES,10
Lost Customers,SET OF 72 PINK HEART PAPER DOILIES,233
Lost Customers,SET OF 72 RETROSPOT PAPER  DOILIES,300
Lost Customers,SET OF 72 SKULL PAPER  DOILIES,51
Lost Customers,SET OF 9 BLACK SKULL BALLOONS,82
Lost Customers,SET OF 9 HEART SHAPED BALLOONS,151
Lost Customers,SET OF PICTURE FRAME  STICKERS,2
Lost Customers,SET OF SALT AND PEPPER TOADSTOOLS,130
Lost Customers,SET OF SKULL WALL STICKERS,6
Lost Customers,SET OF TEA COFFEE SUGAR TINS PANTRY,54
Lost Customers,SET/10 BLUE POLKADOT PARTY CANDLES,361
Lost Customers,SET/10 IVORY POLKADOT PARTY CANDLES,55
Lost Customers,SET/10 PINK POLKADOT PARTY CANDLES,409
Lost Customers,SET/10 RED POLKADOT PARTY CANDLES,354
Lost Customers,SET/12 FUNKY FELT FLOWER PEG IN BAG,3
Lost Customers,SET/12 TAPER CANDLES,21
Lost Customers,SET/2 RED RETROSPOT TEA TOWELS ,202
Lost Customers,SET/20 RED RETROSPOT PAPER NAPKINS ,812
Lost Customers,SET/20 STRAWBERRY PAPER NAPKINS ,436
Lost Customers,SET/3 CHRISTMAS DECOUPAGE CANDLES,14
Lost Customers,SET/3 DECOUPAGE STACKING TINS,10
Lost Customers,SET/3 OCEAN SCENT CANDLE JEWEL BOX,43
Lost Customers,SET/3 POLKADOT STACKING TINS,7
Lost Customers,SET/3 POT PLANT CANDLES,6
Lost Customers,SET/3 RABBITS FLOWER SKIPPPING ROPE,9
Lost Customers,SET/3 RED GINGHAM ROSE STORAGE BOX,177
Lost Customers,SET/3 ROSE CANDLE IN JEWELLED BOX,54
Lost Customers,SET/3 VANILLA SCENTED CANDLE IN BOX,43
Lost Customers,SET/4 BADGES BALLOON GIRL,10
Lost Customers,SET/4 BADGES BEETLES,15
Lost Customers,SET/4 BADGES CUTE CREATURES,15
Lost Customers,SET/4 BADGES DOGS,10
Lost Customers,SET/4 BIRD MIRROR MAGNETS ,1
Lost Customers,SET/4 BLUE FLOWER CANDLES IN BOWL,5
Lost Customers,SET/4 BUTTERFLY MIRROR MAGNETS,17
Lost Customers,SET/4 COLOURFUL MIXING BOWLS,3
Lost Customers,SET/4 DAISY MIRROR MAGNETS,5
Lost Customers,SET/4 GARDEN ROSE DINNER CANDLE,1
Lost Customers,SET/4 MODERN VINTAGE COTTON NAPKINS,16
Lost Customers,SET/4 RED MINI ROSE CANDLE IN BOWL,13
Lost Customers,SET/4 SKULL BADGES,23
Lost Customers,SET/4 SPRING FLOWER DECORATION,39
Lost Customers,SET/4 WHITE RETRO STORAGE CUBES ,22
Lost Customers,SET/5 RED RETROSPOT LID GLASS BOWLS,298
Lost Customers,SET/6 BEAD COASTERS GAUZE BAG GOLD,60
Lost Customers,SET/6 COLLAGE PAPER CUPS,205
Lost Customers,SET/6 COLLAGE PAPER PLATES,162
Lost Customers,SET/6 EAU DE NIL BIRD T-LIGHTS,12
Lost Customers,SET/6 FROG PRINCE T-LIGHT CANDLES,95
Lost Customers,SET/6 FRUIT SALAD  PAPER PLATES,58
Lost Customers,SET/6 FRUIT SALAD PAPER CUPS,72
Lost Customers,SET/6 GREEN SPRING PAPER CUPS,26
Lost Customers,SET/6 IVORY BIRD T-LIGHT CANDLES,1
Lost Customers,SET/6 PINK  BUTTERFLY T-LIGHTS,122
Lost Customers,SET/6 PINK BIRD T-LIGHT CANDLES,8
Lost Customers,SET/6 POSIES PAPER PLATES,2
Lost Customers,SET/6 PURPLE BUTTERFLY T-LIGHTS,29
Lost Customers,SET/6 RED SPOTTY PAPER CUPS,172
Lost Customers,SET/6 RED SPOTTY PAPER PLATES,218
Lost Customers,SET/6 TURQUOISE BUTTERFLY T-LIGHTS,96
Lost Customers,SET/9 CHRISTMAS T-LIGHTS SCENTED ,7
Lost Customers,SET3 BOOK BOX GREEN GINGHAM FLOWER ,56
Lost Customers,SEWING BOX RETROSPOT DESIGN ,13
Lost Customers,SEWING SUSAN 21 NEEDLE SET,28
Lost Customers,SHOE SHINE BOX ,9
Lost Customers,SILK PURSE BABUSHKA BLUE,19
Lost Customers,SILK PURSE BABUSHKA PINK,56
Lost Customers,SILK PURSE BABUSHKA RED,22
Lost Customers,SILVER APERITIF GLASS,6
Lost Customers,SILVER BELLS TABLE DECORATION,12
Lost Customers,SILVER BRACELET W PASTEL FLOWER,8
Lost Customers,SILVER CHRISTMAS TREE BAUBLE STAND ,5
Lost Customers,SILVER DIAMANTE PEN IN GIFT BOX,6
Lost Customers,SILVER DISCO HANDBAG,6
Lost Customers,SILVER DROP EARRINGS WITH FLOWER,4
Lost Customers,SILVER FABRIC MIRROR,6
Lost Customers,SILVER FISHING GNOME ,7
Lost Customers,SILVER GLITTER FLOWER VOTIVE HOLDER,12
Lost Customers,SILVER HANGING T-LIGHT HOLDER,172
Lost Customers,SILVER HEARTS TABLE DECORATION,54
Lost Customers,SILVER HOOP EARRINGS WITH FLOWER,1
Lost Customers,SILVER JEWELLED MIRROR TRINKET TRAY,2
Lost Customers,SILVER LARIAT 40CM,1
Lost Customers,SILVER LARIAT BLACK STONE EARRINGS,2
Lost Customers,SILVER LATTICE VANILLA CANDLE POT,1
Lost Customers,SILVER M.O.P ORBIT BRACELET,4
Lost Customers,SILVER MUG BONE CHINA TREE OF LIFE,48
Lost Customers,SILVER OVAL SHAPE TRINKET BOX,2
Lost Customers,SILVER PLATE CANDLE BOWL SMALL,48
Lost Customers,SILVER ROCCOCO CHANDELIER,1
Lost Customers,SILVER ROCOCO CANDLE STICK,12
Lost Customers,SILVER STANDING GNOME   ,4
Lost Customers,SILVER STARS TABLE DECORATION,41
Lost Customers,SILVER TEDDY BEAR,5
Lost Customers,SILVER VANILLA  FLOWER CANDLE POT,28
Lost Customers,SILVER/AMETHYST DROP EARRINGS LEAF,1
Lost Customers,SILVER/CRYSTAL DROP EARRINGS W LEAF,6
Lost Customers,SILVER/M.O.P PENDANT ORBIT NECKLACE,1
Lost Customers,SINGLE ANTIQUE ROSE HOOK IVORY,100
Lost Customers,SINGLE HEART ZINC T-LIGHT HOLDER,374
Lost Customers,SINGLE WIRE HOOK IVORY HEART,55
Lost Customers,SINGLE WIRE HOOK PINK HEART,6
Lost Customers,SKETCHBOOK MAGNETIC SHOPPING LIST,60
Lost Customers,SKULL AND CROSSBONES  GARLAND ,46
Lost Customers,SKULL DESIGN TV DINNER TRAY,8
Lost Customers,SKULL LUNCH BOX WITH CUTLERY ,82
Lost Customers,SKULL SHOULDER BAG,116
Lost Customers,SKULLS  DESIGN  COTTON TOTE BAG,14
Lost Customers,SKULLS  STICKERS,97
Lost Customers,SKULLS  WATER TRANSFER TATTOOS ,32
Lost Customers,SKULLS AND CROSSBONES WRAP,550
Lost Customers,SKULLS DESIGN FLANNEL,25
Lost Customers,SKULLS GREETING CARD,252
Lost Customers,SKULLS PARTY BAG + STICKER SET,36
Lost Customers,SKULLS SQUARE TISSUE BOX,39
Lost Customers,SKULLS STORAGE BOX SMALL,3
Lost Customers,SKULLS TAPE,74
Lost Customers,SKULLS WRITING SET ,30
Lost Customers,SLATE TILE NATURAL HANGING,99
Lost Customers,SLEEPING CAT ERASERS,79
Lost Customers,SMALL APOTHECARY MEASURING JAR ,2
Lost Customers,SMALL BONNE JAM JAR  T-LIGHT HOLDER,6
Lost Customers,SMALL CAMPHOR WOOD FIELD  MUSHROOM,10
Lost Customers,SMALL CERAMIC TOP STORAGE JAR ,1541
Lost Customers,SMALL CHINESE STYLE SCISSOR,217
Lost Customers,SMALL CHOCOLATES PINK BOWL,92
Lost Customers,SMALL CHUNKY GLASS ROMAN  BOWL,6
Lost Customers,SMALL DECO JEWELLERY STAND,12
Lost Customers,SMALL DOLLY MIX DESIGN ORANGE BOWL,286
Lost Customers,SMALL FOLDING SCISSOR(POINTED EDGE),24
Lost Customers,SMALL GLASS HEART TRINKET POT,295
Lost Customers,SMALL GLASS SUNDAE DISH CLEAR,33
Lost Customers,SMALL HAMMERED SILVER CANDLEPOT ,92
Lost Customers,SMALL HANGING GLASS+ZINC LANTERN,25
Lost Customers,SMALL HANGING IVORY/RED WOOD BIRD,101
Lost Customers,SMALL HEART FLOWERS HOOK ,230
Lost Customers,SMALL HEART MEASURING SPOONS,204
Lost Customers,SMALL IVORY HEART WALL ORGANISER,16
Lost Customers,SMALL JEWELLERY STAND,6
Lost Customers,SMALL KITCHEN FLOWER POTS PLAQUE,2
Lost Customers,SMALL LICORICE DES PINK BOWL,52
Lost Customers,SMALL MARSHMALLOWS PINK BOWL,199
Lost Customers,SMALL MEDINA STAMPED METAL BOWL ,72
Lost Customers,SMALL PARISIENNE HEART PHOTO FRAME ,44
Lost Customers,SMALL PINK GLASS SUNDAE DISH,45
Lost Customers,SMALL PINK MAGIC CHRISTMAS TREE,12
Lost Customers,SMALL POLKADOT CHOCOLATE GIFT BAG ,48
Lost Customers,SMALL POP BOX FUNKY MONKEY,4
Lost Customers,SMALL POPCORN HOLDER,4987
Lost Customers,SMALL PURPLE BABUSHKA NOTEBOOK ,72
Lost Customers,SMALL RED BABUSHKA NOTEBOOK ,71
Lost Customers,SMALL RED RETROSPOT MUG IN BOX ,18
Lost Customers,SMALL RED RETROSPOT WINDMILL,441
Lost Customers,SMALL REGAL  SILVER CANDLEPOT ,36
Lost Customers,SMALL ROUND CUT GLASS CANDLESTICK,2
Lost Customers,SMALL SILVER FLOWER CANDLE POT,36
Lost Customers,SMALL SILVER TRELLIS CANDLEPOT,50
Lost Customers,SMALL SINGLE FLAME CANDLE HOLDER,6
Lost Customers,SMALL SKULL WINDMILL,48
Lost Customers,SMALL STRIPES CHOCOLATE GIFT BAG ,64
Lost Customers,SMALL TALL CAMPHOR WOOD TOADSTOOL,34
Lost Customers,SMALL WHITE HEART OF WICKER,66
Lost Customers,SMALL WHITE RETROSPOT MUG IN BOX ,22
Lost Customers,SMALL WHITE/PINK ROSE ART FLOWER,6
Lost Customers,SMALL YELLOW BABUSHKA NOTEBOOK ,46
Lost Customers,SMALL ZINC HEART WALL ORGANISER,8
Lost Customers,SMALLFOLKART BAUBLE CHRISTMAS DEC,48
Lost Customers,SMOKEY GREY COLOUR D.O.F. GLASS,81
Lost Customers,SNOWFLAKE PORTABLE TABLE LIGHT ,17
Lost Customers,SNOWSTORM PHOTO FRAME FRIDGE MAGNET,36
Lost Customers,SOAP DISH BROCANTE,68
Lost Customers,SOFT PINK ROSE TOWEL ,8
Lost Customers,SOLDIERS EGG CUP ,350
Lost Customers,SOMBRERO ,441
Lost Customers,SPACE CADET BLACK,2
Lost Customers,SPACE CADET RED,5
Lost Customers,SPACE CADET WHITE,11
Lost Customers,SPACE FROG,16
Lost Customers,SPACE OWL,2
Lost Customers,SPACEBOY BIRTHDAY CARD,360
Lost Customers,SPACEBOY CHILDRENS BOWL,26
Lost Customers,SPACEBOY CHILDRENS CUP,26
Lost Customers,SPACEBOY CHILDRENS EGG CUP,91
Lost Customers,SPACEBOY GIFT WRAP,300
Lost Customers,SPACEBOY LUNCH BOX ,348
Lost Customers,SPACEBOY TV DINNER TRAY,27
Lost Customers,SPOTS ON RED BOOKCOVER TAPE,3
Lost Customers,SPOTTY BUNTING,166
Lost Customers,SPOTTY PINK DUCK DOORSTOP,15
Lost Customers,SPRIG LAVENDER ARTIFICIAL FLOWER,70
Lost Customers,SQUARE CHERRY BLOSSOM CABINET,16
Lost Customers,SQUARE FLOOR CUSHION VINTAGE RED,7
Lost Customers,SQUARE METAL CANDLEHOLDER BASE,12
Lost Customers,SQUARECUSHION COVER PINK UNION FLAG,9
Lost Customers,ST TROPEZ NECKLACE,2
Lost Customers,STANDING FAIRY POLE SUPPORT ,60
Lost Customers,STAR  T-LIGHT HOLDER ,5
Lost Customers,STAR DECORATION RUSTIC,5
Lost Customers,STAR PORTABLE TABLE LIGHT ,51
Lost Customers,STAR T-LIGHT HOLDER WILLIE WINKIE,12
Lost Customers,STAR WOODEN CHRISTMAS DECORATION,38
Lost Customers,STARFISH SOAP DISH,7
Lost Customers,STARS GIFT TAPE ,110
Lost Customers,STEEL SWEETHEART ROUND TABLE CREAM,6
Lost Customers,STORAGE TIN VINTAGE LEAF,6
Lost Customers,STRAWBERRIES  DESIGN FLANNEL ,14
Lost Customers,STRAWBERRY   PICNIC BAG,196
Lost Customers,STRAWBERRY BATH SPONGE ,118
Lost Customers,STRAWBERRY CERAMIC TRINKET BOX,724
Lost Customers,STRAWBERRY CHARLOTTE BAG,583
Lost Customers,STRAWBERRY DREAM CHILDS UMBRELLA,8
Lost Customers,STRAWBERRY FAIRY CAKE TEAPOT,68
Lost Customers,STRAWBERRY HONEYCOMB  GARLAND ,158
Lost Customers,STRAWBERRY LUNCH BOX WITH CUTLERY,149
Lost Customers,STRAWBERRY RAFFIA FOOD COVER,31
Lost Customers,STRAWBERRY SHOPPER BAG,114
Lost Customers,STRAWBRY SCENTED VOTIVE CANDLE,96
Lost Customers,"STRING OF 8 BUTTERFLIES,PINK",4
Lost Customers,STRING OF STARS CARD HOLDER,6
Lost Customers,STRIPES DESIGN MONKEY DOLL,6
Lost Customers,STRIPES DESIGN TEDDY,3
Lost Customers,STRIPEY CHOCOLATE NESTING BOXES,31
Lost Customers,STRIPY DESIGN SHOWER CAP,11
Lost Customers,SUKI  SHOULDER BAG,341
Lost Customers,SUMMER DAISIES BAG CHARM,6
Lost Customers,SUMMER FUN DESIGN SHOWER CAP,27
Lost Customers,SUNFLOWER DECORATIVE PARASOL,8
Lost Customers,SUNSET CHECK HAMMOCK,27
Lost Customers,SUNSET COLOUR CHUNKY KNITTED THROW,3
Lost Customers,SWALLOW SQUARE TISSUE BOX,7
Lost Customers,SWALLOW WOODEN CHRISTMAS DECORATION,31
Lost Customers,SWALLOWS GREETING CARD,384
Lost Customers,SWEETHEART CAKESTAND 3 TIER,148
Lost Customers,SWEETHEART CARRY-ALL BASKET,1
Lost Customers,SWEETHEART CERAMIC TRINKET BOX,587
Lost Customers,SWEETHEART CREAM STEEL TABLE RECT,1
Lost Customers,SWEETHEART RECIPE BOOK STAND,65
Lost Customers,SWEETHEART WIRE FRUIT BOWL,23
Lost Customers,SWEETHEART WIRE MAGAZINE RACK,54
Lost Customers,SWEETHEART WIRE WALL TIDY,33
Lost Customers,SWIRLY CIRCULAR RUBBERS IN BAG,2
Lost Customers,SWISS CHALET TREE DECORATION ,38
Lost Customers,SWISS ROLL TOWEL PINK  SPOTS,208
Lost Customers,"SWISS ROLL TOWEL, CHOCOLATE  SPOTS",47
Lost Customers,T-LIGHT GLASS FLUTED ANTIQUE,607
Lost Customers,T-LIGHT HOLDER HANGING LACE,50
Lost Customers,T-LIGHT HOLDER SILVER HEART HANDLE,6
Lost Customers,T-LIGHT HOLDER SILVER SAUCER,12
Lost Customers,T-LIGHT HOLDER SWEETHEART HANGING,74
Lost Customers,TABLE LAMP WHITE SHADE WOOD BASE,38
Lost Customers,TABLECLOTH RED APPLES DESIGN ,36
Lost Customers,TALL ROCOCO CANDLE HOLDER,2
Lost Customers,TEA BAG PLATE RED RETROSPOT,188
Lost Customers,TEA COSY BLUE STRIPE,8
Lost Customers,TEA COSY RED  STRIPE,1
Lost Customers,TEA FOR ONE POLKADOT,22
Lost Customers,TEA PARTY  WRAPPING PAPER ,300
Lost Customers,TEA PARTY BIRTHDAY CARD,348
Lost Customers,TEA TIME BREAKFAST BASKET,1
Lost Customers,TEA TIME DES TEA COSY,39
Lost Customers,TEA TIME KITCHEN APRON,43
Lost Customers,TEA TIME OVEN GLOVE,114
Lost Customers,TEA TIME PARTY BUNTING,229
Lost Customers,TEA TIME TABLE CLOTH,13
Lost Customers,TEA TIME TEA SET IN GIFT BOX,14
Lost Customers,TEA TIME TEAPOT IN GIFT BOX,15
Lost Customers,TEAL/FUSCHIA COL BEAD NECKLACE,1
Lost Customers,TEATIME PEN CASE & PENS,6
Lost Customers,TEATIME ROUND PENCIL SHARPENER ,24
Lost Customers,THREE CANVAS LUGGAGE TAGS,1
Lost Customers,TOADSTOOL BEDSIDE LIGHT ,2
Lost Customers,TOADSTOOL MONEY BOX,33
Lost Customers,TOAST ITS - BEST MUM,70
Lost Customers,TOAST ITS - DINOSAUR,2
Lost Customers,TOAST ITS - FAIRY FLOWER,37
Lost Customers,TOAST ITS - HAPPY BIRTHDAY,56
Lost Customers,TOAST ITS - I LOVE YOU ,109
Lost Customers,TOILET METAL SIGN,305
Lost Customers,TOILET SIGN OCCUPIED OR VACANT,201
Lost Customers,TOMATO CHARLIE+LOLA COASTER SET,8
Lost Customers,TOOL BOX SOFT TOY ,16
Lost Customers,TOOTHPASTE TUBE PEN,31
Lost Customers,TOP SECRET PEN SET,1
Lost Customers,TOTE BAG I LOVE LONDON,67
Lost Customers,TOXIC AREA  DOOR HANGER ,44
Lost Customers,TOY TIDY DOLLY GIRL DESIGN,55
Lost Customers,TOY TIDY PINK POLKADOT,178
Lost Customers,TOY TIDY SPACEBOY  ,171
Lost Customers,TOYBOX  WRAP ,50
Lost Customers,TRADITIONAL CHRISTMAS RIBBONS,67
Lost Customers,TRADITIONAL KNITTING NANCY,491
Lost Customers,TRADITIONAL MODELLING CLAY,679
Lost Customers,TRADITIONAL WOODEN CATCH CUP GAME ,297
Lost Customers,TRADITIONAL WOODEN SKIPPING ROPE,294
Lost Customers,TRANQUILITY MASALA INCENSE,50
Lost Customers,TRAVEL CARD WALLET FLOWER MEADOW,28
Lost Customers,TRAVEL CARD WALLET I LOVE LONDON,7
Lost Customers,TRAVEL CARD WALLET KEEP CALM,125
Lost Customers,TRAVEL CARD WALLET PANTRY,55
Lost Customers,TRAVEL CARD WALLET RETRO PETALS,46
Lost Customers,TRAVEL CARD WALLET RETROSPOT,36
Lost Customers,TRAVEL CARD WALLET SKULLS,74
Lost Customers,TRAVEL CARD WALLET SUKI,94
Lost Customers,TRAVEL CARD WALLET TRANSPORT,134
Lost Customers,TRAVEL CARD WALLET UNION JACK,84
Lost Customers,TRAVEL CARD WALLET VINTAGE ROSE ,14
Lost Customers,TRAVEL CARD WALLET VINTAGE TICKET,103
Lost Customers,TRAVEL SEWING KIT,270
Lost Customers,"TRAY, BREAKFAST IN BED",21
Lost Customers,TREASURE ISLAND BOOK BOX,78
Lost Customers,TREASURE TIN BUFFALO BILL ,28
Lost Customers,TREASURE TIN GYMKHANA DESIGN,23
Lost Customers,TREE T-LIGHT HOLDER WILLIE WINKIE,12
Lost Customers,TRIANGULAR POUFFE VINTAGE ,2
Lost Customers,TRIPLE HOOK ANTIQUE IVORY ROSE,46
Lost Customers,TRIPLE PHOTO FRAME CORNICE ,46
Lost Customers,TRIPLE WIRE HOOK IVORY HEART,18
Lost Customers,TRIPLE WIRE HOOK PINK HEART,18
Lost Customers,TROPICAL  HONEYCOMB PAPER GARLAND ,70
Lost Customers,TROPICAL HOLIDAY PURSE ,1
Lost Customers,TROPICAL LUGGAGE TAG,4
Lost Customers,TROPICAL PASSPORT COVER ,6
Lost Customers,TUB 24 PINK FLOWER PEGS,23
Lost Customers,TUMBLER BAROQUE,24
Lost Customers,TUMBLER NEW ENGLAND,78
Lost Customers,"TUMBLER, BAROQUE",12
Lost Customers,TURQ PENDANT TRIPLE SHELL NECKLACE,1
Lost Customers,TURQ+RED BOUDICCA LARGE BRACELET,2
Lost Customers,TURQUOISE BERTIE GLASS BEAD CHARM,1
Lost Customers,TURQUOISE CHRISTMAS TREE ,1
Lost Customers,TV DINNER TRAY AIR HOSTESS ,49
Lost Customers,TV DINNER TRAY DOLLY GIRL,25
Lost Customers,TV DINNER TRAY VINTAGE PAISLEY,46
Lost Customers,TWO DOOR CURIO CABINET,35
Lost Customers,UNION FLAG WINDSOCK,10
Lost Customers,UNION JACK FLAG LUGGAGE TAG,50
Lost Customers,UNION JACK FLAG PASSPORT COVER ,60
Lost Customers,UNION STRIPE CUSHION COVER ,62
Lost Customers,UNION STRIPE WITH FRINGE  HAMMOCK,73
Lost Customers,URBAN BLACK RIBBONS ,5
Lost Customers,UTILTY CABINET WITH HOOKS,1
Lost Customers,VANILLA INCENSE 40 CONES IN TIN,1
Lost Customers,VANILLA INCENSE IN TIN,163
Lost Customers,VANILLA SCENT CANDLE JEWELLED BOX,67
Lost Customers,VICTORIAN  METAL POSTCARD SPRING,246
Lost Customers,VICTORIAN GLASS HANGING T-LIGHT,1566
Lost Customers,VICTORIAN SEWING BOX LARGE,95
Lost Customers,VICTORIAN SEWING BOX MEDIUM,34
Lost Customers,VICTORIAN SEWING BOX SMALL ,46
Lost Customers,VICTORIAN SEWING KIT,33
Lost Customers,VINTAGE  2 METER FOLDING RULER,55
Lost Customers,VINTAGE BEAD NOTEBOOK,6
Lost Customers,VINTAGE BEAD PINK EVENING BAG,24
Lost Customers,VINTAGE BEAD PINK JEWEL BOX,1
Lost Customers,VINTAGE BEAD PINK PURSE ,3
Lost Customers,VINTAGE BEAD PINK SCARF ,1
Lost Customers,VINTAGE BILLBOARD DRINK ME MUG,32
Lost Customers,VINTAGE BILLBOARD LOVE/HATE MUG,47
Lost Customers,VINTAGE BILLBOARD MUG ,13
Lost Customers,VINTAGE BILLBOARD TEA MUG,32
Lost Customers,VINTAGE BLUE KITCHEN CABINET,4
Lost Customers,VINTAGE BLUE TINSEL REEL,2
Lost Customers,VINTAGE CARAVAN GIFT WRAP,100
Lost Customers,VINTAGE CARAVAN GREETING CARD ,120
Lost Customers,VINTAGE CREAM 3 BASKET CAKE STAND,41
Lost Customers,VINTAGE CREAM CAT FOOD CONTAINER,62
Lost Customers,VINTAGE CREAM DOG FOOD CONTAINER,56
Lost Customers,VINTAGE DONKEY TAIL GAME ,32
Lost Customers,VINTAGE EMBOSSED HEART,108
Lost Customers,VINTAGE ENAMEL & CRYSTAL EARRINGS,6
Lost Customers,VINTAGE ENAMEL & CRYSTAL NECKLACE,4
Lost Customers,VINTAGE ENGRAVED HEART,12
Lost Customers,VINTAGE GLASS COFFEE CADDY,8
Lost Customers,VINTAGE GLASS T-LIGHT HOLDER,48
Lost Customers,VINTAGE GLASS TEA CADDY,2
Lost Customers,VINTAGE HEADS AND TAILS CARD GAME ,385
Lost Customers,VINTAGE KEEPSAKE BOX PARIS DAYS,4
Lost Customers,VINTAGE KEEPSAKE BOX TRAVELOGUE,8
Lost Customers,VINTAGE KID DOLLY CARD ,204
Lost Customers,VINTAGE KITCHEN PRINT PUDDINGS,1
Lost Customers,VINTAGE KITCHEN PRINT SEAFOOD,6
Lost Customers,VINTAGE KITCHEN PRINT VEGETABLES,6
Lost Customers,VINTAGE LEAF MAGNETIC NOTEPAD,2
Lost Customers,VINTAGE NOTEBOOK BEAUTY GIRL,2
Lost Customers,VINTAGE NOTEBOOK PARIS DAYS,24
Lost Customers,VINTAGE NOTEBOOK TRAVELOGUE,6
Lost Customers,VINTAGE PAISLEY STATIONERY SET,70
Lost Customers,VINTAGE POST OFFICE CABINET,1
Lost Customers,VINTAGE RED ENAMEL TRIM JUG ,18
Lost Customers,VINTAGE RED ENAMEL TRIM MUG ,96
Lost Customers,VINTAGE RED ENAMEL TRIM PLATE,12
Lost Customers,VINTAGE RED KITCHEN CABINET,11
Lost Customers,VINTAGE RED MUG,20
Lost Customers,VINTAGE RED TEATIME MUG,28
Lost Customers,VINTAGE RED TRIM ENAMEL BOWL ,24
Lost Customers,VINTAGE ROSE BEAD BRACELET RASPBERR,4
Lost Customers,VINTAGE SEASIDE JIGSAW PUZZLES,57
Lost Customers,VINTAGE SHELLS PRINT,1
Lost Customers,VINTAGE SNAKES & LADDERS,82
Lost Customers,VINTAGE SNAP CARDS,547
Lost Customers,VINTAGE UNION JACK APRON,52
Lost Customers,VINTAGE UNION JACK BUNTING,387
Lost Customers,VINTAGE UNION JACK CUSHION COVER,95
Lost Customers,VINTAGE UNION JACK DOORSTOP,36
Lost Customers,VINTAGE UNION JACK MEMOBOARD,45
Lost Customers,VINTAGE UNION JACK PENNANT,97
Lost Customers,VINTAGE UNION JACK SHOPPING BAG,15
Lost Customers,VINTAGE WOODEN BAR STOOL,4
Lost Customers,VINYL RECORD FRAME SILVER,6
Lost Customers,VIPPASSPORT COVER ,11
Lost Customers,WAKE UP COCKEREL CALENDAR SIGN ,12
Lost Customers,WAKE UP COCKEREL TILE COASTER,48
Lost Customers,WAKE UP COCKEREL TILE HOOK,7
Lost Customers,WALL TIDY RETROSPOT ,85
Lost Customers,WASH BAG VINTAGE ROSE PAISLEY,60
Lost Customers,WASHROOM METAL SIGN,184
Lost Customers,WATERING CAN BLUE ELEPHANT,144
Lost Customers,WATERING CAN GARDEN MARKER,88
Lost Customers,WATERING CAN GREEN DINOSAUR,99
Lost Customers,WATERING CAN PINK BUNNY,137
Lost Customers,WAY OUT METAL SIGN ,16
Lost Customers,WELCOME  WOODEN BLOCK LETTERS,66
Lost Customers,WHEELBARROW FOR CHILDREN ,18
Lost Customers,WHITE  ROSEBUD PEARL BRACELET,2
Lost Customers,WHITE 3 FRAME BIRDS AND TREE ,3
Lost Customers,WHITE ALLIUM  ARTIFICIAL FLOWER,5
Lost Customers,WHITE AND BLUE CERAMIC OIL BURNER,1
Lost Customers,WHITE BAMBOO RIBS LAMPSHADE,8
Lost Customers,WHITE BAROQUE WALL CLOCK ,1
Lost Customers,WHITE BEADED GARLAND STRING 20LIGHT,1
Lost Customers,WHITE BELL HONEYCOMB PAPER ,55
Lost Customers,WHITE BELL HONEYCOMB PAPER GARLAND ,110
Lost Customers,WHITE BROCANTE SOAP DISH,76
Lost Customers,WHITE CANDYSTUFT ARTIFICIAL FLOWER,18
Lost Customers,WHITE CHRISTMAS FLOCK DROPLET ,24
Lost Customers,WHITE CHRISTMAS GARLAND STARS TREES,4
Lost Customers,WHITE CHRISTMAS STAR DECORATION,1
Lost Customers,WHITE CHRYSANTHEMUMS ART FLOWER,24
Lost Customers,WHITE GOOSE FEATHER CHRISTMAS TREE ,18
Lost Customers,WHITE HAND TOWEL WITH BUTTERFLY,7
Lost Customers,WHITE HANGING BEADS CANDLE HOLDER,8
Lost Customers,WHITE HANGING HEART T-LIGHT HOLDER,2241
Lost Customers,WHITE HEART CONFETTI IN TUBE,85
Lost Customers,WHITE HEARTS WIRE PLANT POT HOLDER,22
Lost Customers,WHITE HONEYCOMB PAPER GARLAND ,44
Lost Customers,WHITE JEWELLED HEART DECORATION,184
Lost Customers,WHITE LOVEBIRD LANTERN,82
Lost Customers,WHITE METAL LANTERN,116
Lost Customers,WHITE ROCKING HORSE HAND PAINTED,72
Lost Customers,WHITE ROSEBUD & PEARL NECKLACE,2
Lost Customers,WHITE SAGE INCENSE,50
Lost Customers,WHITE SKULL HOT WATER BOTTLE ,70
Lost Customers,WHITE SOAP RACK WITH 2 BOTTLES,9
Lost Customers,WHITE SPOT BLUE CERAMIC DRAWER KNOB,187
Lost Customers,WHITE SPOT RED CERAMIC DRAWER KNOB,204
Lost Customers,WHITE SQUARE TABLE CLOCK,6
Lost Customers,WHITE STITCHED CUSHION COVER,2
Lost Customers,WHITE STITCHED WALL CLOCK,46
Lost Customers,WHITE TALL PORCELAIN T-LIGHT HOLDER,27
Lost Customers,"WHITE TEA,COFFEE,SUGAR JARS",48
Lost Customers,WHITE TISSUE REAM,5
Lost Customers,WHITE TRAVEL ALARM CLOCK,4
Lost Customers,WHITE VINT ART DECO CRYSTAL NECKLAC,2
Lost Customers,WHITE VINTAGE CRYSTAL BRACELET,2
Lost Customers,WHITE VINTAGE CRYSTAL EARRINGS,4
Lost Customers,WHITE WICKER STAR ,8
Lost Customers,WHITE WIRE EGG HOLDER,14
Lost Customers,WHITE WIRE PLANT POT HOLDER,8
Lost Customers,WHITE WOOD GARDEN PLANT LADDER,92
Lost Customers,WHITE/PINK CHICK DECORATION,16
Lost Customers,WHITE/PINK CHICK EASTER DECORATION,1
Lost Customers,WHITE/PINK MINI CRYSTALS NECKLACE,4
Lost Customers,WICKER STAR ,86
Lost Customers,WICKER WREATH LARGE,31
Lost Customers,WICKER WREATH SMALL,25
Lost Customers,WINE BOTTLE DRESSING DARK BLUE,6
Lost Customers,WISE MAN STAR SHAPE EGG PAN,1
Lost Customers,WOOD 2 DRAWER CABINET WHITE FINISH,76
Lost Customers,WOOD AND GLASS MEDICINE CABINET,2
Lost Customers,WOOD BLACK BOARD ANT WHITE FINISH,186
Lost Customers,WOOD S/3 CABINET ANT WHITE FINISH,76
Lost Customers,WOOD STAMP SET BEST WISHES,23
Lost Customers,WOOD STAMP SET FLOWERS,37
Lost Customers,WOOD STAMP SET HAPPY BIRTHDAY,55
Lost Customers,WOOD STAMP SET THANK YOU,73
Lost Customers,WOOD STOCKING CHRISTMAS SCANDISPOT,22
Lost Customers,WOODEN ADVENT CALENDAR CREAM,3
Lost Customers,WOODEN ADVENT CALENDAR RED,2
Lost Customers,WOODEN BOX ADVENT CALENDAR ,4
Lost Customers,WOODEN BOX OF DOMINOES,226
Lost Customers,WOODEN CROQUET GARDEN SET,68
Lost Customers,WOODEN FRAME ANTIQUE WHITE ,243
Lost Customers,WOODEN HAPPY BIRTHDAY GARLAND,128
Lost Customers,WOODEN HEART CHRISTMAS SCANDINAVIAN,69
Lost Customers,WOODEN OWLS LIGHT GARLAND ,63
Lost Customers,WOODEN PICTURE FRAME WHITE FINISH,394
Lost Customers,WOODEN REGATTA BUNTING,29
Lost Customers,WOODEN ROUNDERS GARDEN SET ,131
Lost Customers,WOODEN SCHOOL COLOURING SET,589
Lost Customers,WOODEN SKITTLES GARDEN SET,61
Lost Customers,WOODEN STAR CHRISTMAS SCANDINAVIAN,36
Lost Customers,WOODEN TREE CHRISTMAS SCANDINAVIAN,4
Lost Customers,WOODEN UNION JACK BUNTING,229
Lost Customers,WOODLAND  HEIGHT CHART STICKERS ,38
Lost Customers,WOODLAND  STICKERS,52
Lost Customers,WOODLAND CHARLOTTE BAG,399
Lost Customers,WOODLAND DESIGN  COTTON TOTE BAG,31
Lost Customers,WOODLAND PARTY BAG + STICKER SET,57
Lost Customers,WOODLAND STORAGE BOX LARGE ,12
Lost Customers,WOODLAND STORAGE BOX SMALL,13
Lost Customers,WORLD WAR 2 GLIDERS ASSTD DESIGNS,5473
Lost Customers,WOVEN BERRIES CUSHION COVER ,6
Lost Customers,WOVEN BUBBLE GUM CUSHION COVER,8
Lost Customers,WOVEN CANDY CUSHION COVER ,6
Lost Customers,WOVEN FROST CUSHION COVER,2
Lost Customers,WOVEN ROSE GARDEN CUSHION COVER ,8
Lost Customers,WOVEN SUNSET CUSHION COVER ,8
Lost Customers,WRAP ALPHABET DESIGN,400
Lost Customers,WRAP BAD HAIR DAY,75
Lost Customers,WRAP BILLBOARD FONTS DESIGN,75
Lost Customers,WRAP CAROUSEL,50
Lost Customers,WRAP CHRISTMAS SCREEN PRINT,25
Lost Customers,WRAP CIRCUS PARADE,200
Lost Customers,WRAP COWBOYS  ,300
Lost Customers,WRAP DAISY CARPET ,85
Lost Customers,WRAP DOILEY DESIGN,325
Lost Customers,WRAP DOLLY GIRL,225
Lost Customers,WRAP ENGLISH ROSE ,675
Lost Customers,WRAP GINGHAM ROSE ,50
Lost Customers,WRAP GREEN PEARS ,150
Lost Customers,WRAP I LOVE LONDON ,300
Lost Customers,WRAP MONSTER FUN ,150
Lost Customers,WRAP PINK FAIRY CAKES ,525
Lost Customers,WRAP POPPIES  DESIGN,275
Lost Customers,WRAP RED APPLES ,350
Lost Customers,WRAP SUKI AND FRIENDS,150
Lost Customers,WRAP SUMMER ROSE DESIGN,25
Lost Customers,WRAP VINTAGE PETALS  DESIGN,450
Lost Customers,WRAP WEDDING DAY,125
Lost Customers,"WRAP, BILLBOARD FONTS DESIGN",100
Lost Customers,YELLOW BREAKFAST CUP AND SAUCER,8
Lost Customers,YELLOW COAT RACK PARIS FASHION,18
Lost Customers,YELLOW EASTER EGG HUNT START POST,13
Lost Customers,YELLOW FELT HANGING HEART W FLOWER,14
Lost Customers,YELLOW FLOWERS FELT HANDBAG KIT,6
Lost Customers,YELLOW GIANT GARDEN THERMOMETER,22
Lost Customers,YELLOW METAL CHICKEN HEART ,114
Lost Customers,YELLOW POT PLANT CANDLE,2
Lost Customers,YELLOW SHARK HELICOPTER,3
Lost Customers,YELLOW/ORANGE FLOWER DESIGN PLATE,8
Lost Customers,YELLOW/PINK FLOWER DESIGN BIG MUG,3
Lost Customers,YOU'RE CONFUSING ME METAL SIGN ,127
Lost Customers,YULETIDE IMAGES GIFT WRAP SET,77
Lost Customers,YULETIDE IMAGES S/6 PAPER BOXES,1
Lost Customers,ZINC  HEART T-LIGHT HOLDER,50
Lost Customers,ZINC  STAR T-LIGHT HOLDER ,32
Lost Customers,ZINC FINISH 15CM PLANTER POTS,122
Lost Customers,ZINC HEART FLOWER T-LIGHT HOLDER,36
Lost Customers,ZINC HEART LATTICE 2 WALL PLANTER,2
Lost Customers,ZINC HEART LATTICE CHARGER LARGE,8
Lost Customers,ZINC HEART LATTICE CHARGER SMALL,4
Lost Customers,ZINC HEART LATTICE T-LIGHT HOLDER,54
Lost Customers,ZINC HEARTS PLANT POT HOLDER,8
Lost Customers,ZINC HERB GARDEN CONTAINER,82
Lost Customers,ZINC METAL HEART DECORATION,380
Lost Customers,ZINC STAR T-LIGHT HOLDER ,8
Lost Customers,ZINC SWEETHEART SOAP DISH,6
Lost Customers,ZINC SWEETHEART WIRE LETTER RACK,6
Lost Customers,ZINC T-LIGHT HOLDER STAR LARGE,51
Lost Customers,ZINC T-LIGHT HOLDER STARS SMALL,351
Lost Customers,ZINC TOP  2 DOOR WOODEN SHELF ,2
Lost Customers,ZINC WILLIE WINKIE  CANDLE STICK,121
Lost Customers,ZINC WIRE KITCHEN ORGANISER,2
Loyal Customers, 4 PURPLE FLOCK DINNER CANDLES,36
Loyal Customers, 50'S CHRISTMAS GIFT BAG LARGE,638
Loyal Customers, DOLLY GIRL BEAKER,294
Loyal Customers, I LOVE LONDON MINI BACKPACK,87
Loyal Customers, NINE DRAWER OFFICE TIDY,3
Loyal Customers, OVAL WALL MIRROR DIAMANTE ,37
Loyal Customers, RED SPOT GIFT BAG LARGE,642
Loyal Customers, SET 2 TEA TOWELS I LOVE LONDON ,1414
Loyal Customers, SPACEBOY BABY GIFT SET,90
Loyal Customers, TOADSTOOL BEDSIDE LIGHT ,2
Loyal Customers, TRELLIS COAT RACK,113
Loyal Customers,10 COLOUR SPACEBOY PEN,605
Loyal Customers,12 COLOURED PARTY BALLOONS,505
Loyal Customers,12 DAISY PEGS IN WOOD BOX,5
Loyal Customers,12 EGG HOUSE PAINTED WOOD,26
Loyal Customers,12 IVORY ROSE PEG PLACE SETTINGS,228
Loyal Customers,12 MESSAGE CARDS WITH ENVELOPES,487
Loyal Customers,12 PENCIL SMALL TUBE WOODLAND,563
Loyal Customers,12 PENCILS SMALL TUBE RED RETROSPOT,2471
Loyal Customers,12 PENCILS SMALL TUBE SKULL,3469
Loyal Customers,12 PENCILS TALL TUBE POSY,504
Loyal Customers,12 PENCILS TALL TUBE RED RETROSPOT,488
Loyal Customers,12 PENCILS TALL TUBE SKULLS,276
Loyal Customers,12 PENCILS TALL TUBE WOODLAND,174
Loyal Customers,12 PINK HEN+CHICKS IN BASKET,7
Loyal Customers,12 PINK ROSE PEG PLACE SETTINGS,45
Loyal Customers,12 RED ROSE PEG PLACE SETTINGS,67
Loyal Customers,15CM CHRISTMAS GLASS BALL 20 LIGHTS,286
Loyal Customers,16 PIECE CUTLERY SET PANTRY DESIGN,29
Loyal Customers,18PC WOODEN CUTLERY SET DISPOSABLE,272
Loyal Customers,2 PICTURE BOOK EGGS EASTER BUNNY,42
Loyal Customers,2 PICTURE BOOK EGGS EASTER CHICKS,36
Loyal Customers,2 PICTURE BOOK EGGS EASTER DUCKS,39
Loyal Customers,20 DOLLY PEGS RETROSPOT,343
Loyal Customers,200 BENDY SKULL STRAWS,42
Loyal Customers,200 RED + WHITE BENDY STRAWS,263
Loyal Customers,3 BIRDS CANVAS SCREEN,1
Loyal Customers,3 DRAWER ANTIQUE WHITE WOOD CABINET,157
Loyal Customers,3 GARDENIA MORRIS BOXED CANDLES,51
Loyal Customers,3 HEARTS HANGING DECORATION RUSTIC,566
Loyal Customers,3 HOOK HANGER MAGIC GARDEN,207
Loyal Customers,3 HOOK PHOTO SHELF ANTIQUE WHITE,246
Loyal Customers,3 PIECE SPACEBOY COOKIE CUTTER SET,435
Loyal Customers,3 PINK HEN+CHICKS IN BASKET,3
Loyal Customers,3 RAFFIA RIBBONS 50'S CHRISTMAS ,444
Loyal Customers,3 RAFFIA RIBBONS VINTAGE CHRISTMAS,232
Loyal Customers,3 ROSE MORRIS BOXED CANDLES,132
Loyal Customers,3 STRIPEY MICE FELTCRAFT,676
Loyal Customers,3 TIER CAKE TIN GREEN AND CREAM,46
Loyal Customers,3 TIER CAKE TIN RED AND CREAM,65
Loyal Customers,3 TIER SWEETHEART GARDEN SHELF,8
Loyal Customers,3 TRADITIONAL COOKIE CUTTERS  SET,12
Loyal Customers,3 TRADITIONAl BISCUIT CUTTERS  SET,204
Loyal Customers,3 WHITE CHOC MORRIS BOXED CANDLES,116
Loyal Customers,36 DOILIES DOLLY GIRL,349
Loyal Customers,36 DOILIES VINTAGE CHRISTMAS,1117
Loyal Customers,36 FOIL HEART CAKE CASES,184
Loyal Customers,36 FOIL STAR CAKE CASES ,145
Loyal Customers,36 PENCILS TUBE RED RETROSPOT,738
Loyal Customers,36 PENCILS TUBE SKULLS,280
Loyal Customers,36 PENCILS TUBE WOODLAND,143
Loyal Customers,3D CHRISTMAS STAMPS STICKERS ,168
Loyal Customers,3D DOG PICTURE PLAYING CARDS,49
Loyal Customers,3D HEARTS  HONEYCOMB PAPER GARLAND,64
Loyal Customers,3D SHEET OF CAT STICKERS,27
Loyal Customers,3D SHEET OF DOG STICKERS,52
Loyal Customers,3D TRADITIONAL CHRISTMAS STICKERS,182
Loyal Customers,3D VINTAGE CHRISTMAS STICKERS ,318
Loyal Customers,4 BLUE DINNER CANDLES SILVER FLOCK,14
Loyal Customers,4 BURGUNDY WINE DINNER CANDLES,24
Loyal Customers,4 IVORY DINNER CANDLES SILVER FLOCK,66
Loyal Customers,4 LAVENDER BOTANICAL DINNER CANDLES,255
Loyal Customers,4 LILY  BOTANICAL DINNER CANDLES,98
Loyal Customers,4 PEAR BOTANICAL DINNER CANDLES,46
Loyal Customers,4 PINK DINNER CANDLE SILVER FLOCK,24
Loyal Customers,4 PINK FLOCK CHRISTMAS BALLS,7
Loyal Customers,4 ROSE PINK DINNER CANDLES,15
Loyal Customers,4 SKY BLUE DINNER CANDLES,12
Loyal Customers,4 TRADITIONAL SPINNING TOPS,1053
Loyal Customers,4 VANILLA BOTANICAL CANDLES,269
Loyal Customers,4 WILDFLOWER BOTANICAL CANDLES,85
Loyal Customers,5 HOOK HANGER MAGIC TOADSTOOL,96
Loyal Customers,5 HOOK HANGER RED MAGIC TOADSTOOL,293
Loyal Customers,5 STRAND GLASS NECKLACE AMETHYST,2
Loyal Customers,5 STRAND GLASS NECKLACE BLACK,2
Loyal Customers,5 STRAND GLASS NECKLACE CRYSTAL,2
Loyal Customers,50'S CHRISTMAS PAPER GIFT BAG,386
Loyal Customers,50CM METAL STRING WITH  7 CLIPS,152
Loyal Customers,6 CHOCOLATE LOVE HEART T-LIGHTS,580
Loyal Customers,6 EGG HOUSE PAINTED WOOD,19
Loyal Customers,6 GIFT TAGS 50'S CHRISTMAS ,520
Loyal Customers,6 GIFT TAGS VINTAGE CHRISTMAS ,608
Loyal Customers,6 RIBBONS ELEGANT CHRISTMAS ,695
Loyal Customers,6 RIBBONS EMPIRE  ,244
Loyal Customers,6 RIBBONS RUSTIC CHARM,2285
Loyal Customers,6 RIBBONS SHIMMERING PINKS ,357
Loyal Customers,6 ROCKET BALLOONS ,423
Loyal Customers,60 CAKE CASES DOLLY GIRL DESIGN,1897
Loyal Customers,60 CAKE CASES VINTAGE CHRISTMAS,5048
Loyal Customers,60 TEATIME FAIRY CAKE CASES,3949
Loyal Customers,6PC WOOD PLATE SET DISPOSABLE,357
Loyal Customers,70'S ALPHABET WALL ART,4
Loyal Customers,72 SWEETHEART FAIRY CAKE CASES,2562
Loyal Customers,75 GREEN FAIRY CAKE CASES,4
Loyal Customers,75 GREEN PETIT FOUR CASES,24
Loyal Customers,A PRETTY THANK YOU CARD,132
Loyal Customers,A4 WALL TIDY BLUE OFFICE,48
Loyal Customers,A4 WALL TIDY RED FLOWERS,4
Loyal Customers,ABC TREASURE BOOK BOX ,790
Loyal Customers,ABSTRACT CIRCLE JOURNAL ,4
Loyal Customers,ABSTRACT CIRCLES POCKET BOOK,13
Loyal Customers,ABSTRACT CIRCLES SKETCHBOOK ,11
Loyal Customers,ACRYLIC GEOMETRIC LAMP,3
Loyal Customers,"ACRYLIC HANGING JEWEL,BLUE",18
Loyal Customers,"ACRYLIC HANGING JEWEL,PINK",4
Loyal Customers,"ACRYLIC JEWEL ICICLE, BLUE",1
Loyal Customers,"ACRYLIC JEWEL ICICLE, PINK",39
Loyal Customers,"ACRYLIC JEWEL SNOWFLAKE, PINK",48
Loyal Customers,ADULT APRON APPLE DELIGHT,81
Loyal Customers,ADVENT CALENDAR GINGHAM SACK,365
Loyal Customers,AFGHAN SLIPPER SOCK PAIR,130
Loyal Customers,AGED GLASS SILVER T-LIGHT HOLDER,3357
Loyal Customers,AIRLINE BAG VINTAGE JET SET BROWN,63
Loyal Customers,AIRLINE BAG VINTAGE JET SET RED,100
Loyal Customers,AIRLINE BAG VINTAGE JET SET WHITE,38
Loyal Customers,AIRLINE BAG VINTAGE TOKYO 78,165
Loyal Customers,AIRLINE BAG VINTAGE WORLD CHAMPION ,45
Loyal Customers,"AIRLINE LOUNGE,METAL SIGN",191
Loyal Customers,ALARM CLOCK BAKELIKE CHOCOLATE,725
Loyal Customers,ALARM CLOCK BAKELIKE GREEN,3309
Loyal Customers,ALARM CLOCK BAKELIKE IVORY,920
Loyal Customers,ALARM CLOCK BAKELIKE ORANGE,1215
Loyal Customers,ALARM CLOCK BAKELIKE PINK,2553
Loyal Customers,ALARM CLOCK BAKELIKE RED ,3629
Loyal Customers,ALPHABET HEARTS STICKER SHEET,210
Loyal Customers,ALPHABET STENCIL CRAFT,1955
Loyal Customers,ALUMINIUM HEART,6
Loyal Customers,ALUMINIUM STAMPED HEART,135
Loyal Customers,AMBER FINE BEAD NECKLACE W TASSEL,2
Loyal Customers,AMBER GLASS/SHELL/PEARL NECKLACE,1
Loyal Customers,ANGEL DECORATION 3 BUTTONS ,814
Loyal Customers,ANGEL DECORATION PAINTED ZINC ,80
Loyal Customers,ANGEL DECORATION STARS ON DRESS,516
Loyal Customers,ANGEL DECORATION WITH LACE PADDED,120
Loyal Customers,ANIMAL STICKERS,72
Loyal Customers,ANIMALS AND NATURE WALL ART,18
Loyal Customers,ANT COPPER LIME BOUDICCA BRACELET,2
Loyal Customers,ANT COPPER TURQ BOUDICCA BRACELET,2
Loyal Customers,ANT SILVER FUSCHIA BOUDICCA RING,1
Loyal Customers,ANT SILVER LIME GREEN BOUDICCA RING,2
Loyal Customers,ANT SILVER PURPLE BOUDICCA RING,1
Loyal Customers,ANT WHITE WIRE HEART SPIRAL,126
Loyal Customers,ANTIQUE ALL GLASS CANDLESTICK,25
Loyal Customers,ANTIQUE CREAM CUTLERY SHELF ,5
Loyal Customers,ANTIQUE GLASS DRESSING TABLE POT,754
Loyal Customers,ANTIQUE GLASS HEART DECORATION ,27
Loyal Customers,ANTIQUE GLASS PEDESTAL BOWL,323
Loyal Customers,ANTIQUE HEART SHELF UNIT,33
Loyal Customers,ANTIQUE IVORY WIRE BOWL SMALL,22
Loyal Customers,ANTIQUE SILVER BAUBLE LAMP  ,78
Loyal Customers,ANTIQUE SILVER T-LIGHT GLASS,3231
Loyal Customers,ANTIQUE SILVER TEA GLASS ENGRAVED,2185
Loyal Customers,ANTIQUE SILVER TEA GLASS ETCHED,1459
Loyal Customers,ANTIQUE TALL SWIRLGLASS TRINKET POT,145
Loyal Customers,APOTHECARY MEASURING JAR,6
Loyal Customers,APPLE BATH SPONGE,395
Loyal Customers,APRON APPLE DELIGHT,46
Loyal Customers,APRON MODERN VINTAGE COTTON,105
Loyal Customers,AREA PATROLLED METAL SIGN,1772
Loyal Customers,"ART LIGHTS,FUNK MONKEY",171
Loyal Customers,ASS COL CIRCLE MOBILE ,432
Loyal Customers,ASS COL SMALL SAND GECKO P'WEIGHT,4
Loyal Customers,ASS COLOUR GLOWING TIARAS,12
Loyal Customers,ASS DES PHONE SPONGE CRAFT STICKER,61
Loyal Customers,ASS FLORAL PRINT MULTI SCREWDRIVER,778
Loyal Customers,ASS FLORAL PRINT SPIRIT LEVEL ,5
Loyal Customers,ASSORTED BOTTLE TOP  MAGNETS ,966
Loyal Customers,ASSORTED CAKES FRIDGE MAGNETS,30
Loyal Customers,ASSORTED CHEESE FRIDGE MAGNETS,30
Loyal Customers,ASSORTED CIRCULAR MOBILE,480
Loyal Customers,ASSORTED COLOUR BIRD ORNAMENT,15139
Loyal Customers,ASSORTED COLOUR LIZARD SUCTION HOOK,77
Loyal Customers,ASSORTED COLOUR MINI CASES,797
Loyal Customers,ASSORTED COLOUR SUCTION CUP HOOK,1
Loyal Customers,ASSORTED COLOUR T-LIGHT HOLDER,426
Loyal Customers,ASSORTED COLOURS SILK FAN,6796
Loyal Customers,ASSORTED CREEPY CRAWLIES,221
Loyal Customers,ASSORTED EASTER DECORATIONS  BELLS,24
Loyal Customers,ASSORTED EASTER GIFT TAGS,162
Loyal Customers,ASSORTED FARMYARD ANIMALS IN BUCKET,24
Loyal Customers,"ASSORTED FLOWER COLOUR ""LEIS""",3288
Loyal Customers,ASSORTED INCENSE PACK,432
Loyal Customers,ASSORTED LAQUERED INCENSE HOLDERS,197
Loyal Customers,ASSORTED MINI MADRAS NOTEBOOK,384
Loyal Customers,ASSORTED MONKEY SUCTION CUP HOOK,186
Loyal Customers,ASSORTED TUTTI FRUTTI  FOB NOTEBOOK,12
Loyal Customers,ASSORTED TUTTI FRUTTI BRACELET,516
Loyal Customers,ASSORTED TUTTI FRUTTI HEART BOX,36
Loyal Customers,ASSORTED TUTTI FRUTTI KEYRING BALL,264
Loyal Customers,ASSORTED TUTTI FRUTTI LARGE PURSE,18
Loyal Customers,ASSORTED TUTTI FRUTTI MIRROR,238
Loyal Customers,ASSORTED TUTTI FRUTTI NOTEBOOK,24
Loyal Customers,ASSORTED TUTTI FRUTTI PEN,240
Loyal Customers,ASSORTED TUTTI FRUTTI SMALL PURSE,150
Loyal Customers,ASSTD COL BUTTERFLY/CRYSTAL W/CHIME,432
Loyal Customers,ASSTD DESIGN 3D PAPER STICKERS,180
Loyal Customers,ASSTD DESIGN RACING CAR PEN,527
Loyal Customers,ASSTD FRUIT+FLOWERS FRIDGE MAGNETS,408
Loyal Customers,ASSTD MULTICOLOUR CIRCLES MUG,358
Loyal Customers,BABUSHKA LIGHTS STRING OF 10,162
Loyal Customers,BABY BOOM RIBBONS ,65
Loyal Customers,BABY MOUSE RED GINGHAM DRESS,6
Loyal Customers,BAG 125g SWIRLY MARBLES,2370
Loyal Customers,BAG 250g SWIRLY MARBLES,2806
Loyal Customers,BAG 500g SWIRLY MARBLES,389
Loyal Customers,BAKING MOULD CHOCOLATE CUP CAKES,12
Loyal Customers,BAKING MOULD CHOCOLATE CUPCAKES,161
Loyal Customers,BAKING MOULD EASTER EGG MILK CHOC,62
Loyal Customers,BAKING MOULD EASTER EGG WHITE CHOC,104
Loyal Customers,BAKING MOULD HEART MILK CHOCOLATE,190
Loyal Customers,BAKING MOULD HEART WHITE CHOCOLATE,173
Loyal Customers,BAKING MOULD ROSE MILK CHOCOLATE,149
Loyal Customers,BAKING MOULD ROSE WHITE CHOCOLATE,28
Loyal Customers,BAKING MOULD TOFFEE CUP CHOCOLATE,156
Loyal Customers,BAKING SET 9 PIECE RETROSPOT ,1321
Loyal Customers,BAKING SET SPACEBOY DESIGN,632
Loyal Customers,BALLOON ART MAKE YOUR OWN FLOWERS,330
Loyal Customers,BALLOON PUMP WITH 10 BALLOONS,183
Loyal Customers,BALLOON WATER BOMB PACK OF 35,4247
Loyal Customers,BALLOONS  WRITING SET ,72
Loyal Customers,BANK ACCOUNT  GREETING  CARD ,109
Loyal Customers,BANQUET BIRTHDAY  CARD  ,420
Loyal Customers,BASKET OF FLOWERS SEWING KIT,414
Loyal Customers,BASKET OF TOADSTOOLS,415
Loyal Customers,BATH BUILDING BLOCK WORD,199
Loyal Customers,BATHROOM HOOK,20
Loyal Customers,BATHROOM METAL SIGN,1771
Loyal Customers,BATHROOM METAL SIGN ,133
Loyal Customers,BATHROOM SCALES FOOTPRINTS IN SAND,28
Loyal Customers,BATHROOM SCALES RUBBER DUCKS,26
Loyal Customers,"BATHROOM SCALES, TROPICAL BEACH",6
Loyal Customers,BATHROOM SET LOVE HEART DESIGN,24
Loyal Customers,BEACH HUT DESIGN BLACKBOARD,1
Loyal Customers,BEACH HUT KEY CABINET,4
Loyal Customers,BEACH HUT MIRROR,8
Loyal Customers,BEACH HUT SHELF W 3 DRAWERS,2
Loyal Customers,BEADED CHANDELIER T-LIGHT HOLDER,305
Loyal Customers,BEADED CRYSTAL HEART BLUE  LARGE,134
Loyal Customers,BEADED CRYSTAL HEART BLUE ON STICK,43
Loyal Customers,BEADED CRYSTAL HEART BLUE SMALL,5
Loyal Customers,BEADED CRYSTAL HEART GREEN LARGE,281
Loyal Customers,BEADED CRYSTAL HEART GREEN ON STICK,136
Loyal Customers,BEADED CRYSTAL HEART GREEN SMALL,38
Loyal Customers,BEADED CRYSTAL HEART PINK LARGE,225
Loyal Customers,BEADED CRYSTAL HEART PINK ON STICK,73
Loyal Customers,BEADED CRYSTAL HEART PINK SMALL,57
Loyal Customers,BEADED PEARL HEART WHITE ON STICK,174
Loyal Customers,BELL HEART ANTIQUE GOLD,12
Loyal Customers,BELL HEART DECORATION,168
Loyal Customers,BELLE JARDINIERE CUSHION COVER,114
Loyal Customers,BEWARE OF THE CAT METAL SIGN ,1376
Loyal Customers,BICYCLE PUNCTURE REPAIR KIT ,510
Loyal Customers,BICYCLE SAFTEY WALL ART,56
Loyal Customers,BIG DOUGHNUT FRIDGE MAGNETS,503
Loyal Customers,BILI NUT AND WOOD NECKLACE,6
Loyal Customers,BINGO SET,211
Loyal Customers,BIRD BOX CHRISTMAS TREE DECORATION,15
Loyal Customers,BIRD DECORATION GREEN POLKADOT,108
Loyal Customers,BIRD DECORATION RED RETROSPOT,108
Loyal Customers,BIRD HOUSE HOT WATER BOTTLE,82
Loyal Customers,BIRD ON BRANCH CANVAS SCREEN,11
Loyal Customers,BIRDCAGE DECORATION TEALIGHT HOLDER,72
Loyal Customers,BIRDHOUSE DECORATION MAGIC GARDEN,90
Loyal Customers,BIRDHOUSE GARDEN MARKER ,150
Loyal Customers,BIRDS MOBILE VINTAGE DESIGN,30
Loyal Customers,BIRTHDAY BANQUET GIFT WRAP,75
Loyal Customers,"BIRTHDAY CARD, RETRO SPOT",336
Loyal Customers,BIRTHDAY PARTY CORDON BARRIER TAPE,65
Loyal Customers,BISCUIT TIN 50'S CHRISTMAS,502
Loyal Customers,BISCUIT TIN VINTAGE CHRISTMAS,285
Loyal Customers,BISCUIT TIN VINTAGE GREEN,62
Loyal Customers,BISCUIT TIN VINTAGE LEAF,24
Loyal Customers,BISCUIT TIN VINTAGE RED,69
Loyal Customers,BISCUITS SMALL BOWL LIGHT BLUE,580
Loyal Customers,BLACK AND WHITE CAT BOWL,242
Loyal Customers,BLACK AND WHITE DOG BOWL,345
Loyal Customers,BLACK BAROQUE CARRIAGE CLOCK,13
Loyal Customers,BLACK BAROQUE WALL CLOCK ,27
Loyal Customers,BLACK BIRD GARDEN DESIGN MUG,2
Loyal Customers,BLACK CANDELABRA T-LIGHT HOLDER,318
Loyal Customers,BLACK CHAMPAGNE GLASS,698
Loyal Customers,BLACK CHRISTMAS TREE 120CM,31
Loyal Customers,BLACK CHRISTMAS TREE 60CM,293
Loyal Customers,BLACK DINER WALL CLOCK,19
Loyal Customers,BLACK EAR MUFF HEADPHONES,1
Loyal Customers,BLACK ENAMEL FLOWER RING,1
Loyal Customers,BLACK ENCHANTED FOREST PLACEMAT,18
Loyal Customers,BLACK FEATHER CHRISTMAS DECORATION,1
Loyal Customers,BLACK FLOWER CANDLE PLATE,1
Loyal Customers,BLACK GEMSTONE NECKLACE 45CM,1
Loyal Customers,BLACK HEART CARD HOLDER,205
Loyal Customers,BLACK KITCHEN SCALES,106
Loyal Customers,BLACK LOVE BIRD CANDLE,60
Loyal Customers,BLACK LOVE BIRD T-LIGHT HOLDER,124
Loyal Customers,BLACK MEDIUM GLASS CAKE STAND,6
Loyal Customers,BLACK MINI TAPE MEASURE ,100
Loyal Customers,BLACK ORANGE SQUEEZER,20
Loyal Customers,BLACK PHOTO ALBUM ,2
Loyal Customers,BLACK PIRATE TREASURE CHEST,33
Loyal Customers,BLACK RECORD COVER FRAME,7792
Loyal Customers,BLACK SILOUETTE CANDLE PLATE,17
Loyal Customers,BLACK SMALL GLASS CAKE STAND,36
Loyal Customers,BLACK SQUARE TABLE CLOCK,4
Loyal Customers,BLACK STITCHED WALL CLOCK,501
Loyal Customers,BLACK SWEETHEART BRACELET,22
Loyal Customers,BLACK TEA TOWEL CLASSIC DESIGN,68
Loyal Customers,"BLACK TEA,COFFEE,SUGAR JARS",114
Loyal Customers,BLACK VINT ART DEC CRYSTAL NECKLACE,2
Loyal Customers,BLACK WINE GLASS,582
Loyal Customers,BLACK/BLUE POLKADOT UMBRELLA,309
Loyal Customers,BLOSSOM  IMAGES NOTEBOOK SET,102
Loyal Customers,BLOSSOM IMAGES GIFT WRAP SET,134
Loyal Customers,BLUE  TILE HOOK,27
Loyal Customers,BLUE  VOILE LAMPSHADE,6
Loyal Customers,BLUE & WHITE BREAKFAST TRAY,20
Loyal Customers,BLUE 3 PIECE POLKADOT CUTLERY SET,174
Loyal Customers,BLUE BIRDHOUSE DECORATION,99
Loyal Customers,BLUE BLOSSOM HAIR CLIP,1
Loyal Customers,BLUE BUNNY EASTER EGG BASKET,1
Loyal Customers,BLUE CALCULATOR RULER,38
Loyal Customers,BLUE CAT BISCUIT BARREL PINK HEART,31
Loyal Customers,BLUE CHARLIE+LOLA PERSONAL DOORSIGN,236
Loyal Customers,BLUE CIRCLES DESIGN MONKEY DOLL,23
Loyal Customers,BLUE CIRCLES DESIGN TEDDY,19
Loyal Customers,BLUE COAT RACK PARIS FASHION,21
Loyal Customers,BLUE CRUSOE CHECK LAMPSHADE,6
Loyal Customers,BLUE CUSHION COVER WITH FLOWER,2
Loyal Customers,BLUE DAISY MOBILE,120
Loyal Customers,BLUE DELPHINIUM ARTIFICIAL FLOWER,12
Loyal Customers,BLUE DINER WALL CLOCK,302
Loyal Customers,BLUE DISCO HANDBAG,4
Loyal Customers,BLUE DRAGONFLY HELICOPTER,5
Loyal Customers,BLUE DRAWER KNOB ACRYLIC EDWARDIAN,271
Loyal Customers,BLUE EGG  SPOON,206
Loyal Customers,BLUE FELT EASTER EGG BASKET,110
Loyal Customers,BLUE FLOCK GLASS CANDLEHOLDER,192
Loyal Customers,BLUE FLOWER DES PURSE,10
Loyal Customers,BLUE FLY SWAT,34
Loyal Customers,BLUE GEISHA GIRL ,1
Loyal Customers,BLUE GIANT GARDEN THERMOMETER,107
Loyal Customers,BLUE GLASS GEMS IN BAG,5
Loyal Customers,BLUE GREEN EMBROIDERY COSMETIC BAG,2
Loyal Customers,BLUE HAPPY BIRTHDAY BUNTING,782
Loyal Customers,BLUE HARMONICA IN BOX ,1637
Loyal Customers,BLUE HEART COMPACT MIRROR,3
Loyal Customers,BLUE HOLE PUNCH,1
Loyal Customers,BLUE JUICY FRUIT PHOTO FRAME,20
Loyal Customers,BLUE KNITTED EGG COSY,28
Loyal Customers,BLUE KNITTED HEN ,18
Loyal Customers,BLUE MONTE CARLO HANDBAG,24
Loyal Customers,BLUE NEW BAROQUE CANDLESTICK CANDLE,96
Loyal Customers,BLUE OWL SOFT TOY,90
Loyal Customers,BLUE PADDED SOFT MOBILE,1
Loyal Customers,BLUE PAISLEY JOURNAL ,19
Loyal Customers,BLUE PAISLEY NOTEBOOK,14
Loyal Customers,BLUE PAISLEY POCKET BOOK,32
Loyal Customers,BLUE PAISLEY SKETCHBOOK,17
Loyal Customers,BLUE PAISLEY TISSUE BOX,179
Loyal Customers,BLUE PAPER PARASOL ,104
Loyal Customers,BLUE PARTY BAGS ,952
Loyal Customers,BLUE PATCH PURSE PINK HEART,92
Loyal Customers,BLUE POLKADOT BEAKER ,950
Loyal Customers,BLUE POLKADOT BOWL,889
Loyal Customers,BLUE POLKADOT COFFEE MUG,680
Loyal Customers,BLUE POLKADOT CUP,1384
Loyal Customers,BLUE POLKADOT EGG CUP ,270
Loyal Customers,BLUE POLKADOT GARDEN PARASOL,42
Loyal Customers,BLUE POLKADOT KIDS BAG,101
Loyal Customers,BLUE POLKADOT LUGGAGE TAG ,14
Loyal Customers,BLUE POLKADOT PASSPORT COVER,29
Loyal Customers,BLUE POLKADOT PLATE ,706
Loyal Customers,BLUE POLKADOT PUDDING BOWL,6
Loyal Customers,BLUE POLKADOT PURSE ,8
Loyal Customers,BLUE POLKADOT WASHING UP GLOVES,55
Loyal Customers,BLUE POLKADOT WRAP,1950
Loyal Customers,BLUE POT PLANT CANDLE ,60
Loyal Customers,BLUE PUDDING SPOON,156
Loyal Customers,BLUE REFECTORY CLOCK ,51
Loyal Customers,BLUE RETRO KITCHEN WALL CLOCK,4
Loyal Customers,BLUE ROSE FABRIC MIRROR,38
Loyal Customers,BLUE SAVANNAH PICNIC HAMPER FOR 2,35
Loyal Customers,BLUE SCANDINAVIAN PAISLEY WRAP,150
Loyal Customers,BLUE SCOTTIE DOG W FLOWER PATTERN,6
Loyal Customers,BLUE SHARK HELICOPTER,1
Loyal Customers,BLUE SPOT CERAMIC DRAWER KNOB,1134
Loyal Customers,BLUE STRIPE CERAMIC DRAWER KNOB,1339
Loyal Customers,BLUE SWEETHEART BRACELET,3
Loyal Customers,BLUE TEA TOWEL CLASSIC DESIGN,37
Loyal Customers,BLUE TEATIME PRINT BOWL ,8
Loyal Customers,BLUE TRAVEL FIRST AID KIT,1
Loyal Customers,BLUE TV TRAY TABLE ,64
Loyal Customers,BLUE VICTORIAN FABRIC OVAL BOX,535
Loyal Customers,BLUE VINTAGE SPOT BEAKER,907
Loyal Customers,BLUE WHITE PLASTIC RINGS LAMPSHADE,2
Loyal Customers,BLUE WIRE SPIRAL CANDLE HOLDER,2
Loyal Customers,BLUE/CREAM STRIPE CUSHION COVER ,79
Loyal Customers,BLUE/YELLOW FLOWER DESIGN BIG MUG,4
Loyal Customers,BOHEMIAN COLLAGE STATIONERY SET,97
Loyal Customers,BOOM BOX SPEAKER BOYS,9
Loyal Customers,BOOM BOX SPEAKER GIRLS,366
Loyal Customers,BOOZE & WOMEN GREETING CARD ,109
Loyal Customers,BOTANICAL GARDENS WALL CLOCK ,25
Loyal Customers,BOTANICAL LAVENDER BIRTHDAY CARD,51
Loyal Customers,BOTANICAL LAVENDER GIFT WRAP ,25
Loyal Customers,BOTANICAL LILY GIFT WRAP,25
Loyal Customers,BOTANICAL LILY GREETING CARD,60
Loyal Customers,BOTANICAL ROSE GIFT WRAP,100
Loyal Customers,BOTANICAL ROSE GREETING CARD,36
Loyal Customers,BOTTLE BAG RETROSPOT ,442
Loyal Customers,BOUDOIR SQUARE TISSUE BOX,613
Loyal Customers,BOX OF 24 COCKTAIL PARASOLS,3205
Loyal Customers,BOX OF 6 ASSORTED COLOUR TEASPOONS,17
Loyal Customers,BOX OF 6 CHRISTMAS CAKE DECORATIONS,892
Loyal Customers,BOX OF 6 MINI 50'S CRACKERS,1449
Loyal Customers,BOX OF 6 MINI VINTAGE CRACKERS,1483
Loyal Customers,BOX OF 9 PEBBLE CANDLES,65
Loyal Customers,BOX OF VINTAGE ALPHABET BLOCKS,610
Loyal Customers,BOX OF VINTAGE JIGSAW BLOCKS ,189
Loyal Customers,BOX/12 CHICK & EGG IN BASKET,13
Loyal Customers,BOYS ALPHABET IRON ON PATCHES,384
Loyal Customers,BOYS VINTAGE TIN SEASIDE BUCKET,244
Loyal Customers,BREAD BIN DINER STYLE IVORY,167
Loyal Customers,BREAD BIN DINER STYLE MINT,52
Loyal Customers,BREAD BIN DINER STYLE PINK,69
Loyal Customers,BREAD BIN DINER STYLE RED ,154
Loyal Customers,"BREAD BIN, DINER STYLE, IVORY",4
Loyal Customers,"BREAD BIN, DINER STYLE, MINT",4
Loyal Customers,BRIGHT BLUES RIBBONS ,85
Loyal Customers,BROCADE RING PURSE ,11322
Loyal Customers,BROCANTE COAT RACK,27
Loyal Customers,BROCANTE SHELF WITH HOOKS,21
Loyal Customers,BROWN  PIRATE TREASURE CHEST ,4
Loyal Customers,BROWN CHECK CAT DOORSTOP ,65
Loyal Customers,BROWN KUKUI COCONUT SEED NECKLACE,6
Loyal Customers,BUBBLEGUM RING ASSORTED,2649
Loyal Customers,BUFFALO BILL TREASURE BOOK BOX,1082
Loyal Customers,BUFFALO BILL WALL ART ,18
Loyal Customers,BULL DOG BOTTLE OPENER,183
Loyal Customers,BULL DOG BOTTLE TOP WALL CLOCK,48
Loyal Customers,BUNDLE OF 3 ALPHABET EXERCISE BOOKS,946
Loyal Customers,BUNDLE OF 3 RETRO EXERCISE BOOKS,24
Loyal Customers,BUNDLE OF 3 RETRO NOTE BOOKS,743
Loyal Customers,BUNDLE OF 3 SCHOOL EXERCISE BOOKS  ,404
Loyal Customers,BUNNY DECORATION MAGIC GARDEN,151
Loyal Customers,BUNNY EGG BOX,5
Loyal Customers,BUNNY EGG GARLAND,50
Loyal Customers,BUNNY WOODEN PAINTED WITH BIRD ,95
Loyal Customers,BUNNY WOODEN PAINTED WITH FLOWER ,46
Loyal Customers,"BUNTING , SPOTTY ",56
Loyal Customers,BUTTERFLIES STICKERS,105
Loyal Customers,BUTTERFLY CROCHET FOOD COVER,16
Loyal Customers,BUTTERFLY CUSHION COVER,4
Loyal Customers,BUTTERFLY HAIR BAND,3
Loyal Customers,BUTTON BOX ,213
Loyal Customers,Bank Charges,3
Loyal Customers,CABIN BAG VINTAGE PAISLEY,33
Loyal Customers,CABIN BAG VINTAGE RETROSPOT,40
Loyal Customers,CACTI T-LIGHT CANDLES,289
Loyal Customers,CAKE PLATE LOVEBIRD PINK,78
Loyal Customers,CAKE PLATE LOVEBIRD WHITE,207
Loyal Customers,CAKE SHOP  STICKER SHEET,18
Loyal Customers,CAKE STAND 3 TIER MAGIC GARDEN,56
Loyal Customers,CAKE STAND LOVEBIRD 2 TIER PINK,24
Loyal Customers,CAKE STAND LOVEBIRD 2 TIER WHITE,45
Loyal Customers,CAKE STAND VICTORIAN FILIGREE LARGE,2
Loyal Customers,CAKE STAND VICTORIAN FILIGREE MED,24
Loyal Customers,CAKE STAND VICTORIAN FILIGREE SMALL,8
Loyal Customers,CAKE STAND WHITE TWO TIER LACE,59
Loyal Customers,CAKES AND BOWS GIFT  TAPE,553
Loyal Customers,CAKES AND RABBITS DESIGN FLANNEL ,36
Loyal Customers,CALENDAR FAMILY FAVOURITES,75
Loyal Customers,CALENDAR IN SEASON DESIGN,146
Loyal Customers,CALENDAR PAPER CUT DESIGN,624
Loyal Customers,CAMOUFLAGE DESIGN TEDDY,1559
Loyal Customers,CAMOUFLAGE EAR MUFF HEADPHONES,5
Loyal Customers,CAMOUFLAGE LED TORCH,212
Loyal Customers,CAMPHOR WOOD PORTOBELLO MUSHROOM,12
Loyal Customers,CANDLE HOLDER SILVER MADELINE,49
Loyal Customers,CANDLE PLATE LACE WHITE,41
Loyal Customers,CANDLEHOLDER PINK HANGING HEART,469
Loyal Customers,CANDY HEART HANGING DECORATION,502
Loyal Customers,CANDY SHOP  STICKER SHEET,72
Loyal Customers,CANDY SPOT CUSHION COVER,8
Loyal Customers,CANDY SPOT EGG WARMER RABBIT,60
Loyal Customers,CANDY SPOT HAND BAG,6
Loyal Customers,CANDY SPOT HEART DECORATION,11
Loyal Customers,CANNABIS LEAF BEAD CURTAIN,24
Loyal Customers,CANNISTER VINTAGE LEAF DESIGN,12
Loyal Customers,CARAVAN SQUARE TISSUE BOX,134
Loyal Customers,CARD BILLBOARD FONT,1245
Loyal Customers,CARD BIRTHDAY COWBOY,875
Loyal Customers,CARD CAT AND TREE ,588
Loyal Customers,CARD CHRISTMAS VILLAGE,360
Loyal Customers,CARD CIRCUS PARADE,579
Loyal Customers,CARD DOG AND BALL ,288
Loyal Customers,CARD DOLLY GIRL ,519
Loyal Customers,CARD GINGHAM ROSE ,338
Loyal Customers,CARD HOLDER GINGHAM HEART,52
Loyal Customers,CARD HOLDER LOVE BIRD LARGE ,46
Loyal Customers,CARD HOLDER LOVE BIRD SMALL,54
Loyal Customers,CARD I LOVE LONDON ,1710
Loyal Customers,CARD MOTORBIKE SANTA,288
Loyal Customers,CARD PARTY GAMES ,297
Loyal Customers,CARD PSYCHEDELIC APPLES,478
Loyal Customers,CARD SUKI BIRTHDAY,526
Loyal Customers,CARD WEDDING DAY,228
Loyal Customers,CARDHOLDER GINGHAM CHRISTMAS TREE,159
Loyal Customers,CARDHOLDER GINGHAM STAR,86
Loyal Customers,CARDHOLDER HOLLY WREATH METAL,146
Loyal Customers,CAROUSEL PONIES BABY BIB,5
Loyal Customers,CARRIAGE,1
Loyal Customers,CARROT CHARLIE+LOLA COASTER SET,101
Loyal Customers,CARTOON  PENCIL SHARPENERS,1450
Loyal Customers,CAST IRON HOOK GARDEN FORK,8
Loyal Customers,CAT AND BIRD WALL ART,6
Loyal Customers,CAT BOWL VINTAGE CREAM,115
Loyal Customers,CD WALL TIDY BLUE OFFICE,48
Loyal Customers,CD WALL TIDY RED FLOWERS,100
Loyal Customers,CERAMIC BOWL WITH LOVE HEART DESIGN,279
Loyal Customers,CERAMIC BOWL WITH STRAWBERRY DESIGN,215
Loyal Customers,CERAMIC CAKE BOWL + HANGING CAKES,252
Loyal Customers,CERAMIC CAKE DESIGN SPOTTED MUG,348
Loyal Customers,CERAMIC CAKE DESIGN SPOTTED PLATE,230
Loyal Customers,CERAMIC CAKE STAND + HANGING CAKES,122
Loyal Customers,CERAMIC CHERRY CAKE MONEY BANK,334
Loyal Customers,CERAMIC HEART FAIRY CAKE MONEY BANK,409
Loyal Customers,CERAMIC LOVE HEART MONEY BANK,214
Loyal Customers,CERAMIC PIRATE CHEST MONEY BANK,90
Loyal Customers,CERAMIC PLATE STRAWBERRY DESIGN,217
Loyal Customers,CERAMIC STRAWBERRY CAKE MONEY BANK,1675
Loyal Customers,CERAMIC STRAWBERRY DESIGN MUG,666
Loyal Customers,CERAMIC STRAWBERRY MONEY BOX,625
Loyal Customers,CERAMIC STRAWBERRY TRINKET TRAY,12
Loyal Customers,CHAMBRE HOOK,4
Loyal Customers,CHARLIE & LOLA WASTEPAPER BIN BLUE,278
Loyal Customers,CHARLIE & LOLA WASTEPAPER BIN FLORA,373
Loyal Customers,CHARLIE + LOLA BISCUITS TINS,168
Loyal Customers,CHARLIE + LOLA RED HOT WATER BOTTLE,279
Loyal Customers,CHARLIE AND LOLA CHARLOTTE BAG,9
Loyal Customers,CHARLIE AND LOLA FIGURES TINS,362
Loyal Customers,CHARLIE AND LOLA TABLE TINS,186
Loyal Customers,CHARLIE LOLA BLUE HOT WATER BOTTLE ,29
Loyal Customers,CHARLIE+LOLA MY ROOM DOOR SIGN,95
Loyal Customers,CHARLIE+LOLA PINK HOT WATER BOTTLE,134
Loyal Customers,CHARLIE+LOLA RED HOT WATER BOTTLE ,34
Loyal Customers,"CHARLIE+LOLA""EXTREMELY BUSY"" SIGN",85
Loyal Customers,CHARLOTTE BAG ALPHABET  DESIGN,140
Loyal Customers,CHARLOTTE BAG APPLES DESIGN,2231
Loyal Customers,CHARLOTTE BAG DOLLY GIRL DESIGN,1556
Loyal Customers,CHARLOTTE BAG PINK POLKADOT,2487
Loyal Customers,CHARLOTTE BAG SUKI DESIGN,3262
Loyal Customers,CHARLOTTE BAG VINTAGE ALPHABET ,1345
Loyal Customers,CHERRY BLOSSOM  DECORATIVE FLASK,48
Loyal Customers,CHERRY BLOSSOM CANVAS ART PICTURE,31
Loyal Customers,CHERRY BLOSSOM DECORATIVE FLASK,33
Loyal Customers,CHERRY BLOSSOM LUGGAGE TAG,2
Loyal Customers,CHERRY BLOSSOM PASSPORT COVER,53
Loyal Customers,CHERRY CROCHET FOOD COVER,25
Loyal Customers,CHERUB HEART DECORATION GOLD,257
Loyal Customers,CHERUB HEART DECORATION SILVER ,606
Loyal Customers,CHEST 7 DRAWER MA CAMPAGNE,9
Loyal Customers,CHEST NATURAL WOOD 20 DRAWERS,7
Loyal Customers,CHEST OF DRAWERS GINGHAM HEART ,26
Loyal Customers,CHICK GREY HOT WATER BOTTLE,594
Loyal Customers,CHILDREN'S APRON DOLLY GIRL ,367
Loyal Customers,CHILDREN'S CIRCUS PARADE MUG,463
Loyal Customers,CHILDREN'S SPACEBOY MUG,545
Loyal Customers,CHILDRENS APRON APPLES DESIGN,322
Loyal Customers,CHILDRENS APRON SPACEBOY DESIGN,836
Loyal Customers,CHILDRENS CUTLERY CIRCUS PARADE,166
Loyal Customers,CHILDRENS CUTLERY DOLLY GIRL ,185
Loyal Customers,CHILDRENS CUTLERY POLKADOT BLUE,546
Loyal Customers,CHILDRENS CUTLERY POLKADOT GREEN ,796
Loyal Customers,CHILDRENS CUTLERY POLKADOT PINK,678
Loyal Customers,CHILDRENS CUTLERY RETROSPOT RED ,1355
Loyal Customers,CHILDRENS CUTLERY SPACEBOY ,334
Loyal Customers,CHILDRENS DOLLY GIRL MUG,379
Loyal Customers,CHILDRENS GARDEN GLOVES BLUE,108
Loyal Customers,CHILDRENS GARDEN GLOVES PINK,112
Loyal Customers,CHILDRENS SPACEBOY MUG,24
Loyal Customers,CHILDRENS TOY COOKING UTENSIL SET,195
Loyal Customers,CHILDS BREAKFAST SET CIRCUS PARADE,121
Loyal Customers,CHILDS BREAKFAST SET DOLLY GIRL ,167
Loyal Customers,CHILDS BREAKFAST SET SPACEBOY ,115
Loyal Customers,CHILDS GARDEN BRUSH BLUE,114
Loyal Customers,CHILDS GARDEN BRUSH PINK,118
Loyal Customers,CHILDS GARDEN FORK BLUE ,102
Loyal Customers,CHILDS GARDEN FORK PINK,107
Loyal Customers,CHILDS GARDEN RAKE BLUE,18
Loyal Customers,CHILDS GARDEN RAKE PINK,20
Loyal Customers,CHILDS GARDEN SPADE BLUE,31
Loyal Customers,CHILDS GARDEN SPADE PINK,34
Loyal Customers,CHILDS GARDEN TROWEL BLUE ,176
Loyal Customers,CHILDS GARDEN TROWEL PINK,111
Loyal Customers,CHILLI LIGHTS,4283
Loyal Customers,CHINESE DRAGON PAPER LANTERNS,1467
Loyal Customers,CHOC TRUFFLE GOLD TRINKET POT ,88
Loyal Customers,CHOCOLATE 1 WICK MORRIS BOX CANDLE,115
Loyal Customers,CHOCOLATE 3 WICK MORRIS BOX CANDLE,138
Loyal Customers,CHOCOLATE BOX RIBBONS ,354
Loyal Customers,CHOCOLATE CALCULATOR,145
Loyal Customers,CHOCOLATE HOT WATER BOTTLE,1096
Loyal Customers,CHOCOLATE THIS WAY METAL SIGN,812
Loyal Customers,CHRISTMAS CARD SCREEN PRINT ,180
Loyal Customers,CHRISTMAS CARD SINGING ANGEL,48
Loyal Customers,CHRISTMAS CARD STACK OF PRESENTS,108
Loyal Customers,CHRISTMAS CRAFT LITTLE FRIENDS,689
Loyal Customers,CHRISTMAS CRAFT TREE TOP ANGEL,385
Loyal Customers,CHRISTMAS CRAFT WHITE FAIRY ,340
Loyal Customers,CHRISTMAS DECOUPAGE CANDLE,314
Loyal Customers,"CHRISTMAS GARLAND STARS,TREES",12
Loyal Customers,CHRISTMAS GINGHAM HEART,203
Loyal Customers,CHRISTMAS GINGHAM STAR,509
Loyal Customers,CHRISTMAS GINGHAM TREE,224
Loyal Customers,CHRISTMAS HANGING SNOWFLAKE,21
Loyal Customers,CHRISTMAS HANGING STAR WITH BELL,798
Loyal Customers,CHRISTMAS HANGING TREE WITH BELL,497
Loyal Customers,CHRISTMAS LIGHTS 10 REINDEER,878
Loyal Customers,CHRISTMAS LIGHTS 10 SANTAS ,192
Loyal Customers,CHRISTMAS LIGHTS 10 VINTAGE BAUBLES,738
Loyal Customers,CHRISTMAS METAL POSTCARD WITH BELLS,336
Loyal Customers,CHRISTMAS METAL TAGS ASSORTED ,672
Loyal Customers,CHRISTMAS MUSICAL ZINC HEART ,6
Loyal Customers,CHRISTMAS MUSICAL ZINC STAR,435
Loyal Customers,CHRISTMAS MUSICAL ZINC TREE,125
Loyal Customers,CHRISTMAS PUDDING TRINKET POT ,1706
Loyal Customers,CHRISTMAS RETROSPOT ANGEL WOOD,230
Loyal Customers,CHRISTMAS RETROSPOT HEART WOOD,10
Loyal Customers,CHRISTMAS RETROSPOT STAR WOOD,178
Loyal Customers,CHRISTMAS RETROSPOT TREE WOOD,150
Loyal Customers,CHRISTMAS STAR WISH LIST CHALKBOARD,865
Loyal Customers,CHRISTMAS TABLE SILVER CANDLE SPIKE,124
Loyal Customers,CHRISTMAS TOILET ROLL,1753
Loyal Customers,CHRISTMAS TREE DECORATION WITH BELL,52
Loyal Customers,CHRISTMAS TREE HANGING GOLD,263
Loyal Customers,CHRISTMAS TREE HANGING SILVER ,165
Loyal Customers,CHRISTMAS TREE HEART DECORATION,119
Loyal Customers,CHRISTMAS TREE PAINTED ZINC ,544
Loyal Customers,CHRISTMAS TREE STAR DECORATION,193
Loyal Customers,CHRISTMAS TREE T-LIGHT HOLDER,3
Loyal Customers,CHRYSANTHEMUM  JOURNAL,7
Loyal Customers,CHRYSANTHEMUM NOTEBOOK,10
Loyal Customers,CHRYSANTHEMUM POCKET BOOK ,7
Loyal Customers,CHRYSANTHEMUM SKETCHBOOK ,11
Loyal Customers,CHUNKY SILVER NECKLACE PASTEL FLOWE,2
Loyal Customers,CINAMMON & ORANGE WREATH,29
Loyal Customers,CINAMMON SET OF 9 T-LIGHTS,282
Loyal Customers,CINDERELLA CHANDELIER ,185
Loyal Customers,CINNAMON SCENTED VOTIVE CANDLE,603
Loyal Customers,CIRCUS PARADE BABY GIFT SET,77
Loyal Customers,CIRCUS PARADE CHILDRENS EGG CUP ,360
Loyal Customers,CIRCUS PARADE LUNCH BOX ,582
Loyal Customers,CITRONELLA CANDLE FLOWERPOT,43
Loyal Customers,CITRONELLA CANDLE GARDEN POT,119
Loyal Customers,CITRUS GARLAND FELT FLOWERS ,6
Loyal Customers,CLAM SHELL SMALL ,81
Loyal Customers,CLASSIC BICYCLE CLIPS ,485
Loyal Customers,CLASSIC CAFE SUGAR DISPENSER,1029
Loyal Customers,CLASSIC CHROME BICYCLE BELL ,593
Loyal Customers,CLASSIC CROME BICYCLE BELL ,48
Loyal Customers,CLASSIC DIAMANTE NECKLACE JET,2
Loyal Customers,CLASSIC FRENCH STYLE BASKET BROWN,84
Loyal Customers,CLASSIC FRENCH STYLE BASKET GREEN ,110
Loyal Customers,CLASSIC FRENCH STYLE BASKET NATURAL,164
Loyal Customers,CLASSIC GLASS COOKIE JAR,186
Loyal Customers,CLASSIC GLASS SWEET JAR,38
Loyal Customers,CLASSIC METAL BIRDCAGE PLANT HOLDER,364
Loyal Customers,CLASSIC SUGAR DISPENSER,96
Loyal Customers,CLASSIC WHITE FRAME,10
Loyal Customers,CLASSICAL ROSE CANDLESTAND,48
Loyal Customers,CLASSICAL ROSE SMALL VASE,48
Loyal Customers,CLEAR ACRYLIC FACETED BANGLE,22
Loyal Customers,CLEAR CRYSTAL STAR PHONE CHARM,2
Loyal Customers,CLEAR DRAWER KNOB ACRYLIC EDWARDIAN,1239
Loyal Customers,CLEAR LOVE BIRD T-LIGHT HOLDER,19
Loyal Customers,CLOCK MAGNET MUM'S KITCHEN,21
Loyal Customers,CLOTHES PEGS RETROSPOT PACK 24 ,2333
Loyal Customers,COCKLE SHELL DISH,145
Loyal Customers,COCKTAIL SWORDS 50 PIECES,352
Loyal Customers,COFFEE MUG APPLES DESIGN,579
Loyal Customers,COFFEE MUG BLUE PAISLEY DESIGN,38
Loyal Customers,COFFEE MUG CAT + BIRD DESIGN,617
Loyal Customers,COFFEE MUG DOG + BALL DESIGN,147
Loyal Customers,COFFEE MUG PEARS  DESIGN,469
Loyal Customers,COFFEE MUG PINK PAISLEY DESIGN,40
Loyal Customers,COFFEE SCENT PILLAR CANDLE,20
Loyal Customers,COLOUR GLASS T-LIGHT HOLDER HANGING,4608
Loyal Customers,COLOUR GLASS. STAR T-LIGHT HOLDER,3479
Loyal Customers,COLOURED GLASS STAR T-LIGHT HOLDER,632
Loyal Customers,COLOURING PENCILS BROWN TUBE,573
Loyal Customers,COLUMBIAN  CUBE CANDLE ,36
Loyal Customers,COLUMBIAN CANDLE RECTANGLE,4
Loyal Customers,COLUMBIAN CANDLE ROUND,146
Loyal Customers,COLUMBIAN CANDLE ROUND ,49
Loyal Customers,CONDIMENT TRAY 4 BOWLS AND 4 SPOONS,6
Loyal Customers,COOK WITH WINE METAL SIGN ,2571
Loyal Customers,COOKING SET RETROSPOT,36
Loyal Customers,COPPER AND BRASS BAG CHARM,1
Loyal Customers,COPPER/OLIVE GREEN FLOWER NECKLACE,1
Loyal Customers,CORONA MEXICAN TRAY,79
Loyal Customers,COSMETIC BAG VINTAGE ROSE PAISLEY,11
Loyal Customers,COSY HOUR CIGAR BOX MATCHES ,252
Loyal Customers,COSY HOUR GIANT TUBE MATCHES,16
Loyal Customers,COSY SLIPPER SHOES LARGE GREEN,37
Loyal Customers,COSY SLIPPER SHOES SMALL  RED ,9
Loyal Customers,COSY SLIPPER SHOES SMALL GREEN,17
Loyal Customers,COTTON APRON PANTRY DESIGN,130
Loyal Customers,COWBOYS AND INDIANS BIRTHDAY CARD ,521
Loyal Customers,CRAZY DAISY HEART DECORATION,69
Loyal Customers,CREAM BUNNY EASTER EGG BASKET,1
Loyal Customers,CREAM CUPID HEARTS COAT HANGER,404
Loyal Customers,CREAM DELPHINIUM ARTIFICIAL FLOWER,4
Loyal Customers,CREAM FELT EASTER EGG BASKET,156
Loyal Customers,CREAM HANGING HEART T-LIGHT HOLDER,36
Loyal Customers,CREAM HEART CARD HOLDER,599
Loyal Customers,CREAM SLICE FLANNEL PINK SPOT ,559
Loyal Customers,CREAM SWEETHEART EGG HOLDER,100
Loyal Customers,CREAM SWEETHEART LETTER RACK,10
Loyal Customers,CREAM SWEETHEART MINI CHEST,678
Loyal Customers,CREAM SWEETHEART WALL CABINET,1
Loyal Customers,CREAM WALL PLANTER HEART SHAPED,60
Loyal Customers,CROCHET ROSE PURSE WITH SUEDE BACK,2
Loyal Customers,CROCHET WHITE RABBIT KEYRING ,24
Loyal Customers,CRYSTAL CZECH CROSS PHONE CHARM,7
Loyal Customers,CRYSTAL DIAMANTE STAR BROOCH,3
Loyal Customers,CRYSTAL FROG PHONE CHARM,12
Loyal Customers,CRYSTAL PAIR HEART HAIR SLIDES,4
Loyal Customers,CRYSTAL SEA HORSE PHONE CHARM,6
Loyal Customers,CRYSTAL STUD EARRINGS ASSORTED COL ,108
Loyal Customers,CRYSTAL STUD EARRINGS CLEAR DISPLAY,72
Loyal Customers,CUBIC MUG FLOCK BLUE ON BROWN,20
Loyal Customers,CUBIC MUG FLOCK PINK ON BROWN,8
Loyal Customers,CUBIC MUG PINK POLKADOT,259
Loyal Customers,CUPBOARD 3 DRAWER MA CAMPAGNE,23
Loyal Customers,CUPCAKE LACE PAPER SET 6,545
Loyal Customers,CUPID DESIGN SCENTED CANDLES,18
Loyal Customers,CUPID SCENTED CANDLE IN GLASS,4
Loyal Customers,CURIO CABINET LINEN AND LACE ,5
Loyal Customers,CURIOUS  IMAGES NOTEBOOK SET,6
Loyal Customers,CURIOUS IMAGES GIFT WRAP SET,129
Loyal Customers,CUSHION COVER PINK UNION JACK,36
Loyal Customers,CUT GLASS T-LIGHT HOLDER OCTAGON,24
Loyal Customers,CUTE CATS TAPE,579
Loyal Customers,DAIRY MAID LARGE MILK JUG,85
Loyal Customers,DAIRY MAID STRIPE MUG,794
Loyal Customers,DAIRY MAID TOASTRACK,194
Loyal Customers,DAIRY MAID TRADITIONAL TEAPOT ,51
Loyal Customers,DAISIES  HONEYCOMB GARLAND ,92
Loyal Customers,DAISY GARDEN MARKER,75
Loyal Customers,DAISY JOURNAL ,6
Loyal Customers,DAISY NOTEBOOK ,3
Loyal Customers,DAISY SKETCHBOOK ,17
Loyal Customers,DANISH ROSE DECORATIVE PLATE,342
Loyal Customers,DANISH ROSE DELUXE COASTER,396
Loyal Customers,DANISH ROSE FOLDING CHAIR,52
Loyal Customers,DANISH ROSE PHOTO FRAME,503
Loyal Customers,DANISH ROSE ROUND SEWING BOX,352
Loyal Customers,DANISH ROSE TRINKET TRAYS,154
Loyal Customers,DARK BIRD HOUSE TREE DECORATION,288
Loyal Customers,DECORATION  BUTTERFLY  MAGIC GARDEN,89
Loyal Customers,DECORATION  PINK CHICK MAGIC GARDEN,43
Loyal Customers,"DECORATION , WOBBLY CHICKEN, METAL ",67
Loyal Customers,"DECORATION , WOBBLY RABBIT , METAL ",38
Loyal Customers,"DECORATION HEN ON NEST, HANGING",24
Loyal Customers,DECORATION SITTING BUNNY,125
Loyal Customers,DECORATION WHITE CHICK MAGIC GARDEN,103
Loyal Customers,DECORATION WOBBLY CHICKEN,60
Loyal Customers,DECORATION WOBBLY RABBIT METAL ,89
Loyal Customers,DECORATIVE CATS BATHROOM BOTTLE,75
Loyal Customers,DECORATIVE FLORE BATHROOM BOTTLE,72
Loyal Customers,DECORATIVE PLANT POT WITH FRIEZE,14
Loyal Customers,DECORATIVE ROSE BATHROOM BOTTLE,102
Loyal Customers,DECORATIVE WICKER HEART LARGE,241
Loyal Customers,DECORATIVE WICKER HEART MEDIUM,281
Loyal Customers,DECORATIVE WICKER HEART SMALL,197
Loyal Customers,"DECOUPAGE,GREETING CARD,",60
Loyal Customers,DELUXE SEWING KIT ,312
Loyal Customers,DENIM PATCH PURSE PINK BUTTERFLY,16
Loyal Customers,DIAMANTE BOW BROOCH GREEN COLOUR,1
Loyal Customers,DIAMANTE BOW BROOCH RED COLOUR,1
Loyal Customers,"DIAMANTE HEART SHAPED WALL MIRROR, ",50
Loyal Customers,DIAMANTE NECKLACE BLACK ,2
Loyal Customers,DIAMANTE NECKLACE PURPLE,2
Loyal Customers,DIAMANTE RING ASSORTED IN BOX.,624
Loyal Customers,DIAMOND LAS VEGAS NECKLACE 45CM,2
Loyal Customers,DINOSAUR HEIGHT CHART STICKER SET,10
Loyal Customers,DINOSAUR KEYRINGS ASSORTED,416
Loyal Customers,DINOSAUR LUNCH BOX WITH CUTLERY,157
Loyal Customers,DINOSAUR PARTY BAG + STICKER SET,91
Loyal Customers,DINOSAURS  WRITING SET ,38
Loyal Customers,DISCO BALL CHRISTMAS DECORATION,4327
Loyal Customers,DISCO BALL ROTATOR BATTERY OPERATED,95
Loyal Customers,DO NOT TOUCH MY STUFF DOOR HANGER ,386
Loyal Customers,DOCTOR'S BAG SOFT TOY,37
Loyal Customers,DOG AND BALL WALL ART,6
Loyal Customers,DOG BOWL CHASING BALL DESIGN,95
Loyal Customers,DOG BOWL VINTAGE CREAM,83
Loyal Customers,DOG LICENCE WALL ART,44
Loyal Customers,DOG TOY WITH PINK CROCHET SKIRT,16
Loyal Customers,DOGGY RUBBER,42
Loyal Customers,DOILEY BISCUIT TIN,36
Loyal Customers,DOILEY STORAGE TIN,282
Loyal Customers,DOILY THANK YOU CARD,216
Loyal Customers,DOLLCRAFT BOY JEAN-PAUL ,12
Loyal Customers,DOLLCRAFT GIRL AMELIE,12
Loyal Customers,DOLLCRAFT GIRL AMELIE KIT,4
Loyal Customers,DOLLCRAFT GIRL NICOLE,24
Loyal Customers,DOLLY CABINET 2 DRAWERS ,3
Loyal Customers,DOLLY CABINET 3 DRAWERS ,8
Loyal Customers,DOLLY GIRL BABY GIFT SET,53
Loyal Customers,DOLLY GIRL CHILDRENS BOWL,259
Loyal Customers,DOLLY GIRL CHILDRENS CUP,250
Loyal Customers,DOLLY GIRL CHILDRENS EGG CUP,255
Loyal Customers,DOLLY GIRL LUNCH BOX,2331
Loyal Customers,DOLLY GIRL MINI BACKPACK,81
Loyal Customers,DOLLY GIRL WALL ART,18
Loyal Customers,DOLLY HONEYCOMB GARLAND,132
Loyal Customers,DOLLY MIXTURE CHILDREN'S UMBRELLA,55
Loyal Customers,DONKEY TAIL GAME ,36
Loyal Customers,DOOR HANGER  MUM + DADS ROOM,46
Loyal Customers,DOORKNOB CRACKED GLAZE GREEN,6
Loyal Customers,DOORKNOB CRACKED GLAZE IVORY,6
Loyal Customers,DOORKNOB CRACKED GLAZE PINK,6
Loyal Customers,DOORMAT 3 SMILEY CATS,141
Loyal Customers,DOORMAT AIRMAIL ,138
Loyal Customers,DOORMAT BLACK FLOCK ,216
Loyal Customers,DOORMAT CHRISTMAS VILLAGE,17
Loyal Customers,DOORMAT ENGLISH ROSE ,611
Loyal Customers,DOORMAT FAIRY CAKE,1656
Loyal Customers,DOORMAT FANCY FONT HOME SWEET HOME,569
Loyal Customers,DOORMAT HEARTS,473
Loyal Customers,DOORMAT HOME SWEET HOME BLUE ,188
Loyal Customers,DOORMAT I LOVE LONDON,122
Loyal Customers,DOORMAT KEEP CALM AND COME IN,2024
Loyal Customers,DOORMAT MERRY CHRISTMAS RED ,93
Loyal Customers,DOORMAT MULTICOLOUR STRIPE,318
Loyal Customers,DOORMAT NEIGHBOURHOOD WITCH ,55
Loyal Customers,DOORMAT NEW ENGLAND,750
Loyal Customers,DOORMAT PEACE ON EARTH BLUE,23
Loyal Customers,DOORMAT RED RETROSPOT,1230
Loyal Customers,DOORMAT RESPECTABLE HOUSE,149
Loyal Customers,DOORMAT SPOTTY HOME SWEET HOME,439
Loyal Customers,DOORMAT TOPIARY,77
Loyal Customers,DOORMAT UNION FLAG,941
Loyal Customers,DOORMAT UNION JACK GUNS AND ROSES,148
Loyal Customers,DOORMAT VINTAGE LEAF,106
Loyal Customers,DOORMAT VINTAGE LEAVES DESIGN ,137
Loyal Customers,DOORMAT WELCOME PUPPIES,208
Loyal Customers,DOORMAT WELCOME SUNRISE,83
Loyal Customers,DOORMAT WELCOME TO OUR HOME,293
Loyal Customers,DOORSTOP FOOTBALL DESIGN,21
Loyal Customers,DOORSTOP RACING CAR DESIGN,27
Loyal Customers,DOORSTOP RETROSPOT HEART,151
Loyal Customers,DOTCOM POSTAGE,16
Loyal Customers,DOUGHNUT LIP GLOSS ,2013
Loyal Customers,DOVE DECORATION PAINTED ZINC ,579
Loyal Customers,DRAWER KNOB CERAMIC BLACK,202
Loyal Customers,DRAWER KNOB CERAMIC IVORY,471
Loyal Customers,DRAWER KNOB CERAMIC RED,137
Loyal Customers,DRAWER KNOB CRACKLE GLAZE BLUE,269
Loyal Customers,DRAWER KNOB CRACKLE GLAZE GREEN,324
Loyal Customers,DRAWER KNOB CRACKLE GLAZE IVORY,615
Loyal Customers,DRAWER KNOB CRACKLE GLAZE PINK,264
Loyal Customers,DRAWER KNOB VINTAGE GLASS BALL,29
Loyal Customers,DRAWER KNOB VINTAGE GLASS HEXAGON,30
Loyal Customers,DRAWER KNOB VINTAGE GLASS STAR,67
Loyal Customers,DROP EARRINGS W FLOWER & LEAF,1
Loyal Customers,EASTER BUNNY GARLAND OF FLOWERS,50
Loyal Customers,EASTER BUNNY HANGING GARLAND,4
Loyal Customers,EASTER BUNNY WITH BASKET ON BACK,45
Loyal Customers,EASTER CRAFT 4 CHICKS ,459
Loyal Customers,EASTER DECORATION EGG BUNNY ,189
Loyal Customers,EASTER DECORATION HANGING BUNNY,123
Loyal Customers,EASTER DECORATION NATURAL CHICK,111
Loyal Customers,EASTER DECORATION SITTING BUNNY,156
Loyal Customers,EASTER TIN BUCKET,90
Loyal Customers,EASTER TIN BUNNY BOUQUET,413
Loyal Customers,EASTER TIN CHICKS IN GARDEN,73
Loyal Customers,EASTER TIN CHICKS PINK DAISY,87
Loyal Customers,EASTER TIN KEEPSAKE,249
Loyal Customers,EASTER TREE YELLOW BIRDS,15
Loyal Customers,EAU DE NIL LOVE BIRD CANDLE,257
Loyal Customers,EAU DE NILE HEART SHAPE PHOTO FRAME,144
Loyal Customers,EAU DE NILE JEWELLED PHOTOFRAME,216
Loyal Customers,ECONOMY HOLIDAY PURSE,1
Loyal Customers,ECONOMY LUGGAGE TAG,47
Loyal Customers,EDWARDIAN DROP EARRINGS JET BLACK,1
Loyal Customers,EDWARDIAN HEART PHOTO FRAME,20
Loyal Customers,EDWARDIAN PARASOL BLACK,1219
Loyal Customers,EDWARDIAN PARASOL NATURAL,1837
Loyal Customers,EDWARDIAN PARASOL PINK,252
Loyal Customers,EDWARDIAN PARASOL RED,594
Loyal Customers,EDWARDIAN PHOTO FRAME,8
Loyal Customers,EGG CUP HENRIETTA HEN CREAM ,352
Loyal Customers,EGG CUP HENRIETTA HEN PINK,48
Loyal Customers,EGG CUP MILKMAID HEIDI,375
Loyal Customers,EGG CUP MILKMAID HELGA ,63
Loyal Customers,EGG CUP MILKMAID INGRID,232
Loyal Customers,EGG CUP NATURAL CHICKEN,33
Loyal Customers,EGG FRYING PAN BLUE ,7
Loyal Customers,EGG FRYING PAN IVORY ,36
Loyal Customers,EGG FRYING PAN MINT ,29
Loyal Customers,EGG FRYING PAN PINK ,27
Loyal Customers,EGG FRYING PAN RED ,105
Loyal Customers,EIGHT PIECE DINOSAUR SET,19
Loyal Customers,EIGHT PIECE SNAKE  SET,52
Loyal Customers,ELEPHANT BIRTHDAY CARD ,192
Loyal Customers,ELEPHANT CARNIVAL POUFFE,16
Loyal Customers,ELEPHANT CLIP W SUCTION CUP,3
Loyal Customers,"ELEPHANT, BIRTHDAY CARD, ",372
Loyal Customers,ELVIS WALLHANGING / CURTAIN,26
Loyal Customers,EMBOSSED GLASS TEALIGHT HOLDER,383
Loyal Customers,EMBOSSED HEART TRINKET BOX,54
Loyal Customers,EMBROIDERED RIBBON REEL CLAIRE,19
Loyal Customers,EMBROIDERED RIBBON REEL DAISY ,48
Loyal Customers,EMBROIDERED RIBBON REEL EMILY ,58
Loyal Customers,EMBROIDERED RIBBON REEL RACHEL ,19
Loyal Customers,EMBROIDERED RIBBON REEL REBECCA ,33
Loyal Customers,EMBROIDERED RIBBON REEL ROSIE,22
Loyal Customers,EMBROIDERED RIBBON REEL RUBY ,13
Loyal Customers,EMBROIDERED RIBBON REEL SALLY ,41
Loyal Customers,EMBROIDERED RIBBON REEL SOPHIE  ,24
Loyal Customers,EMBROIDERED RIBBON REEL SUSIE ,24
Loyal Customers,EMERGENCY FIRST AID TIN ,174
Loyal Customers,EMPIRE BIRTHDAY CARD,195
Loyal Customers,EMPIRE DESIGN ROSETTE,33
Loyal Customers,EMPIRE GIFT WRAP,575
Loyal Customers,EMPIRE TISSUE BOX,302
Loyal Customers,EMPIRE UNION JACK TV DINNER TRAY,62
Loyal Customers,ENAMEL BLUE RIM BISCUIT BIN,8
Loyal Customers,ENAMEL BLUE RIM COFFEE CONTAINER,32
Loyal Customers,ENAMEL BLUE RIM TEA CONTAINER,1
Loyal Customers,ENAMEL BOWL PANTRY,12
Loyal Customers,ENAMEL BREAD BIN CREAM,206
Loyal Customers,ENAMEL COLANDER CREAM,51
Loyal Customers,ENAMEL FIRE BUCKET CREAM,38
Loyal Customers,ENAMEL FLOWER JUG CREAM,610
Loyal Customers,ENAMEL JUG PANTRY,4
Loyal Customers,ENAMEL MEASURING JUG CREAM,175
Loyal Customers,ENAMEL MUG PANTRY,12
Loyal Customers,ENAMEL PINK COFFEE CONTAINER,156
Loyal Customers,ENAMEL PINK TEA CONTAINER,110
Loyal Customers,ENAMEL WASH BOWL CREAM,112
Loyal Customers,ENAMEL WATERING CAN CREAM,69
Loyal Customers,ENCHANTED BIRD COATHANGER 5 HOOK,220
Loyal Customers,ENCHANTED BIRD PLANT CAGE,111
Loyal Customers,ENGLISH ROSE GARDEN SECATEURS,601
Loyal Customers,ENGLISH ROSE HOT WATER BOTTLE,322
Loyal Customers,ENGLISH ROSE METAL WASTE BIN,6
Loyal Customers,ENGLISH ROSE NOTEBOOK A6 SIZE,19
Loyal Customers,ENGLISH ROSE NOTEBOOK A7 SIZE,529
Loyal Customers,ENGLISH ROSE SCENTED HANGING FLOWER,212
Loyal Customers,ENGLISH ROSE SMALL SCENTED FLOWER,20
Loyal Customers,ENGLISH ROSE SPIRIT LEVEL ,365
Loyal Customers,ENVELOPE 50 BLOSSOM IMAGES,219
Loyal Customers,ETCHED GLASS COASTER,502
Loyal Customers,EUCALYPTUS & PINECONE  WREATH,24
Loyal Customers,FAIRY CAKE BIRTHDAY CANDLE SET,9
Loyal Customers,FAIRY CAKE DESIGN UMBRELLA,68
Loyal Customers,FAIRY CAKE FLANNEL ASSORTED COLOUR,6895
Loyal Customers,FAIRY CAKES NOTEBOOK A6 SIZE,164
Loyal Customers,FAIRY CAKES NOTEBOOK A7 SIZE,162
Loyal Customers,FAIRY DREAMS INCENSE ,75
Loyal Customers,FAIRY SOAP SOAP HOLDER,59
Loyal Customers,FAIRY TALE COTTAGE NIGHT LIGHT,185
Loyal Customers,FAIRY TALE COTTAGE NIGHTLIGHT,310
Loyal Customers,FAMILY ALBUM WHITE PICTURE FRAME,472
Loyal Customers,FAMILY PHOTO FRAME CORNICE,261
Loyal Customers,"FANCY FONT BIRTHDAY CARD, ",2196
Loyal Customers,FANCY FONTS BIRTHDAY WRAP,3600
Loyal Customers,FANNY'S REST STOPMETAL SIGN,95
Loyal Customers,FAUX FUR CHOCOLATE THROW,6
Loyal Customers,FAWN AND MUSHROOM GREETING CARD,12
Loyal Customers,FAWN BLUE HOT WATER BOTTLE,798
Loyal Customers,"FEATHER PEN,COAL BLACK",263
Loyal Customers,"FEATHER PEN,HOT PINK",1096
Loyal Customers,"FEATHER PEN,LIGHT PINK",192
Loyal Customers,FELT EGG COSY BLUE RABBIT ,104
Loyal Customers,FELT EGG COSY CHICKEN,169
Loyal Customers,FELT EGG COSY LADYBIRD ,8
Loyal Customers,FELT EGG COSY WHITE RABBIT ,70
Loyal Customers,FELT FARM ANIMAL CHICKEN,21
Loyal Customers,FELT FARM ANIMAL HEN,144
Loyal Customers,FELT FARM ANIMAL RABBIT,229
Loyal Customers,FELT FARM ANIMAL SHEEP,161
Loyal Customers,FELT FARM ANIMAL WHITE BUNNY ,374
Loyal Customers,FELT TOADSTOOL  SMALL,92
Loyal Customers,FELT TOADSTOOL LARGE,38
Loyal Customers,FELTCRAFT 6 FLOWER FRIENDS,1391
Loyal Customers,FELTCRAFT BOY JEAN-PAUL KIT,48
Loyal Customers,FELTCRAFT BUTTERFLY HEARTS,944
Loyal Customers,FELTCRAFT CHRISTMAS FAIRY,273
Loyal Customers,FELTCRAFT CUSHION BUTTERFLY,286
Loyal Customers,FELTCRAFT CUSHION OWL,511
Loyal Customers,FELTCRAFT CUSHION RABBIT,362
Loyal Customers,FELTCRAFT DOLL EMILY,121
Loyal Customers,FELTCRAFT DOLL MARIA,7
Loyal Customers,FELTCRAFT DOLL MOLLY,295
Loyal Customers,FELTCRAFT DOLL ROSIE,174
Loyal Customers,FELTCRAFT GIRL AMELIE KIT,160
Loyal Customers,FELTCRAFT GIRL NICOLE KIT,77
Loyal Customers,FELTCRAFT HAIRBAND PINK AND BLUE,39
Loyal Customers,FELTCRAFT HAIRBAND PINK AND PURPLE,91
Loyal Customers,FELTCRAFT HAIRBAND RED AND BLUE,36
Loyal Customers,FELTCRAFT HAIRBANDS PINK AND WHITE ,144
Loyal Customers,FELTCRAFT PRINCESS CHARLOTTE DOLL,327
Loyal Customers,FELTCRAFT PRINCESS LOLA DOLL,180
Loyal Customers,FELTCRAFT PRINCESS OLIVIA DOLL,108
Loyal Customers,FENG SHUI PILLAR CANDLE,1744
Loyal Customers,FILIGREE HEART BIRD WHITE ,536
Loyal Customers,FILIGREE HEART BUTTERFLY WHITE ,597
Loyal Customers,FILIGREE HEART DAISY WHITE,273
Loyal Customers,FILIGRIS HEART WITH BUTTERFLY,654
Loyal Customers,FINE SILVER NECKLACE W PASTEL FLOWE,9
Loyal Customers,FINE WICKER HEART ,577
Loyal Customers,FIRST AID TIN,401
Loyal Customers,FIRST CLASS HOLIDAY PURSE ,3
Loyal Customers,FIRST CLASS LUGGAGE TAG ,33
Loyal Customers,FIRST CLASS PASSPORT COVER ,24
Loyal Customers,FIVE CATS HANGING DECORATION,32
Loyal Customers,FIVE HEART HANGING DECORATION,61
Loyal Customers,FLAG OF ST GEORGE ,9
Loyal Customers,FLAG OF ST GEORGE CHAIR,1
Loyal Customers,FLAMES SUNGLASSES PINK LENSES,36
Loyal Customers,FLOOR CUSHION ELEPHANT CARNIVAL,16
Loyal Customers,FLOOR LAMP SHADE WOOD BASE,5
Loyal Customers,FLORAL FOLK STATIONERY SET,240
Loyal Customers,FLORAL PINK MONSTER,11
Loyal Customers,FLORAL SOFT CAR TOY,6
Loyal Customers,FLOWER BLUE CLOCK WITH SUCKER,82
Loyal Customers,FLOWER FAIRY INCENSE BOUQUET,52
Loyal Customers,"FLOWER FAIRY,5 SUMMER B'DRAW LINERS",18
Loyal Customers,"FLOWER GLASS GARLAND NECKL.36""BLACK",3
Loyal Customers,"FLOWER GLASS GARLAND NECKL.36""BLUE",3
Loyal Customers,FLOWER PURPLE CLOCK W/SUCKER,1
Loyal Customers,FLOWER PURPLE CLOCK WITH SUCKER,12
Loyal Customers,FLOWER VINE RAFFIA FOOD COVER,44
Loyal Customers,FLOWERS  STICKERS,46
Loyal Customers,FLOWERS CHANDELIER T-LIGHT HOLDER,582
Loyal Customers,FLOWERS HANDBAG blue and orange,47
Loyal Customers,FLOWERS TILE COASTER,326
Loyal Customers,FLOWERS TILE HOOK,12
Loyal Customers,FLUTED ANTIQUE CANDLE HOLDER,631
Loyal Customers,FLYING PIG WATERING CAN,78
Loyal Customers,FOLDING BUTTERFLY MIRROR HOT PINK ,418
Loyal Customers,FOLDING BUTTERFLY MIRROR IVORY ,272
Loyal Customers,FOLDING BUTTERFLY MIRROR RED  ,117
Loyal Customers,FOLDING MIRROR HOT PINK ,12
Loyal Customers,FOLDING UMBRELLA BLACKBLUE POLKADOT,37
Loyal Customers,FOLDING UMBRELLA CHOCOLATE POLKADOT,26
Loyal Customers,FOLDING UMBRELLA CREAM POLKADOT,24
Loyal Customers,FOLDING UMBRELLA PINKWHITE POLKADOT,24
Loyal Customers,FOLDING UMBRELLA RED/WHITE POLKADOT,90
Loyal Customers,FOLDING UMBRELLA WHITE/RED POLKADOT,13
Loyal Customers,FOLK ART METAL HEART T-LIGHT HOLDER,37
Loyal Customers,FOLK ART METAL STAR T-LIGHT HOLDER,84
Loyal Customers,FOLKART CHRISTMAS TREE T-LIGHT HOLD,15
Loyal Customers,FOLKART CLIP ON STARS,98
Loyal Customers,FOLKART HEART NAPKIN RINGS,36
Loyal Customers,FOLKART STAR CHRISTMAS DECORATIONS,470
Loyal Customers,FOLKART ZINC HEART CHRISTMAS DEC,177
Loyal Customers,FOOD CONTAINER SET 3 LOVE HEART ,328
Loyal Customers,FOOD COVER WITH BEADS SET 2 ,205
Loyal Customers,FOOD/DRINK SPONGE STICKERS,196
Loyal Customers,FOOT STOOL HOME SWEET HOME ,92
Loyal Customers,FORKED CACTUS CANDLE,23
Loyal Customers,FOUR HOOK  WHITE LOVEBIRDS,425
Loyal Customers,FOUR RABBIT EASTER DECORATIONS,2
Loyal Customers,FRAPPUCINO SCARF KNITTING KIT,26
Loyal Customers,FREESTYLE CANVAS ART PICTURE,24
Loyal Customers,FRENCH BATHROOM SIGN BLUE METAL,278
Loyal Customers,FRENCH BLUE METAL DOOR SIGN 0,166
Loyal Customers,FRENCH BLUE METAL DOOR SIGN 1,465
Loyal Customers,FRENCH BLUE METAL DOOR SIGN 2,389
Loyal Customers,FRENCH BLUE METAL DOOR SIGN 3,283
Loyal Customers,FRENCH BLUE METAL DOOR SIGN 4,243
Loyal Customers,FRENCH BLUE METAL DOOR SIGN 5,310
Loyal Customers,FRENCH BLUE METAL DOOR SIGN 6,262
Loyal Customers,FRENCH BLUE METAL DOOR SIGN 7,247
Loyal Customers,FRENCH BLUE METAL DOOR SIGN 8,210
Loyal Customers,FRENCH BLUE METAL DOOR SIGN 9,178
Loyal Customers,FRENCH BLUE METAL DOOR SIGN No,490
Loyal Customers,FRENCH CARRIAGE LANTERN,30
Loyal Customers,FRENCH CHATEAU LARGE FRUIT BOWL ,2
Loyal Customers,FRENCH CHATEAU LARGE PLATTER ,15
Loyal Customers,FRENCH CHATEAU SMALL FRUITBOWL,4
Loyal Customers,FRENCH ENAMEL CANDLEHOLDER,447
Loyal Customers,FRENCH ENAMEL POT W LID,113
Loyal Customers,FRENCH ENAMEL UTENSIL HOLDER,5
Loyal Customers,FRENCH ENAMEL WATER BASIN,55
Loyal Customers,FRENCH FLORAL CUSHION COVER ,122
Loyal Customers,FRENCH GARDEN SIGN BLUE METAL,230
Loyal Customers,FRENCH KITCHEN SIGN BLUE METAL,258
Loyal Customers,FRENCH LATTICE CUSHION COVER ,91
Loyal Customers,FRENCH LAUNDRY SIGN BLUE METAL,184
Loyal Customers,FRENCH LAVENDER SCENT HEART,168
Loyal Customers,FRENCH PAISLEY CUSHION COVER,42
Loyal Customers,FRENCH PAISLEY CUSHION COVER ,19
Loyal Customers,FRENCH STYLE EMBOSSED HEART CABINET,3
Loyal Customers,FRENCH STYLE STORAGE JAR BONBONS,384
Loyal Customers,FRENCH STYLE STORAGE JAR CAFE ,332
Loyal Customers,FRENCH STYLE STORAGE JAR JAM,102
Loyal Customers,FRENCH TOILET SIGN BLUE METAL,179
Loyal Customers,FRENCH WC SIGN BLUE METAL,495
Loyal Customers,FRIDGE MAGNETS LA VIE EN ROSE,120
Loyal Customers,FRIDGE MAGNETS LES ENFANTS ASSORTED,210
Loyal Customers,FRIDGE MAGNETS US DINER ASSORTED,282
Loyal Customers,FROG CANDLE,3
Loyal Customers,FROG SOCK PUPPET,7
Loyal Customers,FROSTED WHITE BASE ,28
Loyal Customers,FRUIT SALAD BAG CHARM,2
Loyal Customers,FRUIT TREE AND BIRDS WALL PLAQUE,1
Loyal Customers,FRYING PAN BLUE POLKADOT,26
Loyal Customers,FRYING PAN PINK POLKADOT,113
Loyal Customers,FRYING PAN RED RETROSPOT,79
Loyal Customers,FRYING PAN UNION FLAG,447
Loyal Customers,FULL ENGLISH BREAKFAST PLATE,324
Loyal Customers,FUNKY DIVA PEN,2230
Loyal Customers,FUNKY MONKEY CUSHION COVER,139
Loyal Customers,FUNKY MONKEY GIFT BAG MEDIUM,18
Loyal Customers,FUNKY WASHING UP GLOVES ASSORTED,173
Loyal Customers,FUSCHIA FLOWER PURSE WITH BEADS,58
Loyal Customers,FUSCHIA RETRO BAR STOOL,1
Loyal Customers,FUSCHIA VOILE POINTY SHOE DEC,13
Loyal Customers,GAOLERS KEYS DECORATIVE GARDEN ,236
Loyal Customers,GARAGE KEY FOB,77
Loyal Customers,GARDEN METAL SIGN ,50
Loyal Customers,GARDEN PATH JOURNAL,21
Loyal Customers,GARDEN PATH NOTEBOOK ,7
Loyal Customers,GARDEN PATH POCKET BOOK,6
Loyal Customers,GARDEN PATH SKETCHBOOK,21
Loyal Customers,GARDENERS KNEELING PAD CUP OF TEA ,1966
Loyal Customers,GARDENERS KNEELING PAD KEEP CALM ,3005
Loyal Customers,GARDENIA 1 WICK MORRIS BOXED CANDLE,23
Loyal Customers,GARDENIA 3 WICK MORRIS BOXED CANDLE,23
Loyal Customers,GARLAND WITH HEARTS AND BELLS,87
Loyal Customers,GARLAND WITH STARS AND BELLS,102
Loyal Customers,GARLAND WOODEN HAPPY EASTER,508
Loyal Customers,"GARLAND, VINTAGE BELLS",6
Loyal Customers,GEMSTONE CHANDELIER T-LIGHT HOLDER,6
Loyal Customers,GENTLEMAN SHIRT REPAIR KIT ,1014
Loyal Customers,GEORGIAN TRINKET BOX,77
Loyal Customers,GIANT 50'S CHRISTMAS CRACKER,425
Loyal Customers,GIFT BAG BIRTHDAY,217
Loyal Customers,GIFT BAG LARGE 50'S CHRISTMAS,24
Loyal Customers,GIFT BAG LARGE SPOT ,24
Loyal Customers,GIFT BAG LARGE VINTAGE CHRISTMAS,52
Loyal Customers,GIFT BAG PSYCHEDELIC APPLES,94
Loyal Customers,GIN & TONIC DIET GREETING CARD ,1153
Loyal Customers,GIN + TONIC DIET METAL SIGN,5968
Loyal Customers,GIN AND TONIC DIET METAL SIGN,213
Loyal Customers,GIN AND TONIC MUG,473
Loyal Customers,GINGERBREAD MAN COOKIE CUTTER,2188
Loyal Customers,GINGHAM BABUSHKA DOORSTOP,78
Loyal Customers,GINGHAM HEART  DOORSTOP RED,99
Loyal Customers,GINGHAM HEART DECORATION,487
Loyal Customers,GINGHAM OVEN GLOVE RED HEART ,2
Loyal Customers,GINGHAM RECIPE BOOK BOX,90
Loyal Customers,GINGHAM ROSE WRAP,350
Loyal Customers,GIRAFFE WOODEN RULER,1771
Loyal Customers,GIRLS ALPHABET IRON ON PATCHES ,2688
Loyal Customers,GIRLS VINTAGE TIN SEASIDE BUCKET,216
Loyal Customers,GLAMOROUS  MUG,91
Loyal Customers,GLASS  BEURRE DISH,324
Loyal Customers,GLASS  SONGBIRD STORAGE JAR,31
Loyal Customers,GLASS APOTHECARY BOTTLE ELIXIR,211
Loyal Customers,GLASS APOTHECARY BOTTLE PERFUME,278
Loyal Customers,GLASS APOTHECARY BOTTLE TONIC,209
Loyal Customers,GLASS BEAD HOOP NECKLACE AMETHYST,1
Loyal Customers,GLASS BON BON JAR,1216
Loyal Customers,GLASS BONNE JAM JAR,15
Loyal Customers,GLASS CHALICE BLUE SMALL ,267
Loyal Customers,GLASS CHALICE GREEN  LARGE ,48
Loyal Customers,GLASS CHALICE GREEN  SMALL ,80
Loyal Customers,GLASS CLOCHE LARGE,151
Loyal Customers,GLASS CLOCHE SMALL,229
Loyal Customers,GLASS HEART T-LIGHT HOLDER ,695
Loyal Customers,GLASS JAR DAISY FRESH COTTON WOOL,119
Loyal Customers,GLASS JAR DIGESTIVE BISCUITS,111
Loyal Customers,GLASS JAR ENGLISH CONFECTIONERY,192
Loyal Customers,GLASS JAR KINGS CHOICE,22
Loyal Customers,GLASS JAR MARMALADE ,40
Loyal Customers,GLASS JAR PEACOCK BATH SALTS,17
Loyal Customers,GLASS SONGBIRD STORAGE JAR,1
Loyal Customers,GLASS SPHERE CANDLE STAND MEDIUM,24
Loyal Customers,GLASS STAR FROSTED T-LIGHT HOLDER,232
Loyal Customers,GLITTER BUTTERFLY CLIPS,340
Loyal Customers,GLITTER CHRISTMAS HEART ,92
Loyal Customers,GLITTER CHRISTMAS STAR ,772
Loyal Customers,GLITTER CHRISTMAS TREE,169
Loyal Customers,GLITTER CHRISTMAS TREE WITH BELLS,87
Loyal Customers,GLITTER HANGING BUTTERFLY STRING,564
Loyal Customers,GLITTER HEART DECORATION,501
Loyal Customers,GLITTER HEART GARLAND WITH BELLS ,68
Loyal Customers,GLITTER SNOW PEAR TREE DECORATION,16
Loyal Customers,GLITTER STAR GARLAND WITH BELLS ,97
Loyal Customers,GLOW IN DARK DOLPHINS,17
Loyal Customers,GOLD APERITIF GLASS,88
Loyal Customers,GOLD EAR MUFF HEADPHONES,3
Loyal Customers,GOLD FABRIC MIRROR,4
Loyal Customers,GOLD FISHING GNOME,18
Loyal Customers,GOLD MINI TAPE MEASURE ,625
Loyal Customers,GOLD MUG BONE CHINA TREE OF LIFE,181
Loyal Customers,GOLD PHOTO FRAME,22
Loyal Customers,GOLD STANDING GNOME,69
Loyal Customers,GOLD TEDDY BEAR,10
Loyal Customers,GOLD WINE GOBLET,120
Loyal Customers,GRAND CHOCOLATECANDLE,2222
Loyal Customers,GRASS HOPPER WOODEN WALL CLOCK ,159
Loyal Customers,GREEN 3 PIECE POLKADOT CUTLERY SET,376
Loyal Customers,GREEN BIRDHOUSE DECORATION,48
Loyal Customers,GREEN BITTY LIGHT CHAIN,27
Loyal Customers,GREEN CHRISTMAS TREE CARD HOLDER,366
Loyal Customers,GREEN CHRISTMAS TREE STRING 20LIGHT,2
Loyal Customers,GREEN DRAWER KNOB ACRYLIC EDWARDIAN,382
Loyal Customers,GREEN EASTER EGG HUNT START POST,1
Loyal Customers,GREEN ENAMEL FLOWER RING,1
Loyal Customers,GREEN FERN JOURNAL ,4
Loyal Customers,GREEN FERN NOTEBOOK,10
Loyal Customers,GREEN FERN POCKET BOOK,6
Loyal Customers,GREEN FERN SKETCHBOOK ,11
Loyal Customers,GREEN GEISHA GIRL ,1
Loyal Customers,GREEN GIANT GARDEN THERMOMETER,87
Loyal Customers,GREEN GOOSE FEATHER CHRISTMAS TREE ,11
Loyal Customers,GREEN GOOSE FEATHER TREE 60CM,36
Loyal Customers,GREEN HEART COMPACT MIRROR,3
Loyal Customers,GREEN JUICY FRUIT PHOTO FRAME,19
Loyal Customers,GREEN METAL BOX ARMY SUPPLIES,192
Loyal Customers,GREEN METAL BOX TOP SECRET,10
Loyal Customers,GREEN METAL SWINGING BUNNY,46
Loyal Customers,GREEN POLKADOT BOWL,467
Loyal Customers,GREEN POLKADOT PLATE ,330
Loyal Customers,GREEN REGENCY TEACUP AND SAUCER,2132
Loyal Customers,GREEN ROSE WASHBAG,31
Loyal Customers,GREEN SQUARE COMPACT MIRROR,1
Loyal Customers,GREEN SWEETHEART BRACELET,13
Loyal Customers,GREEN VINTAGE EARRINGS ,2
Loyal Customers,GREEN VINTAGE SPOT BEAKER,507
Loyal Customers,GREEN WIRE STANDING CANDLE HOLDER,13
Loyal Customers,GREEN/BLUE FLOWER DESIGN BIG MUG,4
Loyal Customers,"GREETING CARD, OVERCROWDED POOL.",12
Loyal Customers,"GREETING CARD, STICKY GORDON",36
Loyal Customers,"GREETING CARD,SQUARE, DOUGHNUTS",16
Loyal Customers,GREY ACRYLIC FACETED BANGLE,24
Loyal Customers,GREY FLORAL FELTCRAFT SHOULDER BAG,53
Loyal Customers,GREY HEART HOT WATER BOTTLE,541
Loyal Customers,GROOVY CACTUS INFLATABLE,14
Loyal Customers,GROW A FLYTRAP OR SUNFLOWER IN TIN,3912
Loyal Customers,GROW YOUR OWN BASIL IN ENAMEL MUG,154
Loyal Customers,GROW YOUR OWN FLOWERS SET OF 3,57
Loyal Customers,GROW YOUR OWN HERBS SET OF 3,36
Loyal Customers,GROW YOUR OWN PLANT IN A CAN ,197
Loyal Customers,GUMBALL COAT RACK,3143
Loyal Customers,GUMBALL MAGAZINE RACK,264
Loyal Customers,GUMBALL MONOCHROME COAT RACK,103
Loyal Customers,GYMKHANA TREASURE BOOK BOX,744
Loyal Customers,GYMKHANNA TREASURE BOOK BOX,16
Loyal Customers,HAIRCLIPS FORTIES FABRIC ASSORTED,72
Loyal Customers,HALL CABINET WITH 3 DRAWERS,1
Loyal Customers,HAND OPEN SHAPE DECO.WHITE,12
Loyal Customers,HAND OPEN SHAPE GOLD,66
Loyal Customers,HAND OVER THE CHOCOLATE   SIGN ,1725
Loyal Customers,HAND TOWEL PALE BLUE W FLOWERS,49
Loyal Customers,HAND TOWEL PINK FLOWER AND DAISY,75
Loyal Customers,HAND WARMER BABUSHKA DESIGN,1763
Loyal Customers,HAND WARMER BIRD DESIGN,2465
Loyal Customers,HAND WARMER OWL DESIGN,3072
Loyal Customers,HAND WARMER RED LOVE HEART,1174
Loyal Customers,HAND WARMER RED POLKA DOT,108
Loyal Customers,HAND WARMER RED RETROSPOT,1376
Loyal Customers,HAND WARMER SCOTTY DOG DESIGN,2386
Loyal Customers,HAND WARMER UNION JACK,1544
Loyal Customers,HANGING  BUTTERFLY T-LIGHT HOLDER,252
Loyal Customers,HANGING BAUBLE T-LIGHT HOLDER LARGE,4
Loyal Customers,HANGING BAUBLE T-LIGHT HOLDER SMALL,3
Loyal Customers,HANGING CHICK  YELLOW DECORATION,71
Loyal Customers,HANGING CHICK CREAM DECORATION,252
Loyal Customers,HANGING CHICK GREEN DECORATION,88
Loyal Customers,HANGING CLEAR MINI BOTTLE,771
Loyal Customers,HANGING ENGRAVED METAL HEART,28
Loyal Customers,HANGING FAIRY CAKE DECORATION,564
Loyal Customers,HANGING GLASS ETCHED TEALIGHT,43
Loyal Customers,HANGING HEART BONHEUR,96
Loyal Customers,HANGING HEART JAR T-LIGHT HOLDER,3315
Loyal Customers,HANGING HEART MIRROR DECORATION ,350
Loyal Customers,HANGING HEART WITH BELL,1057
Loyal Customers,HANGING HEART ZINC T-LIGHT HOLDER,2942
Loyal Customers,HANGING HEN ON NEST DECORATION,234
Loyal Customers,HANGING JAM JAR T-LIGHT HOLDER,4909
Loyal Customers,HANGING JAM JAR T-LIGHT HOLDERS,1405
Loyal Customers,HANGING MEDINA LANTERN SMALL,4
Loyal Customers,HANGING METAL CHICKEN DECORATION,1
Loyal Customers,HANGING METAL HEART LANTERN,592
Loyal Customers,HANGING METAL RABBIT DECORATION,82
Loyal Customers,HANGING METAL STAR LANTERN,533
Loyal Customers,HANGING MINI COLOURED BOTTLES,924
Loyal Customers,HANGING PHOTO CLIP ROPE LADDER,463
Loyal Customers,HANGING QUILTED PATCHWORK APPLES,288
Loyal Customers,HANGING SPRING FLOWER EGG LARGE,146
Loyal Customers,HANGING SPRING FLOWER EGG SMALL,168
Loyal Customers,HANGING WOOD AND FELT BUTTERFLY ,96
Loyal Customers,HANGING WOOD AND FELT FLOWER,524
Loyal Customers,HANGING WOOD AND FELT HEART,31
Loyal Customers,HAPPY EASTER HANGING DECORATION,81
Loyal Customers,HAPPY STENCIL CRAFT,1278
Loyal Customers,HARDMAN MUG 3 ASSORTED,14
Loyal Customers,HAWAIIAN GRASS SKIRT ,120
Loyal Customers,HEADS AND TAILS SPORTING FUN,73
Loyal Customers,HEART BEADED TRELLIS DECORATION,15
Loyal Customers,HEART CALCULATOR,587
Loyal Customers,HEART DECORATION PAINTED ZINC ,210
Loyal Customers,HEART DECORATION RUSTIC HANGING ,775
Loyal Customers,HEART DECORATION WITH PEARLS ,424
Loyal Customers,HEART FILIGREE DOVE  SMALL,1312
Loyal Customers,HEART FILIGREE DOVE LARGE,481
Loyal Customers,HEART GARLAND RUSTIC PADDED,21
Loyal Customers,HEART IVORY TRELLIS LARGE,332
Loyal Customers,HEART IVORY TRELLIS SMALL,423
Loyal Customers,HEART MINI PORTRAIT FRAME,103
Loyal Customers,HEART MIRROR ANTIQUE WHITE,96
Loyal Customers,HEART OF WICKER LARGE,1080
Loyal Customers,HEART OF WICKER SMALL,2269
Loyal Customers,HEART SHAPE WIRELESS DOORBELL,196
Loyal Customers,HEART SHAPED HOLLY WREATH,174
Loyal Customers,HEART STRING MEMO HOLDER HANGING,51
Loyal Customers,HEART T-LIGHT HOLDER,24
Loyal Customers,HEART T-LIGHT HOLDER ,8
Loyal Customers,HEART T-LIGHT HOLDER WILLIE WINKIE,78
Loyal Customers,HEART TRELLIS TRIPLE T-LIGHT HOLDER,28
Loyal Customers,HEART TRELLISTRIPLE T-LIGHT HOLDER,8
Loyal Customers,HEART WOODEN CHRISTMAS DECORATION,672
Loyal Customers,HEART WREATH DECORATION WITH BELL,521
Loyal Customers,HEARTS  STICKERS,162
Loyal Customers,HEARTS GIFT TAPE,397
Loyal Customers,HELLO SAILOR BLUE SOAP HOLDER,9
Loyal Customers,HEN HOUSE DECORATION,147
Loyal Customers,HEN HOUSE W CHICK STANDING,50
Loyal Customers,HEN HOUSE W FAMILY IN BARN & NEST,4
Loyal Customers,HEN HOUSE WITH CHICK STANDING,1
Loyal Customers,HEN PARTY CORDON BARRIER TAPE,15
Loyal Customers,HENRIETTA HEN MUG ,34
Loyal Customers,HERB MARKER BASIL,288
Loyal Customers,HERB MARKER CHIVES ,248
Loyal Customers,HERB MARKER MINT,294
Loyal Customers,HERB MARKER PARSLEY,264
Loyal Customers,HERB MARKER ROSEMARY,288
Loyal Customers,HERB MARKER THYME,272
Loyal Customers,HI TEC ALPINE HAND WARMER,312
Loyal Customers,HILDA CANDY SPOT RABBIT,3
Loyal Customers,HIPPY CHIC DECORATIVE PARASOL,78
Loyal Customers,HOLIDAY FUN LUDO,293
Loyal Customers,HOME BUILDING BLOCK WORD,775
Loyal Customers,HOME GARLAND PAINTED ZINC ,126
Loyal Customers,HOME SMALL WOOD LETTERS,67
Loyal Customers,HOME SWEET HOME 2 DRAWER CABINET,60
Loyal Customers,HOME SWEET HOME 3 PEG HANGER ,57
Loyal Customers,HOME SWEET HOME BLACKBOARD,137
Loyal Customers,HOME SWEET HOME BOTTLE ,54
Loyal Customers,HOME SWEET HOME CUSHION COVER ,131
Loyal Customers,HOME SWEET HOME HANGING HEART,305
Loyal Customers,HOME SWEET HOME HOOK,16
Loyal Customers,HOME SWEET HOME KEY HOLDER,32
Loyal Customers,HOME SWEET HOME METAL SIGN ,361
Loyal Customers,HOME SWEET HOME MUG,2745
Loyal Customers,HOMEMADE JAM SCENTED CANDLES,1625
Loyal Customers,"HOOK, 1 HANGER ,MAGIC GARDEN",310
Loyal Customers,HORSE & PONY WALL ART,12
Loyal Customers,HOT BATHS METAL SIGN,1937
Loyal Customers,HOT BATHS SOAP HOLDER,43
Loyal Customers,HOT STUFF HOT WATER BOTTLE,106
Loyal Customers,HOT WATER BOTTLE BABUSHKA ,438
Loyal Customers,HOT WATER BOTTLE I AM SO POORLY,795
Loyal Customers,HOT WATER BOTTLE KEEP CALM,1755
Loyal Customers,HOT WATER BOTTLE SEX BOMB,78
Loyal Customers,HOT WATER BOTTLE TEA AND SYMPATHY,932
Loyal Customers,HOUSE SHAPE PENCIL SHARPENER,1116
Loyal Customers,HOUSE WRECKING METAL SIGN ,4
Loyal Customers,HYACINTH BULB T-LIGHT CANDLES,128
Loyal Customers,I CAN ONLY PLEASE ONE PERSON MUG,295
Loyal Customers,I LOVE LONDON BABY GIFT SET,82
Loyal Customers,I LOVE LONDON BEAKER,291
Loyal Customers,I'M ON HOLIDAY METAL SIGN,747
Loyal Customers,ICE CREAM BUBBLES,531
Loyal Customers,ICE CREAM DESIGN GARDEN PARASOL,76
Loyal Customers,ICE CREAM PEN LIP GLOSS ,1268
Loyal Customers,ICE CREAM SUNDAE LIP GLOSS,1010
Loyal Customers,ICON MUG REVOLUTIONARY,334
Loyal Customers,ICON PLACEMAT POP ART ELVIS,594
Loyal Customers,IF YOU CAN'T STAND THE HEAT MUG,389
Loyal Customers,ILLUSTRATED CAT BOWL ,79
Loyal Customers,INFLATABLE POLITICAL GLOBE ,385
Loyal Customers,IVORY CAFE HANGING LAMP ,24
Loyal Customers,IVORY CHANDELIER T-LIGHT HOLDER,295
Loyal Customers,IVORY DINER WALL CLOCK,815
Loyal Customers,IVORY EMBROIDERED QUILT ,22
Loyal Customers,IVORY ENCHANTED FOREST PLACEMAT,19
Loyal Customers,IVORY GIANT GARDEN THERMOMETER,112
Loyal Customers,IVORY GOLD METAL BAG CHARM,2
Loyal Customers,IVORY HANGING DECORATION  BIRD,112
Loyal Customers,IVORY HANGING DECORATION  EGG,78
Loyal Customers,IVORY HANGING DECORATION  HEART,335
Loyal Customers,IVORY KITCHEN SCALES,491
Loyal Customers,IVORY KNITTED MUG COSY ,87
Loyal Customers,IVORY LOVE BIRD CANDLE,177
Loyal Customers,IVORY PAPER CUP CAKE CASES ,303
Loyal Customers,IVORY PILLAR CANDLE GOLD FLOCK,1
Loyal Customers,IVORY PILLAR CANDLE SILVER FLOCK,158
Loyal Customers,IVORY REFECTORY CLOCK,41
Loyal Customers,IVORY RETRO KITCHEN WALL CLOCK,31
Loyal Customers,IVORY SCULPTED RND CANDLE ,21
Loyal Customers,IVORY SHELL HEART NECKLACE,9
Loyal Customers,IVORY STRING CURTAIN WITH POLE ,102
Loyal Customers,IVORY SWEETHEART SOAP DISH,28
Loyal Customers,IVORY SWEETHEART WIRE LETTER RACK ,155
Loyal Customers,IVORY WICKER HEART LARGE,272
Loyal Customers,IVORY WICKER HEART MEDIUM,497
Loyal Customers,IVORY WICKER HEART SMALL,522
Loyal Customers,IVORY WIRE KITCHEN ORGANISER,72
Loyal Customers,IVORY WIRE SWEETHEART LETTER TRAY,29
Loyal Customers,IVY HEART WREATH,1
Loyal Customers,JAM CLOCK MAGNET,17
Loyal Customers,JAM JAR WITH BLUE LID,24
Loyal Customers,JAM JAR WITH GREEN LID,1002
Loyal Customers,JAM JAR WITH PINK LID,1048
Loyal Customers,JAM MAKING SET PRINTED,3812
Loyal Customers,JAM MAKING SET WITH JARS,2377
Loyal Customers,JARDIN ETCHED GLASS CHEESE DISH,110
Loyal Customers,JARDIN ETCHED GLASS FRUITBOWL,62
Loyal Customers,JARDIN ETCHED GLASS LARGE BELL JAR,17
Loyal Customers,JARDIN ETCHED GLASS SMALL BELL JAR,1
Loyal Customers,JASMINE VOTIVE CANDLE,96
Loyal Customers,JAZZ HEARTS ADDRESS BOOK,175
Loyal Customers,JAZZ HEARTS PURSE NOTEBOOK,762
Loyal Customers,JET BLACK LAS VEGAS NECKLACE 45CM,2
Loyal Customers,JIGSAW RABBIT AND BIRDHOUSE,101
Loyal Customers,JIGSAW TOADSTOOLS 3 PIECE,140
Loyal Customers,JIGSAW TREE WITH BIRDHOUSE,144
Loyal Customers,JIGSAW TREE WITH WATERING CAN,211
Loyal Customers,JINGLE BELL HEART ANTIQUE GOLD,104
Loyal Customers,JINGLE BELL HEART ANTIQUE SILVER,1614
Loyal Customers,JINGLE BELL HEART DECORATION,607
Loyal Customers,JINGLE BELLS TREE DECORATION,55
Loyal Customers,JOY LARGE WOOD LETTERS,1
Loyal Customers,JOY WOODEN BLOCK LETTERS,60
Loyal Customers,JUMBO  BAG BAROQUE BLACK WHITE,5871
Loyal Customers,JUMBO BAG 50'S CHRISTMAS ,3404
Loyal Customers,JUMBO BAG ALPHABET,6135
Loyal Customers,JUMBO BAG APPLES,7186
Loyal Customers,JUMBO BAG CHARLIE AND LOLA TOYS,300
Loyal Customers,JUMBO BAG DOILEY PATTERNS,4113
Loyal Customers,JUMBO BAG DOLLY GIRL DESIGN,1006
Loyal Customers,JUMBO BAG OWLS,6149
Loyal Customers,JUMBO BAG PAISLEY PARK,2058
Loyal Customers,JUMBO BAG PEARS,2679
Loyal Customers,JUMBO BAG PINK POLKADOT,10626
Loyal Customers,JUMBO BAG PINK VINTAGE PAISLEY,3735
Loyal Customers,JUMBO BAG RED RETROSPOT,20951
Loyal Customers,JUMBO BAG SCANDINAVIAN BLUE PAISLEY,3829
Loyal Customers,JUMBO BAG SCANDINAVIAN PAISLEY,898
Loyal Customers,JUMBO BAG SPACEBOY DESIGN,4718
Loyal Customers,JUMBO BAG STRAWBERRY,8520
Loyal Customers,JUMBO BAG TOYS ,2510
Loyal Customers,JUMBO BAG VINTAGE CHRISTMAS ,1974
Loyal Customers,JUMBO BAG VINTAGE DOILEY ,130
Loyal Customers,JUMBO BAG VINTAGE DOILY ,5609
Loyal Customers,JUMBO BAG VINTAGE LEAF,4897
Loyal Customers,JUMBO BAG WOODLAND ANIMALS,2410
Loyal Customers,JUMBO SHOPPER VINTAGE RED PAISLEY,4478
Loyal Customers,JUMBO STORAGE BAG SKULLS,2727
Loyal Customers,JUMBO STORAGE BAG SUKI,4618
Loyal Customers,JUNGLE POPSICLES ICE LOLLY HOLDERS,41
Loyal Customers,JUNGLE POPSICLES ICE LOLLY MOULDS,307
Loyal Customers,KEEP CALM WALL ART ,2
Loyal Customers,KEEP OUT BOYS DOOR HANGER ,37
Loyal Customers,KENSINGTON COFFEE SET,1
Loyal Customers,KEY CABINET MA CAMPAGNE,35
Loyal Customers,"KEY FOB , BACK DOOR ",282
Loyal Customers,"KEY FOB , FRONT  DOOR ",232
Loyal Customers,"KEY FOB , GARAGE DESIGN",137
Loyal Customers,"KEY FOB , SHED",432
Loyal Customers,KEY RING BASEBALL BOOT ASSORTED ,193
Loyal Customers,KEY RING BASEBALL BOOT UNION JACK,380
Loyal Customers,KIDS CUTLERY DOLLY GIRL ,8
Loyal Customers,KIDS CUTLERY SPACEBOY ,8
Loyal Customers,KIDS RAIN MAC BLUE,243
Loyal Customers,KIDS RAIN MAC PINK,76
Loyal Customers,KINGS CHOICE BISCUIT TIN,45
Loyal Customers,KINGS CHOICE GIANT TUBE MATCHES,386
Loyal Customers,KINGS CHOICE MUG,1332
Loyal Customers,KINGS CHOICE TEA CADDY ,87
Loyal Customers,KITCHEN FLOWER POTS WALL PLAQUE,1
Loyal Customers,KITCHEN METAL SIGN,514
Loyal Customers,KITTENS DESIGN FLANNEL,60
Loyal Customers,KITTY PENCIL ERASERS,318
Loyal Customers,KNEELING MAT HOUSEWORK  DESIGN,649
Loyal Customers,KNICKERBOCKERGLORY MAGNET ASSORTED ,798
Loyal Customers,KNITTED UNION FLAG HOT WATER BOTTLE,1040
Loyal Customers,LA JARDIN BOTANIQUE CUSHION COVER,3
Loyal Customers,LA PALMIERA TILE COASTER,171
Loyal Customers,LA PALMIERA TILE HOOK,18
Loyal Customers,LADIES & GENTLEMEN METAL SIGN,1046
Loyal Customers,LADS ONLY TISSUE BOX,984
Loyal Customers,LADYBIRD + BEE RAFFIA FOOD COVER,38
Loyal Customers,LANDMARK FRAME BAKER STREET ,10
Loyal Customers,LANDMARK FRAME CAMDEN TOWN ,44
Loyal Customers,LANDMARK FRAME COVENT GARDEN ,56
Loyal Customers,LANDMARK FRAME LONDON BRIDGE ,45
Loyal Customers,LANDMARK FRAME NOTTING HILL ,41
Loyal Customers,LANDMARK FRAME OXFORD STREET,41
Loyal Customers,LANTERN CREAM GAZEBO ,232
Loyal Customers,LARGE  TALL CAMPHOR WOOD TOADSTOOL ,2
Loyal Customers,LARGE ANTIQUE WHITE PHOTO FRAME,66
Loyal Customers,LARGE APOTHECARY MEASURING JAR ,2
Loyal Customers,LARGE BONNE JAM JAR  T-LIGHT HOLDER,36
Loyal Customers,LARGE CAKE STAND  HANGING STRAWBERY,162
Loyal Customers,LARGE CAKE STAND HANGING HEARTS,78
Loyal Customers,LARGE CAKE TOWEL CHOCOLATE SPOTS,442
Loyal Customers,LARGE CAKE TOWEL PINK SPOTS,393
Loyal Customers,LARGE CERAMIC TOP STORAGE JAR,749
Loyal Customers,LARGE CHINESE STYLE SCISSOR,210
Loyal Customers,LARGE CIRCULAR MIRROR MOBILE,1456
Loyal Customers,LARGE DECO JEWELLERY STAND,51
Loyal Customers,LARGE HANGING IVORY & RED WOOD BIRD,227
Loyal Customers,LARGE HEART MEASURING SPOONS,272
Loyal Customers,LARGE IVORY HEART WALL ORGANISER,91
Loyal Customers,LARGE MEDINA STAMPED METAL BOWL ,30
Loyal Customers,LARGE PARLOUR PICTURE FRAME,26
Loyal Customers,LARGE PINK GLASS SUNDAE DISH,464
Loyal Customers,LARGE POPCORN HOLDER ,383
Loyal Customers,LARGE PURPLE BABUSHKA NOTEBOOK  ,340
Loyal Customers,LARGE RED BABUSHKA NOTEBOOK ,251
Loyal Customers,LARGE RED RETROSPOT WINDMILL,1261
Loyal Customers,LARGE ROUND WICKER PLATTER ,13
Loyal Customers,LARGE SKULL WINDMILL,12
Loyal Customers,LARGE STRIPES CHOCOLATE GIFT BAG,23
Loyal Customers,LARGE TORTILLA DESIGN RED BOWL,37
Loyal Customers,LARGE WHITE HEART OF WICKER,447
Loyal Customers,LARGE WHITE HONEYCOMB PAPER BELL  ,32
Loyal Customers,LARGE WHITE/PINK ROSE ART FLOWER,141
Loyal Customers,LARGE YELLOW BABUSHKA NOTEBOOK ,181
Loyal Customers,LARGE ZINC GLASS CANDLEHOLDER,12
Loyal Customers,LARGE ZINC HEART WALL ORGANISER,34
Loyal Customers,LAUNDRY 15C METAL SIGN,564
Loyal Customers,LAUREL HEART ANTIQUE GOLD,95
Loyal Customers,LAUREL HEART ANTIQUE SILVER,485
Loyal Customers,LAUREL STAR ANTIQUE GOLD,124
Loyal Customers,LAUREL STAR ANTIQUE SILVER ,140
Loyal Customers,LAVENDER INCENSE IN TIN,95
Loyal Customers,LAVENDER SCENT CAKE CANDLE,216
Loyal Customers,LAVENDER SCENTED FABRIC HEART,103
Loyal Customers,LAVENDER TOILETTE BOTTLE,87
Loyal Customers,LAZER CUT NECKLACE W PASTEL BEADS,1
Loyal Customers,LE GRAND TRAY CHIC SET,13
Loyal Customers,LE JARDIN BOTANIQUE CUSHION COVER,66
Loyal Customers,LEAVES MAGNETIC  SHOPPING LIST,12
Loyal Customers,LED TEA LIGHTS,200
Loyal Customers,LETS GO SHOPPING COTTON TOTE BAG,8
Loyal Customers,"LETTER ""A"" BLING KEY RING",24
Loyal Customers,"LETTER ""C"" BLING KEY RING",18
Loyal Customers,"LETTER ""D"" BLING KEY RING",12
Loyal Customers,"LETTER ""E"" BLING KEY RING",6
Loyal Customers,"LETTER ""G"" BLING KEY RING",6
Loyal Customers,"LETTER ""H"" BLING KEY RING",6
Loyal Customers,"LETTER ""I"" BLING KEY RING",12
Loyal Customers,"LETTER ""J"" BLING KEY RING",6
Loyal Customers,"LETTER ""K"" BLING KEY RING",7
Loyal Customers,"LETTER ""L"" BLING KEY RING",12
Loyal Customers,"LETTER ""M"" BLING KEY RING",6
Loyal Customers,"LETTER ""N"" BLING KEY RING",1
Loyal Customers,"LETTER ""S"" BLING KEY RING",12
Loyal Customers,LETTER HOLDER HOME SWEET HOME,65
Loyal Customers,LETTER SHAPE PENCIL SHARPENER,2024
Loyal Customers,LIGHT GARLAND BUTTERFILES PINK,200
Loyal Customers,LILAC DIAMANTE PEN IN GIFT BOX,7
Loyal Customers,LILAC GAUZE BUTTERFLY LAMPSHADE,10
Loyal Customers,LILY BROOCH AMETHYST COLOUR,1
Loyal Customers,LILY BROOCH OLIVE COLOUR,1
Loyal Customers,LIPSTICK PEN BABY PINK,89
Loyal Customers,LIPSTICK PEN FUSCHIA,251
Loyal Customers,LIPSTICK PEN RED,896
Loyal Customers,LITTLE GREEN MONSTER SOFT TOY,4
Loyal Customers,LITTLE PINK MONSTER SOFT TOY,4
Loyal Customers,LOCAL CAFE MUG,105
Loyal Customers,LOLITA  DESIGN  COTTON TOTE BAG,14
Loyal Customers,LONDON BUS COFFEE MUG,2445
Loyal Customers,LOVE BUILDING BLOCK WORD,539
Loyal Customers,LOVE GARLAND PAINTED ZINC ,74
Loyal Customers,LOVE HEART NAPKIN BOX ,32
Loyal Customers,LOVE HEART POCKET WARMER,1738
Loyal Customers,LOVE HEART SOCK HANGER,57
Loyal Customers,LOVE HEART TRINKET POT,379
Loyal Customers,LOVE HOT WATER BOTTLE,875
Loyal Customers,LOVE LARGE WOOD LETTERS ,9
Loyal Customers,LOVE SEAT ANTIQUE WHITE METAL,6
Loyal Customers,LOVEBIRD HANGING DECORATION WHITE ,834
Loyal Customers,LOVELY BONBON STICKER SHEET,96
Loyal Customers,LUNCH BAG  BLACK SKULL.,3942
Loyal Customers,LUNCH BAG ALPHABET DESIGN,2567
Loyal Customers,LUNCH BAG APPLE DESIGN,4025
Loyal Customers,LUNCH BAG CARS BLUE,2759
Loyal Customers,LUNCH BAG DOILEY PATTERN ,2557
Loyal Customers,LUNCH BAG DOLLY GIRL DESIGN,1721
Loyal Customers,LUNCH BAG PAISLEY PARK  ,1006
Loyal Customers,LUNCH BAG PINK POLKADOT,2950
Loyal Customers,LUNCH BAG RED RETROSPOT,6237
Loyal Customers,LUNCH BAG RED VINTAGE DOILY,697
Loyal Customers,LUNCH BAG SPACEBOY DESIGN ,2447
Loyal Customers,LUNCH BAG SUKI  DESIGN ,640
Loyal Customers,LUNCH BAG SUKI DESIGN ,2669
Loyal Customers,LUNCH BAG VINTAGE DOILEY ,60
Loyal Customers,LUNCH BAG VINTAGE DOILY ,2395
Loyal Customers,LUNCH BAG VINTAGE LEAF DESIGN,2611
Loyal Customers,LUNCH BAG WOODLAND,2040
Loyal Customers,LUNCH BOX I LOVE LONDON,7689
Loyal Customers,LUNCH BOX WITH CUTLERY FAIRY CAKES ,28
Loyal Customers,LUNCH BOX WITH CUTLERY RETROSPOT ,632
Loyal Customers,LUSH GREENS RIBBONS,11
Loyal Customers,MA CAMPAGNE CUTLERY BOX,40
Loyal Customers,MADRAS NOTEBOOK LARGE ,168
Loyal Customers,MADRAS NOTEBOOK MEDIUM,272
Loyal Customers,MAGAZINE RACK GEBRA ASSORTED ,1
Loyal Customers,MAGIC DRAWING SLATE BAKE A CAKE ,101
Loyal Customers,MAGIC DRAWING SLATE BUNNIES ,82
Loyal Customers,MAGIC DRAWING SLATE CIRCUS PARADE  ,183
Loyal Customers,MAGIC DRAWING SLATE DINOSAUR,149
Loyal Customers,MAGIC DRAWING SLATE DOLLY GIRL ,992
Loyal Customers,MAGIC DRAWING SLATE GO TO THE FAIR ,48
Loyal Customers,MAGIC DRAWING SLATE LEAP FROG ,6
Loyal Customers,MAGIC DRAWING SLATE PURDEY,2058
Loyal Customers,MAGIC DRAWING SLATE SPACEBOY ,407
Loyal Customers,MAGIC GARDEN FELT GARLAND ,18
Loyal Customers,MAGIC SHEEP WOOL GROWING FROM PAPER,214
Loyal Customers,MAGIC TREE -PAPER FLOWERS,375
Loyal Customers,MAGNETS PACK OF 4 CHILDHOOD MEMORY,114
Loyal Customers,MAGNETS PACK OF 4 HOME SWEET HOME,368
Loyal Customers,MAGNETS PACK OF 4 RETRO PHOTO,194
Loyal Customers,MAGNETS PACK OF 4 SWALLOWS,748
Loyal Customers,MAGNETS PACK OF 4 VINTAGE COLLAGE,585
Loyal Customers,MAGNETS PACK OF 4 VINTAGE LABELS ,441
Loyal Customers,MAKE YOUR OWN FLOWERPOWER CARD KIT,260
Loyal Customers,MAKE YOUR OWN MONSOON CARD KIT,213
Loyal Customers,MAKE YOUR OWN PLAYTIME CARD KIT,254
Loyal Customers,MAN FLU METAL SIGN,352
Loyal Customers,MARIE ANTOIENETT TRINKET BOX GOLD,1
Loyal Customers,MARIE ANTOINETTE TRINKET BOX GOLD,72
Loyal Customers,MARIE ANTOINETTE TRINKET BOX SILVER,73
Loyal Customers,MAXWELL 2 TONE BLUE 60 PAGE PHOTO A,4
Loyal Customers,MEASURING TAPE BABUSHKA BLUE,121
Loyal Customers,MEASURING TAPE BABUSHKA PINK,145
Loyal Customers,MEASURING TAPE BABUSHKA RED,147
Loyal Customers,MEDINA STAMPED METAL STOOL,4
Loyal Customers,MEDIUM CERAMIC TOP STORAGE JAR,75165
Loyal Customers,MEDIUM CHINESE STYLE SCISSOR,273
Loyal Customers,MEDIUM MEDINA STAMPED METAL BOWL ,21
Loyal Customers,MEDIUM PARLOUR PICTURE FRAME ,45
Loyal Customers,MEDIUM PINK BUDDHA HEAD ,4
Loyal Customers,MEDIUM WHITE/PINK ROSE ART FLOWER,54
Loyal Customers,MEMO BOARD COTTAGE DESIGN,120
Loyal Customers,MEMO BOARD RETROSPOT  DESIGN,305
Loyal Customers,METAL 4 HOOK HANGER FRENCH CHATEAU,743
Loyal Customers,METAL DECORATION NAUGHTY CHILDREN ,384
Loyal Customers,METAL HERB GERDEN CONTAINER,3
Loyal Customers,METAL MERRY CHRISTMAS WREATH,208
Loyal Customers,METAL RABBIT LADDER EASTER ,19
Loyal Customers,METAL SIGN CUPCAKE SINGLE HOOK,62
Loyal Customers,METAL SIGN DROP YOUR PANTS,348
Loyal Customers,METAL SIGN EMPIRE TEA,501
Loyal Customers,METAL SIGN HER DINNER IS SERVED ,59
Loyal Customers,METAL SIGN HIS DINNER IS SERVED,158
Loyal Customers,METAL SIGN NEIGHBOURHOOD WITCH ,372
Loyal Customers,METAL SIGN TAKE IT OR LEAVE IT ,272
Loyal Customers,"METAL SIGN,CUPCAKE SINGLE HOOK",215
Loyal Customers,METAL TUBE CHIME ON BAMBOO,12
Loyal Customers,METALIC LEAVES BAG CHARMS,52
Loyal Customers,MIDNIGHT BLUE GLASS/SILVER BRACELET,2
Loyal Customers,MIDNIGHT GLAMOUR SCARF KNITTING KIT,45
Loyal Customers,MILK BOTTLE WITH GLASS STOPPER ,1
Loyal Customers,MILK MAIDS MUG ,42
Loyal Customers,MILK PAN BLUE POLKADOT,33
Loyal Customers,MILK PAN PINK POLKADOT,17
Loyal Customers,MILK PAN RED RETROSPOT,106
Loyal Customers,MINI  ZINC GARDEN DECORATIONS ,540
Loyal Customers,MINI CAKE STAND  HANGING STRAWBERY,250
Loyal Customers,MINI CAKE STAND T-LIGHT HOLDER,401
Loyal Customers,MINI CAKE STAND WITH HANGING CAKES,353
Loyal Customers,MINI FUNKY DESIGN TAPES,574
Loyal Customers,MINI HIGHLIGHTER PENS,480
Loyal Customers,MINI JIGSAW BAKE A CAKE ,102
Loyal Customers,MINI JIGSAW BUNNIES,131
Loyal Customers,MINI JIGSAW CIRCUS PARADE ,308
Loyal Customers,MINI JIGSAW DINOSAUR ,172
Loyal Customers,MINI JIGSAW DOLLY GIRL,467
Loyal Customers,MINI JIGSAW GO TO THE FAIR,49
Loyal Customers,MINI JIGSAW LEAP FROG,5
Loyal Customers,MINI JIGSAW PURDEY,324
Loyal Customers,MINI JIGSAW SPACEBOY,657
Loyal Customers,MINI LADLE LOVE HEART PINK,50
Loyal Customers,MINI LADLE LOVE HEART RED ,387
Loyal Customers,MINI LIGHTS WOODLAND MUSHROOMS,455
Loyal Customers,MINI PAINT SET VINTAGE ,9083
Loyal Customers,MINI PAINTED GARDEN DECORATION ,972
Loyal Customers,MINI PLAYING CARDS BUFFALO BILL ,1646
Loyal Customers,MINI PLAYING CARDS DOLLY GIRL ,902
Loyal Customers,MINI PLAYING CARDS FUN FAIR ,610
Loyal Customers,MINI PLAYING CARDS GYMKHANA,1165
Loyal Customers,MINI PLAYING CARDS SPACEBOY ,1018
Loyal Customers,MINI WOODEN HAPPY BIRTHDAY GARLAND,163
Loyal Customers,MINIATURE ANTIQUE ROSE HOOK IVORY,364
Loyal Customers,MINITURE ANTIQUE ROSE HOOK IVORY,12
Loyal Customers,MINT DINER WALL CLOCK,100
Loyal Customers,MINT GREEN ROSE TOWEL,8
Loyal Customers,MINT KITCHEN SCALES,243
Loyal Customers,MIRROR CORNICE,14
Loyal Customers,MIRROR LOVE BIRD T-LIGHT HOLDER,122
Loyal Customers,MIRROR MOSAIC CANDLE PLATE,98
Loyal Customers,MIRROR MOSAIC GOBLET CANDLE HOLDER,484
Loyal Customers,MIRROR MOSAIC HURRICANE LAMP ,251
Loyal Customers,MIRROR MOSAIC T-LIGHT HOLDER ,1446
Loyal Customers,MIRROR MOSAIC T-LIGHT HOLDER ROUND,948
Loyal Customers,MIRROR MOSAIC VOTIVE HOLDER,650
Loyal Customers,MIRRORED DISCO BALL ,231
Loyal Customers,MIRRORED DOVE WALL DECORATION,31
Loyal Customers,MIRRORED WALL ART FOXY,5
Loyal Customers,MIRRORED WALL ART GENTS,66
Loyal Customers,MIRRORED WALL ART LADIES,60
Loyal Customers,MIRRORED WALL ART POPPIES,26
Loyal Customers,MIRRORED WALL ART SKULLS,97
Loyal Customers,MIRRORED WALL ART SNOWFLAKES,55
Loyal Customers,MIRRORED WALL ART SPLODGES,24
Loyal Customers,MIRRORED WALL ART STARS,34
Loyal Customers,MIRRORED WALL ART TABLE LAMP,7
Loyal Customers,MISTLETOE HEART WREATH CREAM,171
Loyal Customers,MISTLETOE HEART WREATH GREEN,217
Loyal Customers,MIXED NUTS LIGHT GREEN BOWL,351
Loyal Customers,MOBILE VINTAGE HEARTS ,12
Loyal Customers,MOCK LOBSTER FRIDGE MAGNET,104
Loyal Customers,MODERN FLORAL STATIONERY SET,218
Loyal Customers,MODERN VINTAGE COTTON SHOPPING BAG,6
Loyal Customers,MONEY BOX BISCUITS DESIGN,1
Loyal Customers,MONEY BOX CONFECTIONERY DESIGN,1
Loyal Customers,MONEY BOX FIRST ADE DESIGN,3
Loyal Customers,MONEY BOX FIRST AID DESIGN,1
Loyal Customers,MONEY BOX HOUSEKEEPING DESIGN,50
Loyal Customers,MONEY BOX KINGS CHOICE DESIGN,35
Loyal Customers,MONEY BOX POCKET MONEY DESIGN,27
Loyal Customers,MONSTERS STENCIL CRAFT,264
Loyal Customers,MOODY BOY  DOOR HANGER ,441
Loyal Customers,MOODY GIRL DOOR HANGER ,483
Loyal Customers,MORE BUTTER METAL SIGN ,313
Loyal Customers,MOROCCAN BEATEN METAL DISH,4
Loyal Customers,MOROCCAN BEATEN METAL MIRROR,3
Loyal Customers,MOROCCAN TEA GLASS,696
Loyal Customers,MOTHER'S KITCHEN SPOON REST ,34
Loyal Customers,MOTORING TISSUE BOX,320
Loyal Customers,MOUSE TOY WITH PINK T-SHIRT,53
Loyal Customers,MR ROBOT SOFT TOY,42
Loyal Customers,MRS ROBOT SOFT TOY,32
Loyal Customers,MULTI COLOUR SILVER T-LIGHT HOLDER,3690
Loyal Customers,MULTI HEARTS  STICKERS,64
Loyal Customers,MULTICOLOUR  CONFETTI IN TUBE,60
Loyal Customers,MULTICOLOUR 3D BALLS GARLAND,32
Loyal Customers,MULTICOLOUR EASTER RABBIT ,12
Loyal Customers,MULTICOLOUR HONEYCOMB FAN,391
Loyal Customers,MULTICOLOUR HONEYCOMB PAPER GARLAND,737
Loyal Customers,MULTICOLOUR RABBIT EGG WARMER,12
Loyal Customers,MULTICOLOUR SPRING FLOWER MUG,494
Loyal Customers,MUM'S KITCHEN CLOCK,22
Loyal Customers,MUMMY MOUSE RED GINGHAM RIBBON,1
Loyal Customers,MUSICAL ZINC HEART DECORATION ,618
Loyal Customers,Manual,5486
Loyal Customers,N0 SINGING METAL SIGN,524
Loyal Customers,NAMASTE SWAGAT INCENSE,1482
Loyal Customers,NATURAL HANGING QUILTED HEARTS ,144
Loyal Customers,NATURAL SLATE CHALKBOARD LARGE ,375
Loyal Customers,NATURAL SLATE HEART CHALKBOARD ,2073
Loyal Customers,NATURAL SLATE RECTANGLE CHALKBOARD,430
Loyal Customers,NECKLACE+BRACELET PINK BUTTERFLY,2
Loyal Customers,NECKLACE+BRACELET SET BLUE BLOSSOM,1
Loyal Customers,NECKLACE+BRACELET SET BLUE HIBISCUS,1
Loyal Customers,NECKLACE+BRACELET SET FRUIT SALAD ,1
Loyal Customers,NEW BAROQUE BLACK PHOTO ALBUM,1
Loyal Customers,NEW BAROQUE JEWELLERY BOX ,18
Loyal Customers,NEWSPAPER STAND,1
Loyal Customers,NINJA RABBIT BLACK,61
Loyal Customers,NINJA RABBIT PINK,20
Loyal Customers,NO JUNK MAIL METAL SIGN,531
Loyal Customers,NO SINGING METAL SIGN,1452
Loyal Customers,NOEL GARLAND PAINTED ZINC ,53
Loyal Customers,NOEL WOODEN BLOCK LETTERS ,76
Loyal Customers,NOVELTY BISCUITS CAKE STAND 3 TIER,120
Loyal Customers,NUMBER TILE COTTAGE GARDEN 1,2
Loyal Customers,NUMBER TILE COTTAGE GARDEN 4,3
Loyal Customers,NUMBER TILE COTTAGE GARDEN 5,1
Loyal Customers,NUMBER TILE COTTAGE GARDEN 7,1
Loyal Customers,NUMBER TILE VINTAGE FONT 0,36
Loyal Customers,NUMBER TILE VINTAGE FONT 1,36
Loyal Customers,NUMBER TILE VINTAGE FONT 2,36
Loyal Customers,NUMBER TILE VINTAGE FONT 3,36
Loyal Customers,NUMBER TILE VINTAGE FONT 4,36
Loyal Customers,NUMBER TILE VINTAGE FONT 5,36
Loyal Customers,NUMBER TILE VINTAGE FONT 6 ,36
Loyal Customers,NUMBER TILE VINTAGE FONT 7,36
Loyal Customers,NUMBER TILE VINTAGE FONT 8,36
Loyal Customers,NUMBER TILE VINTAGE FONT 9 ,36
Loyal Customers,NUMBER TILE VINTAGE FONT No ,108
Loyal Customers,NURSE'S BAG SOFT TOY,5
Loyal Customers,"NURSERY A,B,C PAINTED LETTERS",18
Loyal Customers,Next Day Carriage,11
Loyal Customers,OCEAN SCENT CANDLE IN JEWELLED BOX,317
Loyal Customers,OFFICE MUG WARMER BLACK+SILVER ,684
Loyal Customers,OFFICE MUG WARMER CHOC+BLUE,287
Loyal Customers,OFFICE MUG WARMER PINK,388
Loyal Customers,OFFICE MUG WARMER POLKADOT,185
Loyal Customers,OLD DOC RUSSEL METAL SIGN,4
Loyal Customers,OPEN CLOSED METAL SIGN,322
Loyal Customers,OPIUM SCENTED VOTIVE CANDLE,552
Loyal Customers,ORANGE SCENTED SET/9 T-LIGHTS,218
Loyal Customers,ORANGE TV TRAY TABLE ,407
Loyal Customers,ORANGE VOTIVE CANDLE,600
Loyal Customers,ORGANISER WOOD ANTIQUE WHITE ,29
Loyal Customers,ORIGAMI JASMINE INCENSE/CANDLE SET,179
Loyal Customers,ORIGAMI LAVENDER INCENSE/CANDL SET ,40
Loyal Customers,ORIGAMI ROSE INCENSE IN TUBE,288
Loyal Customers,ORIGAMI ROSE INCENSE/CANDLE SET ,80
Loyal Customers,ORIGAMI SANDLEWOOD INCENSE+FLOWER,24
Loyal Customers,ORIGAMI SANDLEWOOD INCENSE/CAND SET,28
Loyal Customers,ORIGAMI VANILLA INCENSE/CANDLE SET ,30
Loyal Customers,OVAL  MINI PORTRAIT FRAME,95
Loyal Customers,OVEN MITT APPLES DESIGN,387
Loyal Customers,OVERNIGHT BAG VINTAGE ROSE PAISLEY,43
Loyal Customers,OWL DOORSTOP,137
Loyal Customers,OYSTER TRINKET BOX,24
Loyal Customers,PACK 20 DOLLY PEGS,242
Loyal Customers,PACK 20 ENGLISH ROSE PAPER NAPKINS,113
Loyal Customers,PACK 3 BOXES BIRD PANETTONE ,107
Loyal Customers,PACK 3 BOXES BIRD PANNETONE ,903
Loyal Customers,PACK 3 BOXES CHRISTMAS PANETTONE,27
Loyal Customers,PACK 3 BOXES CHRISTMAS PANNETONE,404
Loyal Customers,PACK 3 FIRE ENGINE/CAR PATCHES,20
Loyal Customers,PACK 3 IRON ON DOG PATCHES,21
Loyal Customers,PACK 6 HEART/ICE-CREAM PATCHES,28
Loyal Customers,PACK OF 12 50'S CHRISTMAS TISSUES,495
Loyal Customers,PACK OF 12 BLUE PAISLEY TISSUES ,117
Loyal Customers,PACK OF 12 CIRCUS PARADE TISSUES ,355
Loyal Customers,PACK OF 12 COLOURED PENCILS,635
Loyal Customers,PACK OF 12 DOLLY GIRL TISSUES,126
Loyal Customers,PACK OF 12 HEARTS DESIGN TISSUES ,956
Loyal Customers,PACK OF 12 LONDON TISSUES ,15547
Loyal Customers,PACK OF 12 PAISLEY PARK TISSUES ,141
Loyal Customers,PACK OF 12 PINK PAISLEY TISSUES ,668
Loyal Customers,PACK OF 12 PINK POLKADOT TISSUES,556
Loyal Customers,PACK OF 12 RED APPLE TISSUES,53
Loyal Customers,PACK OF 12 RED RETROSPOT TISSUES ,2241
Loyal Customers,PACK OF 12 SKULL TISSUES,651
Loyal Customers,PACK OF 12 SPACEBOY TISSUES,430
Loyal Customers,PACK OF 12 STICKY BUNNIES,109
Loyal Customers,PACK OF 12 SUKI TISSUES ,1569
Loyal Customers,PACK OF 12 TRADITIONAL CRAYONS,1578
Loyal Customers,PACK OF 12 VINTAGE CHRISTMAS TISSUE,458
Loyal Customers,PACK OF 12 VINTAGE DOILY TISSUES,360
Loyal Customers,PACK OF 12 VINTAGE LEAF TISSUES ,79
Loyal Customers,PACK OF 12 WOODLAND TISSUES ,535
Loyal Customers,PACK OF 20 NAPKINS PANTRY DESIGN,1605
Loyal Customers,PACK OF 20 NAPKINS RED APPLES,1011
Loyal Customers,PACK OF 20 SKULL PAPER NAPKINS,813
Loyal Customers,PACK OF 20 SPACEBOY NAPKINS,100
Loyal Customers,PACK OF 6 BIRDY GIFT TAGS,1547
Loyal Customers,PACK OF 6 COCKTAIL PARASOL STRAWS,1030
Loyal Customers,PACK OF 6 HANDBAG GIFT BOXES,190
Loyal Customers,PACK OF 6 LARGE FRUIT STRAWS ,714
Loyal Customers,PACK OF 6 PANETTONE GIFT BOXES,151
Loyal Customers,PACK OF 6 PANNETONE GIFT BOXES,705
Loyal Customers,PACK OF 6 SANDCASTLE FLAGS ASSORTED,1076
Loyal Customers,PACK OF 6 SKULL PAPER CUPS,605
Loyal Customers,PACK OF 6 SKULL PAPER PLATES,841
Loyal Customers,PACK OF 6 SMALL FRUIT STRAWS,613
Loyal Customers,PACK OF 6 SWEETIE GIFT BOXES,220
Loyal Customers,PACK OF 60 DINOSAUR CAKE CASES,1926
Loyal Customers,PACK OF 60 MUSHROOM CAKE CASES,706
Loyal Customers,PACK OF 60 PINK PAISLEY CAKE CASES,11145
Loyal Customers,PACK OF 60 SPACEBOY CAKE CASES,2082
Loyal Customers,PACK OF 72 RETROSPOT CAKE CASES,8820
Loyal Customers,PACK OF 72 SKULL CAKE CASES,4028
Loyal Customers,PACK OF SIX LED TEA LIGHTS,317
Loyal Customers,PACK/12 BLUE FOLKART CARDS,1
Loyal Customers,PACK/12 XMAS FUN CARD,13
Loyal Customers,PACKING CHARGE,1
Loyal Customers,PAINT YOUR OWN CANVAS SET,907
Loyal Customers,PAINTED LIGHTBULB RAINBOW DESIGN,50
Loyal Customers,PAINTED LIGHTBULB STAR+ MOON,50
Loyal Customers,PAINTED METAL HEART WITH HOLLY BELL,234
Loyal Customers,PAINTED METAL PEARS ASSORTED,677
Loyal Customers,PAINTED METAL STAR WITH HOLLY BELLS,265
Loyal Customers,PAINTED PINK RABBIT ,21
Loyal Customers,PAINTED SEA SHELL METAL WINDCHIME,5
Loyal Customers,PAINTED YELLOW WOODEN DAISY,15
Loyal Customers,PAIR PADDED HANGERS PINK CHECK,2
Loyal Customers,PAISLEY PARK CARD,120
Loyal Customers,PAISLEY PATTERN  STICKERS,7
Loyal Customers,PANDA AND BUNNIES STICKER SHEET,170
Loyal Customers,PANTRY 3 HOOK ROLLING PIN HANGER,24
Loyal Customers,PANTRY APPLE CORER,41
Loyal Customers,PANTRY CHOPPING BOARD,28
Loyal Customers,PANTRY HOOK BALLOON WHISK ,24
Loyal Customers,PANTRY HOOK SPATULA,13
Loyal Customers,PANTRY HOOK TEA STRAINER ,13
Loyal Customers,PANTRY MAGNETIC  SHOPPING LIST,628
Loyal Customers,PANTRY PASTRY BRUSH,211
Loyal Customers,PANTRY ROLLING PIN,133
Loyal Customers,PANTRY SCRUBBING BRUSH,542
Loyal Customers,PANTRY WASHING UP BRUSH,464
Loyal Customers,PAPER BUNTING COLOURED LACE,923
Loyal Customers,PAPER BUNTING PAISLEY PARK,50
Loyal Customers,PAPER BUNTING RETROSPOT,3499
Loyal Customers,PAPER BUNTING VINTAGE PAISLEY,400
Loyal Customers,PAPER BUNTING VINTAGE PARTY,191
Loyal Customers,PAPER BUNTING WHITE LACE,1678
Loyal Customers,PAPER CHAIN KIT 50'S CHRISTMAS ,5812
Loyal Customers,PAPER CHAIN KIT EMPIRE,1452
Loyal Customers,PAPER CHAIN KIT LONDON,134
Loyal Customers,PAPER CHAIN KIT RETROSPOT,1244
Loyal Customers,PAPER CHAIN KIT SKULLS ,68
Loyal Customers,PAPER CHAIN KIT VINTAGE CHRISTMAS,3392
Loyal Customers,PAPER LANTERN 5 POINT SEQUIN STAR,3
Loyal Customers,PAPER LANTERN 5 POINT STAR MOON 30,2
Loyal Customers,PAPER LANTERN 5 POINT STUDDED STAR,2
Loyal Customers,PAPER LANTERN 7 POINT SNOW STAR,6
Loyal Customers,PAPER LANTERN 9 POINT DELUXE STAR,35
Loyal Customers,PAPER LANTERN 9 POINT HOLLY STAR 23,4
Loyal Customers,PAPER LANTERN 9 POINT HOLLY STAR 40,2
Loyal Customers,PAPER LANTERN 9 POINT HOLLY STAR L,4
Loyal Customers,PAPER LANTERN 9 POINT HOLLY STAR S,3
Loyal Customers,PAPER LANTERN 9 POINT SNOW STAR,9
Loyal Customers,PAPER LANTERN 9 POINT SNOW STAR ,14
Loyal Customers,PAPER POCKET TRAVELING FAN ,2584
Loyal Customers,PAPERWEIGHT CHILDHOOD MEMORIES,71
Loyal Customers,PAPERWEIGHT HOME SWEET HOME,24
Loyal Customers,PAPERWEIGHT KINGS CHOICE ,48
Loyal Customers,PAPERWEIGHT SAVE THE PLANET,143
Loyal Customers,PAPERWEIGHT VINTAGE COLLAGE,40
Loyal Customers,PAPERWEIGHT VINTAGE PAISLEY,12
Loyal Customers,PARISIENNE CURIO CABINET,109
Loyal Customers,PARISIENNE JEWELLERY DRAWER ,222
Loyal Customers,PARISIENNE KEY CABINET ,134
Loyal Customers,PARISIENNE SEWING BOX,90
Loyal Customers,PARLOUR CERAMIC WALL HOOK,61
Loyal Customers,PARTY BUNTING,5907
Loyal Customers,PARTY CHARMS 50 PIECES,627
Loyal Customers,PARTY CONE CHRISTMAS DECORATION ,282
Loyal Customers,PARTY CONES CANDY ASSORTED,168
Loyal Customers,PARTY CONES CANDY DECORATION,8
Loyal Customers,PARTY CONES CANDY TREE DECORATION,78
Loyal Customers,PARTY CONES CARNIVAL ASSORTED,132
Loyal Customers,PARTY FOOD SHOPPER BAG,171
Loyal Customers,PARTY INVITES BALLOON GIRL,61
Loyal Customers,PARTY INVITES DINOSAURS,49
Loyal Customers,PARTY INVITES FOOTBALL,45
Loyal Customers,PARTY INVITES JAZZ HEARTS,54
Loyal Customers,PARTY INVITES SPACEMAN,74
Loyal Customers,PARTY INVITES WOODLAND,137
Loyal Customers,PARTY METAL SIGN ,1502
Loyal Customers,PARTY PIZZA DISH BLUE POLKADOT,383
Loyal Customers,PARTY PIZZA DISH GREEN POLKADOT,398
Loyal Customers,PARTY PIZZA DISH PINK POLKADOT,429
Loyal Customers,PARTY PIZZA DISH RED RETROSPOT,658
Loyal Customers,PARTY TIME DESIGN FLANNEL,48
Loyal Customers,PARTY TIME PENCIL ERASERS,326
Loyal Customers,PASTEL BLUE PHOTO ALBUM ,29
Loyal Customers,PASTEL COLOUR HONEYCOMB FAN,232
Loyal Customers,PASTEL PINK PHOTO ALBUM ,4
Loyal Customers,PEACE SMALL WOOD LETTERS,4
Loyal Customers,PEACE WOODEN BLOCK LETTERS,56
Loyal Customers,PEACH KNITTED HEN ,12
Loyal Customers,PEARL CRYSTAL PUMPKIN T-LIGHT HLDR,278
Loyal Customers,PEARLISED IVORY HEART LARGE ,91
Loyal Customers,PEARLISED IVORY HEART SMALL ,80
Loyal Customers,PEG BAG APPLES DESIGN,451
Loyal Customers,PENCIL CASE LIFE IS BEAUTIFUL,71
Loyal Customers,PENNY FARTHING BIRTHDAY CARD,863
Loyal Customers,PENS ASSORTED FUNKY JEWELED ,2449
Loyal Customers,PENS ASSORTED FUNNY FACE,3492
Loyal Customers,PENS ASSORTED SPACEBALL,1964
Loyal Customers,PETIT TRAY CHIC,233
Loyal Customers,PHARMACIE FIRST AID TIN,140
Loyal Customers,PHOTO CLIP LINE,6
Loyal Customers,PHOTO CUBE,704
Loyal Customers,PHOTO FRAME 3 CLASSIC HANGING,144
Loyal Customers,PHOTO FRAME CORNICE,738
Loyal Customers,PHOTO FRAME LINEN AND LACE LARGE,43
Loyal Customers,PHOTO FRAME LINEN AND LACE SMALL,74
Loyal Customers,PICNIC BASKET WICKER 60 PIECES,61
Loyal Customers,PICNIC BASKET WICKER LARGE,739
Loyal Customers,PICNIC BASKET WICKER SMALL,482
Loyal Customers,PICNIC BOXES SET OF 3 RETROSPOT ,130
Loyal Customers,PICTURE DOMINOES,576
Loyal Customers,PICTURE FRAME WOOD TRIPLE PORTRAIT,324
Loyal Customers,PIECE OF CAMO STATIONERY SET,756
Loyal Customers,PIG KEYRING WITH LIGHT & SOUND ,232
Loyal Customers,PIGGY BANK RETROSPOT ,511
Loyal Customers,PIN CUSHION BABUSHKA BLUE,8
Loyal Customers,PIN CUSHION BABUSHKA PINK,46
Loyal Customers,PIN CUSHION BABUSHKA RED,41
Loyal Customers,PING MICROWAVE APRON,63
Loyal Customers,PING! MICROWAVE PLATE,33
Loyal Customers,PINK  HEART CONFETTI IN TUBE,413
Loyal Customers,PINK  HEART SHAPE LOVE BUCKET ,454
Loyal Customers,PINK  HONEYCOMB PAPER BALL ,6
Loyal Customers,PINK  HONEYCOMB PAPER FAN,107
Loyal Customers,PINK  POLKADOT CUP,890
Loyal Customers,PINK  POLKADOT PLATE ,665
Loyal Customers,PINK & WHITE BREAKFAST TRAY,9
Loyal Customers,PINK & WHITE ROSEBUD RING,6
Loyal Customers,PINK 3 PIECE POLKADOT CUTLERY SET,261
Loyal Customers,PINK AND WHITE CHRISTMAS TREE 120CM,17
Loyal Customers,PINK B'FLY C/COVER W BOBBLES,6
Loyal Customers,PINK BABY BUNTING,512
Loyal Customers,PINK BERTIE GLASS BEAD BAG CHARM,96
Loyal Customers,PINK BITTY LIGHT CHAIN,12
Loyal Customers,PINK BLUE FELT CRAFT TRINKET BOX,1849
Loyal Customers,PINK BREAKFAST CUP AND SAUCER ,2
Loyal Customers,PINK BUNNY EASTER EGG BASKET,1
Loyal Customers,PINK BUTTERFLY CUSHION COVER,6
Loyal Customers,PINK BUTTERFLY CUSHION COVER ,4
Loyal Customers,PINK CANDYSTUFT ARTIFICIAL FLOWER,30
Loyal Customers,PINK CAT BOWL,19
Loyal Customers,PINK CHERRY BLOSSOM CUP & SAUCER,6
Loyal Customers,PINK CHICK EGG WARMER + EGG CUP,11
Loyal Customers,PINK CHRYSANTHEMUMS ART FLOWER,18
Loyal Customers,PINK CREAM FELT CRAFT TRINKET BOX ,1590
Loyal Customers,PINK CRYSTAL SKULL PHONE CHARM,1
Loyal Customers,PINK DIAMANTE PEN IN GIFT BOX,37
Loyal Customers,PINK DINER WALL CLOCK,53
Loyal Customers,PINK DISCO HANDBAG,26
Loyal Customers,PINK DOG BOWL,180
Loyal Customers,PINK DOG CANNISTER,10
Loyal Customers,PINK DOUGHNUT TRINKET POT ,633
Loyal Customers,PINK DRAWER KNOB ACRYLIC EDWARDIAN,721
Loyal Customers,PINK FAIRY CAKE CHILDRENS APRON,925
Loyal Customers,PINK FAIRY CAKE CUSHION COVER,15
Loyal Customers,PINK FELT EASTER EGG BASKET,3
Loyal Customers,PINK FELT EASTER RABBIT GARLAND,31
Loyal Customers,PINK FLOCK PHOTO FRAME ,12
Loyal Customers,PINK FLOCK SUEDE CUSHION COVER ,6
Loyal Customers,PINK FLORAL FELTCRAFT SHOULDER BAG,92
Loyal Customers,PINK FLOWER CROCHET FOOD COVER,28
Loyal Customers,PINK FLOWER FABRIC PONY,5
Loyal Customers,PINK FLOWERS RABBIT EASTER,6
Loyal Customers,PINK FLY SWAT,7
Loyal Customers,PINK GINGHAM CAT WITH SCARF,3
Loyal Customers,PINK GLASS CANDLEHOLDER,12
Loyal Customers,PINK GLASS TASSLE BAG CHARM ,1
Loyal Customers,PINK GOOSE FEATHER TREE 60CM,18
Loyal Customers,PINK GREEN EMBROIDERY COSMETIC BAG,2
Loyal Customers,PINK HANGING HEART T-LIGHT HOLDER,665
Loyal Customers,PINK HAPPY BIRTHDAY BUNTING,999
Loyal Customers,PINK HAWAIIAN PICNIC HAMPER FOR 2,3
Loyal Customers,PINK HEART DOTS HOT WATER BOTTLE,2
Loyal Customers,PINK HEART RED HANDBAG,1
Loyal Customers,PINK HEART SHAPE EGG FRYING PAN,1938
Loyal Customers,PINK HEART SHAPE PHOTO FRAME,176
Loyal Customers,PINK HEARTS LIGHT CHAIN ,117
Loyal Customers,PINK HEARTS PAPER GARLAND,163
Loyal Customers,PINK HORSE SOCK PUPPET,33
Loyal Customers,PINK HYDRANGEA ART FLOWER,6
Loyal Customers,PINK JEWELLED MIRROR TRINKET TRAY,3
Loyal Customers,PINK JEWELLED PHOTO FRAME,2
Loyal Customers,PINK JEWELLED PHOTO FRAME ,8
Loyal Customers,PINK KNITTED EGG COSY,6
Loyal Customers,PINK LOVE BIRD CANDLE,114
Loyal Customers,PINK LOVE HEART SHAPE CUP,290
Loyal Customers,PINK MARSHMALLOW SCARF KNITTING KIT,36
Loyal Customers,PINK METAL CHICKEN HEART ,140
Loyal Customers,PINK METAL SWINGING BUNNY,9
Loyal Customers,PINK MONTE CARLO HANDBAG,21
Loyal Customers,PINK NEW BAROQUECANDLESTICK CANDLE,96
Loyal Customers,PINK OWL SOFT TOY,101
Loyal Customers,PINK PADDED MOBILE,23
Loyal Customers,PINK PAISLEY ROSE GIFT WRAP,125
Loyal Customers,PINK PAISLEY SQUARE TISSUE BOX ,370
Loyal Customers,PINK PAPER PARASOL ,124
Loyal Customers,PINK PARTY BAGS,1472
Loyal Customers,PINK PILLAR CANDLE SILVER FLOCK,1
Loyal Customers,PINK POLKADOT BOWL,1417
Loyal Customers,PINK POLKADOT CHILDRENS UMBRELLA,40
Loyal Customers,PINK POLKADOT GARDEN PARASOL,40
Loyal Customers,PINK POLKADOT PLATE ,44
Loyal Customers,PINK POLKADOT WRAP ,1800
Loyal Customers,PINK POT PLANT CANDLE,60
Loyal Customers,PINK REGENCY TEACUP AND SAUCER,1924
Loyal Customers,PINK RETRO BIG FLOWER BAG,35
Loyal Customers,PINK RIVIERA HANDBAG,181
Loyal Customers,PINK ROSE FABRIC MIRROR,29
Loyal Customers,PINK ROSE WASHBAG,29
Loyal Customers,PINK SCOTTIE DOG W FLOWER PATTERN,5
Loyal Customers,PINK SPOTS CHOCOLATE NESTING BOXES ,1
Loyal Customers,PINK STITCHED WALL CLOCK,409
Loyal Customers,PINK STOCKING CHRISTMAS DECORATION,21
Loyal Customers,PINK STRAWBERRY HANDBAG ,4
Loyal Customers,PINK STRING CURTAIN WITH POLE,8
Loyal Customers,PINK SWEETHEART BRACELET,16
Loyal Customers,PINK UNION JACK  LUGGAGE TAG,79
Loyal Customers,PINK UNION JACK  PASSPORT COVER ,95
Loyal Customers,PINK VINTAGE PAISLEY PICNIC BAG,812
Loyal Customers,PINK VINTAGE SPOT BEAKER,718
Loyal Customers,PINK/BLUE DISC/MIRROR STRING,480
Loyal Customers,PINK/BLUE STRING CURTAIN ,48
Loyal Customers,PINK/FLOWER RABBIT EGG WARMER ,14
Loyal Customers,PINK/GREEN FLOWER DESIGN BIG MUG,4
Loyal Customers,PINK/PURPLE CIRCLE CURTAIN,29
Loyal Customers,PINK/PURPLE RETRO RADIO,6
Loyal Customers,"PINK/WHITE ""KEEP CLEAN"" BULLET BIN",2
Loyal Customers,PINK/WHITE CHRISTMAS TREE 60CM,247
Loyal Customers,PINK/YELLOW FLOWERS HANDBAG,70
Loyal Customers,PIZZA PLATE IN BOX,123
Loyal Customers,PLACE SETTING WHITE HEART,6509
Loyal Customers,PLACE SETTING WHITE STAR,694
Loyal Customers,PLASMATRONIC LAMP,19
Loyal Customers,PLASTERS IN TIN CIRCUS PARADE ,1415
Loyal Customers,PLASTERS IN TIN SKULLS,745
Loyal Customers,PLASTERS IN TIN SPACEBOY,1654
Loyal Customers,PLASTERS IN TIN STRONGMAN,1868
Loyal Customers,PLASTERS IN TIN VINTAGE PAISLEY ,502
Loyal Customers,PLASTERS IN TIN WOODLAND ANIMALS,1411
Loyal Customers,PLAYING CARDS I LOVE LONDON ,396
Loyal Customers,PLAYING CARDS JUBILEE UNION JACK,259
Loyal Customers,PLAYING CARDS KEEP CALM & CARRY ON,490
Loyal Customers,PLAYING CARDS VINTAGE DOILY ,86
Loyal Customers,PLEASE ONE PERSON METAL SIGN,3026
Loyal Customers,POCKET BAG BLUE PAISLEY RED SPOT,52
Loyal Customers,POCKET BAG PINK PAISELY BROWN SPOT,30
Loyal Customers,POLKA DOT RAFFIA FOOD COVER,60
Loyal Customers,POLKADOT COFFEE CUP & SAUCER PINK,342
Loyal Customers,POLKADOT MUG PINK ,36
Loyal Customers,POLKADOT PEN,2009
Loyal Customers,POLKADOT RAIN HAT ,349
Loyal Customers,POLYESTER FILLER PAD 30CMx30CM,12
Loyal Customers,POLYESTER FILLER PAD 40x40cm,143
Loyal Customers,POLYESTER FILLER PAD 45x30cm,7
Loyal Customers,POLYESTER FILLER PAD 45x45cm,270
Loyal Customers,POLYESTER FILLER PAD 65CMx65CM,2
Loyal Customers,POMPOM CURTAIN,57
Loyal Customers,POP ART PUSH DOWN RUBBER ,74
Loyal Customers,POPART RECT PENCIL SHARPENER ASST,252
Loyal Customers,POPART WOODEN PENCILS ASST,1300
Loyal Customers,POPCORN HOLDER,19948
Loyal Customers,POPPY FIELDS CHOPPING BOARD,11
Loyal Customers,POPPY'S PLAYHOUSE BATHROOM,282
Loyal Customers,POPPY'S PLAYHOUSE BEDROOM ,520
Loyal Customers,POPPY'S PLAYHOUSE KITCHEN,604
Loyal Customers,POPPY'S PLAYHOUSE LIVINGROOM ,443
Loyal Customers,PORCELAIN BUDAH INCENSE HOLDER,508
Loyal Customers,PORCELAIN BUTTERFLY OIL BURNER,41
Loyal Customers,PORCELAIN ROSE LARGE ,34
Loyal Customers,PORCELAIN ROSE SMALL,97
Loyal Customers,PORCELAIN T-LIGHT HOLDERS ASSORTED,82
Loyal Customers,POSTAGE,697
Loyal Customers,POSTE FRANCE CUSHION COVER,47
Loyal Customers,POSY CANDY BAG,45
Loyal Customers,POTTERING IN THE SHED METAL SIGN,798
Loyal Customers,POTTERING MUG,795
Loyal Customers,POTTING SHED ROSE CANDLE,2
Loyal Customers,POTTING SHED SEED ENVELOPES,75
Loyal Customers,POTTING SHED TEA MUG,716
Loyal Customers,POTTING SHED TWINE,108
Loyal Customers,PRETTY HANGING QUILTED HEARTS,204
Loyal Customers,PSYCHEDELIC TILE COASTER,161
Loyal Customers,PSYCHEDELIC TILE HOOK,11
Loyal Customers,PSYCHEDELIC WALL THERMOMETER,3
Loyal Customers,PURPLE ACRYLIC FACETED BANGLE,72
Loyal Customers,PURPLE BERTIE GLASS BEAD BAG CHARM,72
Loyal Customers,PURPLE DRAWERKNOB ACRYLIC EDWARDIAN,623
Loyal Customers,PURPLE DRESS JEWELLERY STAND,49
Loyal Customers,PURPLE ENAMEL FLOWER RING,1
Loyal Customers,PURPLE FRANGIPANI HAIRCLIP,1
Loyal Customers,PURPLE PAPER PARASOL,89
Loyal Customers,PURPLE SWEETHEART BRACELET,1
Loyal Customers,PURPLE/COPPER HANGING LAMPSHADE,4
Loyal Customers,QUEEN OF SKIES LUGGAGE TAG,30
Loyal Customers,QUEEN OF THE SKIES HOLIDAY PURSE ,1
Loyal Customers,QUEEN OF THE SKIES PASSPORT COVER ,17
Loyal Customers,QUEENS GUARD COFFEE MUG,1051
Loyal Customers,RABBIT  DESIGN  COTTON TOTE BAG,7
Loyal Customers,RABBIT NIGHT LIGHT,8425
Loyal Customers,RAIN PONCHO RETROSPOT,5558
Loyal Customers,RAINBOW PEGS PHOTO CLIP STRING,196
Loyal Customers,RAINY LADIES BIRTHDAY CARD,467
Loyal Customers,RASPBERRY ANT COPPER FLOWER NECKLAC,1
Loyal Customers,RATTLE SNAKE EGGS,11
Loyal Customers,RECIPE BOX BLUE SKETCHBOOK DESIGN,384
Loyal Customers,RECIPE BOX PANTRY YELLOW DESIGN,2416
Loyal Customers,RECIPE BOX RETROSPOT ,952
Loyal Customers,RECIPE BOX WITH METAL HEART,2
Loyal Customers,"RECORD FRAME 7"" SINGLE SIZE ",2541
Loyal Customers,RECTANGULAR SHAPED MIRROR,61
Loyal Customers,RECYCLED ACAPULCO MAT BLUE,125
Loyal Customers,RECYCLED ACAPULCO MAT GREEN,146
Loyal Customers,RECYCLED ACAPULCO MAT LAVENDER,71
Loyal Customers,RECYCLED ACAPULCO MAT PINK,80
Loyal Customers,RECYCLED ACAPULCO MAT RED,190
Loyal Customers,RECYCLED ACAPULCO MAT TURQUOISE,177
Loyal Customers,RECYCLED PENCIL WITH RABBIT ERASER,991
Loyal Customers,RECYCLING BAG RETROSPOT ,4099
Loyal Customers,RED   ACRYLIC FACETED BANGLE,82
Loyal Customers,RED  EGG  SPOON,279
Loyal Customers,RED  HARMONICA IN BOX ,11256
Loyal Customers,RED 3 PIECE RETROSPOT CUTLERY SET,545
Loyal Customers,RED APPLES CHOPPING BOARD   ,18
Loyal Customers,RED BABY BUNTING ,177
Loyal Customers,RED BOUDICCA LARGE BRACELET,2
Loyal Customers,RED CHARLIE+LOLA PERSONAL DOORSIGN,345
Loyal Customers,RED COAT RACK PARIS FASHION,31
Loyal Customers,RED DAISY PAPER LAMPSHADE,9
Loyal Customers,RED DAISY POCKET BOOK ,7
Loyal Customers,RED DINER WALL CLOCK,483
Loyal Customers,RED DRAGONFLY HELICOPTER,5
Loyal Customers,RED DRAWER KNOB ACRYLIC EDWARDIAN,283
Loyal Customers,RED ENAMEL FLOWER RING,1
Loyal Customers,RED ENCHANTED FOREST PLACEMAT,91
Loyal Customers,RED FLOCK LOVE HEART PHOTO FRAME,332
Loyal Customers,RED FLORAL FELTCRAFT SHOULDER BAG,156
Loyal Customers,RED FLOWER CROCHET FOOD COVER,81
Loyal Customers,RED GINGHAM ROSE JEWELLERY BOX,200
Loyal Customers,RED GINGHAM TEDDY BEAR ,44
Loyal Customers,RED HANGING HEART T-LIGHT HOLDER,1798
Loyal Customers,RED HEART LUGGAGE TAG,7
Loyal Customers,RED HEART SHAPE LOVE BUCKET ,504
Loyal Customers,RED HEARTS LIGHT CHAIN ,167
Loyal Customers,RED KITCHEN SCALES,393
Loyal Customers,RED KUKUI COCONUT SEED NECKLACE,24
Loyal Customers,RED LOVE HEART SHAPE CUP,190
Loyal Customers,RED METAL BEACH SPADE ,328
Loyal Customers,RED METAL BOX TOP SECRET,506
Loyal Customers,RED PAPER PARASOL,249
Loyal Customers,RED PEONY TABLE CLOCK,2
Loyal Customers,RED POLKADOT BEAKER ,1239
Loyal Customers,RED POLKADOT COFFEE  MUG,606
Loyal Customers,RED POLKADOT PUDDING BOWL,16
Loyal Customers,RED PUDDING SPOON,151
Loyal Customers,RED REFECTORY CLOCK ,81
Loyal Customers,RED RETRO KITCHEN WALL CLOCK,8
Loyal Customers,RED RETROSPOT APRON ,66
Loyal Customers,RED RETROSPOT BIG BOWL,31
Loyal Customers,RED RETROSPOT BOWL,2064
Loyal Customers,RED RETROSPOT BUTTER DISH,188
Loyal Customers,RED RETROSPOT CAKE STAND,549
Loyal Customers,RED RETROSPOT CHARLOTTE BAG,3603
Loyal Customers,RED RETROSPOT CHILDRENS UMBRELLA,385
Loyal Customers,RED RETROSPOT CUP,1284
Loyal Customers,RED RETROSPOT LUGGAGE TAG,142
Loyal Customers,RED RETROSPOT MINI CASES,432
Loyal Customers,RED RETROSPOT MUG,1025
Loyal Customers,RED RETROSPOT OVEN GLOVE ,1228
Loyal Customers,RED RETROSPOT OVEN GLOVE DOUBLE,161
Loyal Customers,RED RETROSPOT PEG BAG,930
Loyal Customers,RED RETROSPOT PICNIC BAG,1759
Loyal Customers,RED RETROSPOT PLATE ,1084
Loyal Customers,RED RETROSPOT PUDDING BOWL,48
Loyal Customers,RED RETROSPOT PURSE ,42
Loyal Customers,RED RETROSPOT ROUND CAKE TINS,410
Loyal Customers,RED RETROSPOT SHOPPER BAG,1062
Loyal Customers,RED RETROSPOT SHOPPING BAG,197
Loyal Customers,RED RETROSPOT SMALL MILK JUG,1222
Loyal Customers,RED RETROSPOT STORAGE JAR,138
Loyal Customers,RED RETROSPOT SUGAR JAM BOWL,547
Loyal Customers,RED RETROSPOT TAPE,326
Loyal Customers,RED RETROSPOT TEA CUP AND SAUCER ,282
Loyal Customers,RED RETROSPOT TISSUE BOX,415
Loyal Customers,RED RETROSPOT TRADITIONAL TEAPOT ,223
Loyal Customers,RED RETROSPOT UMBRELLA,790
Loyal Customers,RED RETROSPOT WASHBAG,16
Loyal Customers,RED RETROSPOT WRAP ,2587
Loyal Customers,RED ROCKING HORSE HAND PAINTED,397
Loyal Customers,RED SHARK HELICOPTER,3
Loyal Customers,RED SPOT CERAMIC DRAWER KNOB,992
Loyal Customers,RED SPOT PAPER GIFT BAG,916
Loyal Customers,RED SPOTTY BISCUIT TIN,714
Loyal Customers,RED STAR CARD HOLDER,178
Loyal Customers,RED STRIPE CERAMIC DRAWER KNOB,1081
Loyal Customers,RED TEA TOWEL CLASSIC DESIGN,64
Loyal Customers,RED TOADSTOOL LED NIGHT LIGHT,4041
Loyal Customers,RED VICTORIAN FABRIC OVAL BOX,432
Loyal Customers,RED VINTAGE SPOT BEAKER,675
Loyal Customers,RED WHITE SCARF  HOT WATER BOTTLE,2
Loyal Customers,RED WOOLLY HOTTIE WHITE HEART.,2234
Loyal Customers,RED/CREAM STRIPE CUSHION COVER ,56
Loyal Customers,REGENCY CAKE FORK,276
Loyal Customers,REGENCY CAKE SLICE,130
Loyal Customers,REGENCY CAKESTAND 3 TIER,6253
Loyal Customers,REGENCY MILK JUG PINK ,1531
Loyal Customers,REGENCY SUGAR BOWL GREEN,1526
Loyal Customers,REGENCY SUGAR TONGS,369
Loyal Customers,REGENCY TEA PLATE GREEN ,2924
Loyal Customers,REGENCY TEA PLATE PINK,1118
Loyal Customers,REGENCY TEA PLATE ROSES ,2763
Loyal Customers,REGENCY TEA SPOON,324
Loyal Customers,REGENCY TEA STRAINER,360
Loyal Customers,REGENCY TEAPOT ROSES ,1353
Loyal Customers,REINDEER HEART DECORATION GOLD,267
Loyal Customers,REINDEER HEART DECORATION SILVER,409
Loyal Customers,RELAX LARGE WOOD LETTERS,48
Loyal Customers,RESIN NECKLACE W PASTEL BEADS,2
Loyal Customers,RETO LEAVES MAGNETIC SHOPPING LIST,12
Loyal Customers,"RETRO ""TEA FOR ONE"" ",4
Loyal Customers,RETRO COFFEE MUGS ASSORTED,1134
Loyal Customers,RETRO LEAVES MAGNETIC NOTEPAD,32
Loyal Customers,RETRO LONGBOARD IRONING BOARD COVER,25
Loyal Customers,RETRO MOD TRAY,52
Loyal Customers,"RETRO PILL BOX , REVOLUTIONARY",120
Loyal Customers,"RETRO PILL BOX KEY CHAIN,THE KING",140
Loyal Customers,RETRO PLASTIC 70'S TRAY,99
Loyal Customers,RETRO PLASTIC DAISY TRAY,94
Loyal Customers,RETRO PLASTIC ELEPHANT TRAY,487
Loyal Customers,RETRO PLASTIC POLKA TRAY,426
Loyal Customers,"RETRO TIN ASHTRAY,REVOLUTIONARY",12
Loyal Customers,RETROSPOT BABUSHKA DOORSTOP,82
Loyal Customers,RETROSPOT CANDLE  LARGE,120
Loyal Customers,RETROSPOT CANDLE  MEDIUM,68
Loyal Customers,RETROSPOT CANDLE  SMALL,212
Loyal Customers,RETROSPOT CHILDRENS APRON,1228
Loyal Customers,RETROSPOT CIGAR BOX MATCHES ,865
Loyal Customers,RETROSPOT GIANT TUBE MATCHES,863
Loyal Customers,RETROSPOT HEART HOT WATER BOTTLE,621
Loyal Customers,RETROSPOT LAMP,35
Loyal Customers,RETROSPOT LARGE MILK JUG,362
Loyal Customers,RETROSPOT PADDED SEAT CUSHION,292
Loyal Customers,RETROSPOT PARTY BAG + STICKER SET,2262
Loyal Customers,RETROSPOT RED WASHING UP GLOVES,348
Loyal Customers,RETROSPOT SMALL TUBE MATCHES,74
Loyal Customers,RETROSPOT TEA SET CERAMIC 11 PC ,1218
Loyal Customers,RETROSPOT WOODEN HEART DECORATION,214
Loyal Customers,REVOLVER WOODEN RULER ,1935
Loyal Customers,REX CASH+CARRY JUMBO SHOPPER,171
Loyal Customers,RIBBON REEL CHRISTMAS PRESENT ,202
Loyal Customers,RIBBON REEL CHRISTMAS SOCK BAUBLE,246
Loyal Customers,RIBBON REEL FLORA + FAUNA ,63
Loyal Customers,RIBBON REEL HEARTS DESIGN ,269
Loyal Customers,RIBBON REEL LACE DESIGN ,115
Loyal Customers,RIBBON REEL MAKING SNOWMEN ,144
Loyal Customers,RIBBON REEL POLKADOTS ,146
Loyal Customers,RIBBON REEL SNOWY VILLAGE,590
Loyal Customers,RIBBON REEL SOCKS AND MITTENS,71
Loyal Customers,RIBBON REEL STRIPES DESIGN ,338
Loyal Customers,RIBBONS PURSE ,11
Loyal Customers,RIDGED BONNE JAM JAR T-LIGHT HOLDER,19
Loyal Customers,RIDGED GLASS FINGER BOWL,337
Loyal Customers,RIDGED GLASS POSY VASE ,6
Loyal Customers,RIDGED GLASS STORAGE JAR CREAM LID,8
Loyal Customers,RIDGED GLASS T-LIGHT HOLDER,72
Loyal Customers,RING OF ROSES BIRTHDAY CARD,312
Loyal Customers,ROBOT BIRTHDAY CARD,722
Loyal Customers,ROCKING HORSE GREEN CHRISTMAS ,107
Loyal Customers,ROCKING HORSE RED CHRISTMAS ,333
Loyal Customers,ROCOCO WALL MIRROR WHITE,30
Loyal Customers,ROLL WRAP 50'S CHRISTMAS,734
Loyal Customers,ROLL WRAP 50'S RED CHRISTMAS ,325
Loyal Customers,ROLL WRAP VINTAGE CHRISTMAS,522
Loyal Customers,ROLL WRAP VINTAGE SPOT ,528
Loyal Customers,ROMANTIC IMAGES GIFT WRAP SET,131
Loyal Customers,ROMANTIC IMAGES NOTEBOOK SET,48
Loyal Customers,ROMANTIC IMAGES SCRAP BOOK SET,3
Loyal Customers,ROMANTIC PINKS RIBBONS ,146
Loyal Customers,ROSE 1 WICK MORRIS BOXED CANDLE,364
Loyal Customers,ROSE 3 WICK MORRIS BOX CANDLE,208
Loyal Customers,ROSE CARAVAN DOORSTOP,66
Loyal Customers,ROSE COTTAGE KEEPSAKE BOX ,121
Loyal Customers,ROSE DU SUD COSMETICS BAG,7
Loyal Customers,ROSE DU SUD CUSHION COVER ,3
Loyal Customers,ROSE DU SUD OVEN GLOVE,24
Loyal Customers,ROSE DU SUD WASHBAG ,4
Loyal Customers,ROSE FOLKART HEART DECORATIONS,100
Loyal Customers,ROSE SCENT CANDLE IN JEWELLED BOX,155
Loyal Customers,ROSE SCENT CANDLE JEWELLED DRAWER,25
Loyal Customers,ROSES REGENCY TEACUP AND SAUCER ,3820
Loyal Customers,ROTATING LEAVES T-LIGHT HOLDER,228
Loyal Customers,ROTATING SILVER ANGELS T-LIGHT HLDR,4273
Loyal Customers,ROUND ARTICULATED PINK CLOCK W/SUCK,20
Loyal Customers,ROUND BLUE CLOCK WITH SUCKER,26
Loyal Customers,ROUND CAKE TIN VINTAGE GREEN,116
Loyal Customers,ROUND CAKE TIN VINTAGE RED,152
Loyal Customers,ROUND CONTAINER SET OF 5 RETROSPOT,143
Loyal Customers,ROUND PINK HEART MIRROR,6
Loyal Customers,ROUND PURPLE CLOCK WITH SUCKER,90
Loyal Customers,ROUND SNACK BOXES SET OF 4 FRUITS ,1403
Loyal Customers,ROUND SNACK BOXES SET OF 4 SKULLS,118
Loyal Customers,ROUND SNACK BOXES SET OF4 WOODLAND ,1016
Loyal Customers,ROUND STORAGE TIN VINTAGE LEAF,276
Loyal Customers,ROUND WHITE CONFETTI IN TUBE,13
Loyal Customers,RUBY DROP CHANDELIER EARRINGS,4
Loyal Customers,RUBY GLASS CLUSTER NECKLACE,2
Loyal Customers,RUSTIC  SEVENTEEN DRAWER SIDEBOARD,3
Loyal Customers,RUSTIC MIRROR WITH LACE HEART,55
Loyal Customers,RUSTIC STRAWBERRY JAM POT LARGE ,97
Loyal Customers,RUSTIC STRAWBERRY JAM POT SMALL,216
Loyal Customers,RUSTIC STRAWBERRY JAMPOT LARGE ,12
Loyal Customers,RUSTIC STRAWBERRY JAMPOT SMALL,12
Loyal Customers,"RUSTIC WOODEN CABINET, GLASS DOORS",1
Loyal Customers,S/12 MINI RABBIT EASTER,19
Loyal Customers,S/12 VANILLA  BOTANICAL T-LIGHTS,12
Loyal Customers,S/15 SILVER GLASS BAUBLES IN BAG,144
Loyal Customers,S/2 ZINC HEART DESIGN PLANTERS,2
Loyal Customers,S/4 BLACK MINI ROSE CANDLE IN BOWL,156
Loyal Customers,S/4 CACTI CANDLES,141
Loyal Customers,S/4 GROOVY CAT MAGNETS,12
Loyal Customers,"S/4 ICON COASTER,ELVIS LIVES",19
Loyal Customers,S/4 IVORY MINI ROSE CANDLE IN BOWL,232
Loyal Customers,S/4 PINK FLOWER CANDLES IN BOWL,124
Loyal Customers,S/4 VALENTINE DECOUPAGE HEART BOX,711
Loyal Customers,S/6 SEW ON CROCHET FLOWERS,12
Loyal Customers,S/6 WOODEN SKITTLES IN COTTON BAG,41
Loyal Customers,SALLE DE BAIN HOOK,98
Loyal Customers,SANDALWOOD FAN,363
Loyal Customers,SANDWICH BATH SPONGE,391
Loyal Customers,SAVE THE PLANET COTTON TOTE BAG,97
Loyal Customers,SAVE THE PLANET MUG,3588
Loyal Customers,SAVOY ART DECO CLOCK,93
Loyal Customers,SCANDINAVIAN 3 HEARTS NAPKIN RING,320
Loyal Customers,SCANDINAVIAN PAISLEY PICNIC BAG,804
Loyal Customers,SCANDINAVIAN REDS RIBBONS,559
Loyal Customers,SCENTED CANDLE IN DIGITALIS TIN,2
Loyal Customers,SCENTED VELVET LOUNGE CANDLE ,440
Loyal Customers,SCHOOL DESK AND CHAIR ,2
Loyal Customers,SCOTTIE DOG HOT WATER BOTTLE,803
Loyal Customers,SCOTTIE DOGS BABY BIB,280
Loyal Customers,SCOTTIES CHILDRENS APRON,6
Loyal Customers,SEASIDE FLYING DISC,130
Loyal Customers,SET 10 LIGHTS NIGHT OWL,74
Loyal Customers,SET 10 NIGHT OWL LIGHTS,121
Loyal Customers,SET 12 COLOUR PENCILS DOLLY GIRL ,663
Loyal Customers,SET 12 COLOUR PENCILS LOVE LONDON,161
Loyal Customers,SET 12 COLOUR PENCILS SPACEBOY ,715
Loyal Customers,SET 12 COLOURING PENCILS DOILY,216
Loyal Customers,SET 12 KIDS  WHITE CHALK STICKS,1096
Loyal Customers,SET 12 KIDS COLOUR  CHALK STICKS,1486
Loyal Customers,SET 12 LAVENDER  BOTANICAL T-LIGHTS,52
Loyal Customers,SET 12 RETRO WHITE CHALK STICKS,1917
Loyal Customers,SET 12 VINTAGE DOILY CHALK ,418
Loyal Customers,SET 2 PANTRY DESIGN TEA TOWELS,528
Loyal Customers,SET 2 TEA TOWELS I LOVE LONDON ,802
Loyal Customers,SET 20 NAPKINS FAIRY CAKES DESIGN ,758
Loyal Customers,SET 3 PAPER VINTAGE CHICK PAPER EGG,349
Loyal Customers,"SET 3 RETROSPOT TEA,COFFEE,SUGAR",570
Loyal Customers,SET 3 SONG BIRD PAPER EGGS ASSORTED,150
Loyal Customers,SET 3 WICKER OVAL BASKETS W LIDS,55
Loyal Customers,SET 3 WICKER STORAGE BASKETS ,112
Loyal Customers,SET 36 COLOUR PENCILS DOILEY,32
Loyal Customers,SET 36 COLOUR PENCILS DOLLY GIRL,180
Loyal Customers,SET 36 COLOUR PENCILS LOVE LONDON,33
Loyal Customers,SET 36 COLOUR PENCILS SPACEBOY ,164
Loyal Customers,SET 36 COLOURING PENCILS DOILY,337
Loyal Customers,SET 4 NURSERY DES ROUND BOXES,17
Loyal Customers,SET 4 PICNIC CUTLERY BLUEBERRY,48
Loyal Customers,SET 4 PICNIC CUTLERY CHERRY ,24
Loyal Customers,SET 4 PICNIC CUTLERY FONDANT,36
Loyal Customers,SET 4 VALENTINE DECOUPAGE HEART BOX,46
Loyal Customers,SET 40 HEART SHAPE PETIT FOUR CASES,1911
Loyal Customers,SET 6 FOOTBALL CELEBRATION CANDLES,100
Loyal Customers,SET 6 PAPER TABLE LANTERN HEARTS ,745
Loyal Customers,SET 6 PAPER TABLE LANTERN STARS ,328
Loyal Customers,SET 6 SCHOOL MILK BOTTLES IN CRATE,645
Loyal Customers,SET 7 BABUSHKA NESTING BOXES,773
Loyal Customers,SET 8 CANDLES VINTAGE DOILEY,1
Loyal Customers,SET 8 CANDLES VINTAGE DOILY,163
Loyal Customers,SET OF 10 LANTERNS FAIRY LIGHT STAR,23
Loyal Customers,SET OF 10 LED DOLLY LIGHTS,475
Loyal Customers,SET OF 12  VINTAGE POSTCARD SET,224
Loyal Customers,SET OF 12 FAIRY CAKE BAKING CASES,2933
Loyal Customers,SET OF 12 FORK CANDLES,261
Loyal Customers,SET OF 12 MINI LOAF BAKING CASES,1639
Loyal Customers,SET OF 12 ROSE BOTANICAL T-LIGHTS,5
Loyal Customers,SET OF 12 T-LIGHTS VINTAGE DOILEY,12
Loyal Customers,SET OF 12 T-LIGHTS VINTAGE DOILY,312
Loyal Customers,SET OF 16 VINTAGE BLACK CUTLERY,8
Loyal Customers,SET OF 16 VINTAGE PISTACHIO CUTLERY,8
Loyal Customers,SET OF 16 VINTAGE RED CUTLERY,11
Loyal Customers,SET OF 16 VINTAGE ROSE CUTLERY,15
Loyal Customers,SET OF 16 VINTAGE SKY BLUE CUTLERY,4
Loyal Customers,SET OF 2 CERAMIC CHRISTMAS REINDEER,52
Loyal Customers,SET OF 2 CERAMIC CHRISTMAS TREES,51
Loyal Customers,SET OF 2 CERAMIC PAINTED HEARTS ,117
Loyal Customers,SET OF 2 CHRISTMAS DECOUPAGE CANDLE,261
Loyal Customers,SET OF 2 ROUND TINS CAMEMBERT ,18
Loyal Customers,SET OF 2 ROUND TINS DUTCH CHEESE,24
Loyal Customers,SET OF 2 TEA TOWELS APPLE AND PEARS,493
Loyal Customers,SET OF 2 TEA TOWELS PING MICROWAVE,32
Loyal Customers,SET OF 2 TINS JARDIN DE PROVENCE,27
Loyal Customers,SET OF 2 TINS VINTAGE BATHROOM ,22
Loyal Customers,SET OF 2 TRAYS HOME SWEET HOME,51
Loyal Customers,SET OF 2 WOODEN MARKET CRATES,149
Loyal Customers,SET OF 20 KIDS COOKIE CUTTERS,921
Loyal Customers,SET OF 20 VINTAGE CHRISTMAS NAPKINS,1958
Loyal Customers,SET OF 3 BABUSHKA STACKING TINS,242
Loyal Customers,SET OF 3 BIRD LIGHT PINK FEATHER ,328
Loyal Customers,SET OF 3 BLACK FLYING DUCKS,210
Loyal Customers,SET OF 3 BUTTERFLY COOKIE CUTTERS,1233
Loyal Customers,SET OF 3 CAKE TINS PANTRY DESIGN ,1824
Loyal Customers,SET OF 3 CAKE TINS SKETCHBOOK,298
Loyal Customers,SET OF 3 COLOURED  FLYING DUCKS,205
Loyal Customers,SET OF 3 CONEY ISLAND OVAL BOXES,1
Loyal Customers,SET OF 3 GOLD FLYING DUCKS,78
Loyal Customers,SET OF 3 HANGING OWLS OLLIE BEAK,839
Loyal Customers,SET OF 3 HEART COOKIE CUTTERS,2053
Loyal Customers,SET OF 3 NOTEBOOKS IN PARCEL,2289
Loyal Customers,SET OF 3 PANTRY WOODEN SPOONS,25
Loyal Customers,SET OF 3 PINK FLYING DUCKS,1
Loyal Customers,SET OF 3 REGENCY CAKE TINS,2505
Loyal Customers,SET OF 3 WOODEN HEART DECORATIONS,714
Loyal Customers,SET OF 3 WOODEN SLEIGH DECORATIONS,295
Loyal Customers,SET OF 3 WOODEN STOCKING DECORATION,380
Loyal Customers,SET OF 3 WOODEN TREE DECORATIONS,259
Loyal Customers,SET OF 36 DINOSAUR PAPER DOILIES,64
Loyal Customers,SET OF 36 DOILIES PANTRY DESIGN,932
Loyal Customers,SET OF 36 DOILIES SPACEBOY DESIGN ,162
Loyal Customers,SET OF 36 DOLLY GIRL PAPER DOILIES,12
Loyal Customers,SET OF 36 MUSHROOM PAPER DOILIES,15
Loyal Customers,SET OF 36 PAISLEY FLOWER DOILIES,497
Loyal Customers,SET OF 36 PANTRY PAPER DOILIES,4
Loyal Customers,SET OF 36 SPACEBOY PAPER DOILIES,12
Loyal Customers,SET OF 36 TEATIME PAPER DOILIES,514
Loyal Customers,SET OF 4 BLACK LOVEBIRD COASTERS,48
Loyal Customers,SET OF 4 CAROUSEL PLACEMATS ,48
Loyal Customers,SET OF 4 DIAMOND NAPKIN RINGS,48
Loyal Customers,SET OF 4 ENGLISH ROSE COASTERS,95
Loyal Customers,SET OF 4 ENGLISH ROSE PLACEMATS,38
Loyal Customers,SET OF 4 FAIRY CAKE PLACEMATS,17
Loyal Customers,SET OF 4 FAIRY CAKE PLACEMATS ,271
Loyal Customers,SET OF 4 JAM JAR MAGNETS,716
Loyal Customers,SET OF 4 KNICK KNACK TINS DOILEY ,470
Loyal Customers,SET OF 4 KNICK KNACK TINS DOILY ,620
Loyal Customers,SET OF 4 KNICK KNACK TINS LEAF,187
Loyal Customers,SET OF 4 KNICK KNACK TINS LEAVES ,89
Loyal Customers,SET OF 4 KNICK KNACK TINS LONDON ,688
Loyal Customers,SET OF 4 KNICK KNACK TINS POPPIES,235
Loyal Customers,SET OF 4 NAPKIN CHARMS 3 KEYS ,60
Loyal Customers,SET OF 4 NAPKIN CHARMS CROWNS ,107
Loyal Customers,SET OF 4 NAPKIN CHARMS CUTLERY,488
Loyal Customers,SET OF 4 NAPKIN CHARMS HEARTS,50
Loyal Customers,SET OF 4 NAPKIN CHARMS LEAVES   ,16
Loyal Customers,SET OF 4 NAPKIN CHARMS STARS   ,17
Loyal Customers,SET OF 4 PANTRY JELLY MOULDS,4589
Loyal Customers,SET OF 4 PISTACHIO LOVEBIRD COASTER,67
Loyal Customers,SET OF 4 POLKADOT COASTERS,9
Loyal Customers,SET OF 4 POLKADOT PLACEMATS ,6
Loyal Customers,SET OF 4 ROSE BOTANICAL CANDLES,90
Loyal Customers,SET OF 4 SANTA PLACE SETTINGS,93
Loyal Customers,SET OF 5 LUCKY CAT MAGNETS ,1153
Loyal Customers,SET OF 5 MINI GROCERY MAGNETS,643
Loyal Customers,SET OF 5 PANCAKE DAY MAGNETS,982
Loyal Customers,SET OF 6 3D KIT CARDS FOR KIDS,339
Loyal Customers,SET OF 6 CAKE CHOPSTICKS,221
Loyal Customers,SET OF 6 FUNKY BEAKERS,43
Loyal Customers,SET OF 6 GIRLS CELEBRATION CANDLES,43
Loyal Customers,SET OF 6 HALLOWEEN GHOST T-LIGHTS,223
Loyal Customers,SET OF 6 HEART CHOPSTICKS,169
Loyal Customers,SET OF 6 HERB TINS SKETCHBOOK,275
Loyal Customers,SET OF 6 KASHMIR FOLKART BAUBLES,154
Loyal Customers,SET OF 6 NATIVITY MAGNETS ,457
Loyal Customers,SET OF 6 RIBBONS COUNTRY STYLE,58
Loyal Customers,SET OF 6 RIBBONS PARTY,60
Loyal Customers,SET OF 6 RIBBONS PERFECTLY PRETTY  ,64
Loyal Customers,SET OF 6 RIBBONS VINTAGE CHRISTMAS,317
Loyal Customers,SET OF 6 SNACK LOAF BAKING CASES,974
Loyal Customers,SET OF 6 SOLDIER SKITTLES,403
Loyal Customers,SET OF 6 SPICE TINS PANTRY DESIGN,994
Loyal Customers,SET OF 6 STRAWBERRY CHOPSTICKS,101
Loyal Customers,SET OF 6 T-LIGHTS CACTI ,595
Loyal Customers,SET OF 6 T-LIGHTS EASTER CHICKS,50
Loyal Customers,SET OF 6 T-LIGHTS SANTA,326
Loyal Customers,SET OF 6 T-LIGHTS SNOWMEN,219
Loyal Customers,SET OF 6 T-LIGHTS TOADSTOOLS,86
Loyal Customers,SET OF 6 T-LIGHTS WEDDING CAKE ,34
Loyal Customers,SET OF 6 TEA TIME BAKING CASES,1620
Loyal Customers,SET OF 6 VINTAGE NOTELETS KIT,212
Loyal Customers,SET OF 60 I LOVE LONDON CAKE CASES ,4398
Loyal Customers,SET OF 60 PANTRY DESIGN CAKE CASES ,4690
Loyal Customers,SET OF 60 VINTAGE LEAF CAKE CASES ,2439
Loyal Customers,SET OF 72 GREEN PAPER DOILIES,21
Loyal Customers,SET OF 72 PINK HEART PAPER DOILIES,1546
Loyal Customers,SET OF 72 RETROSPOT PAPER  DOILIES,2273
Loyal Customers,SET OF 72 SKULL PAPER  DOILIES,378
Loyal Customers,SET OF 9 BLACK SKULL BALLOONS,632
Loyal Customers,SET OF 9 HEART SHAPED BALLOONS,1364
Loyal Customers,SET OF PICTURE FRAME  STICKERS,14
Loyal Customers,SET OF SALT AND PEPPER TOADSTOOLS,774
Loyal Customers,SET OF TEA COFFEE SUGAR TINS PANTRY,810
Loyal Customers,SET/10 BLUE POLKADOT PARTY CANDLES,661
Loyal Customers,SET/10 IVORY POLKADOT PARTY CANDLES,250
Loyal Customers,SET/10 PINK POLKADOT PARTY CANDLES,1289
Loyal Customers,SET/10 RED POLKADOT PARTY CANDLES,1813
Loyal Customers,SET/12 FUNKY FELT FLOWER PEG IN BAG,97
Loyal Customers,SET/12 TAPER CANDLES,88
Loyal Customers,SET/2 RED RETROSPOT TEA TOWELS ,846
Loyal Customers,SET/20 RED RETROSPOT PAPER NAPKINS ,5900
Loyal Customers,SET/20 STRAWBERRY PAPER NAPKINS ,894
Loyal Customers,SET/3 CHRISTMAS DECOUPAGE CANDLES,170
Loyal Customers,SET/3 DECOUPAGE STACKING TINS,41
Loyal Customers,SET/3 OCEAN SCENT CANDLE JEWEL BOX,82
Loyal Customers,SET/3 POLKADOT STACKING TINS,36
Loyal Customers,SET/3 POT PLANT CANDLES,1
Loyal Customers,SET/3 RABBITS FLOWER SKIPPPING ROPE,3
Loyal Customers,SET/3 RED GINGHAM ROSE STORAGE BOX,1641
Loyal Customers,SET/3 ROSE CANDLE IN JEWELLED BOX,99
Loyal Customers,SET/3 VANILLA SCENTED CANDLE IN BOX,123
Loyal Customers,SET/4 BADGES BALLOON GIRL,41
Loyal Customers,SET/4 BADGES BEETLES,24
Loyal Customers,SET/4 BADGES CUTE CREATURES,26
Loyal Customers,SET/4 BADGES DOGS,55
Loyal Customers,SET/4 BIRD MIRROR MAGNETS ,230
Loyal Customers,SET/4 BLUE FLOWER CANDLES IN BOWL,40
Loyal Customers,SET/4 BUTTERFLY MIRROR MAGNETS,30
Loyal Customers,SET/4 COLOURFUL MIXING BOWLS,2
Loyal Customers,SET/4 DAISY MIRROR MAGNETS,28
Loyal Customers,SET/4 GARDEN ROSE DINNER CANDLE,4
Loyal Customers,SET/4 MODERN VINTAGE COTTON NAPKINS,16
Loyal Customers,SET/4 RED MINI ROSE CANDLE IN BOWL,139
Loyal Customers,SET/4 SKULL BADGES,201
Loyal Customers,SET/4 SPRING FLOWER DECORATION,74
Loyal Customers,SET/4 WHITE RETRO STORAGE CUBES ,24
Loyal Customers,SET/5 RED RETROSPOT LID GLASS BOWLS,1836
Loyal Customers,SET/6 BEAD COASTERS GAUZE BAG GOLD,306
Loyal Customers,SET/6 BLACK BIRD T-LIGHT CANDLES,142
Loyal Customers,SET/6 COLLAGE PAPER CUPS,446
Loyal Customers,SET/6 COLLAGE PAPER PLATES,368
Loyal Customers,SET/6 EAU DE NIL BIRD T-LIGHTS,104
Loyal Customers,SET/6 FROG PRINCE T-LIGHT CANDLES,97
Loyal Customers,SET/6 FRUIT SALAD  PAPER PLATES,471
Loyal Customers,SET/6 FRUIT SALAD PAPER CUPS,559
Loyal Customers,SET/6 GREEN SPRING PAPER CUPS,4
Loyal Customers,SET/6 PINK  BUTTERFLY T-LIGHTS,1080
Loyal Customers,SET/6 PINK BIRD T-LIGHT CANDLES,214
Loyal Customers,SET/6 POSIES PAPER CUPS,54
Loyal Customers,SET/6 POSIES PAPER PLATES,24
Loyal Customers,SET/6 PURPLE BUTTERFLY T-LIGHTS,95
Loyal Customers,SET/6 RED SPOTTY PAPER CUPS,3639
Loyal Customers,SET/6 RED SPOTTY PAPER PLATES,3988
Loyal Customers,SET/6 TURQUOISE BUTTERFLY T-LIGHTS,644
Loyal Customers,SET/9 CHRISTMAS T-LIGHTS SCENTED ,1
Loyal Customers,SET3 BOOK BOX GREEN GINGHAM FLOWER ,503
Loyal Customers,SEWING BOX RETROSPOT DESIGN ,41
Loyal Customers,SEWING SUSAN 21 NEEDLE SET,120
Loyal Customers,SHELF WITH 4 HOOKS HOME SWEET HOME,46
Loyal Customers,SHOE SHINE BOX ,10
Loyal Customers,SILICON STAR BULB  BLUE,2
Loyal Customers,SILK PURSE BABUSHKA BLUE,32
Loyal Customers,SILK PURSE BABUSHKA PINK,23
Loyal Customers,SILK PURSE BABUSHKA RED,40
Loyal Customers,SILVER 2 STRAND NECKLACE-LEAF CHARM,1
Loyal Customers,SILVER APERITIF GLASS,180
Loyal Customers,SILVER BELLS TABLE DECORATION,442
Loyal Customers,SILVER BRACELET W PASTEL FLOWER,5
Loyal Customers,SILVER CHRISTMAS TREE BAUBLE STAND ,1
Loyal Customers,SILVER DIAMANTE PEN IN GIFT BOX,13
Loyal Customers,SILVER DISCO HANDBAG,27
Loyal Customers,SILVER DROP EARRINGS WITH FLOWER,1
Loyal Customers,SILVER FABRIC MIRROR,6
Loyal Customers,SILVER FISHING GNOME ,5
Loyal Customers,SILVER FLOWR PINK SHELL NECKLACE,1
Loyal Customers,SILVER GLASS T-LIGHT SET,21
Loyal Customers,SILVER GLITTER FLOWER VOTIVE HOLDER,300
Loyal Customers,SILVER HANGING T-LIGHT HOLDER,751
Loyal Customers,SILVER HEARTS TABLE DECORATION,314
Loyal Customers,SILVER HOOP EARRINGS WITH FLOWER,2
Loyal Customers,SILVER JEWELLED MIRROR TRINKET TRAY,17
Loyal Customers,SILVER LARIAT 40CM,12
Loyal Customers,SILVER LARIAT BLACK STONE EARRINGS,1
Loyal Customers,SILVER MUG BONE CHINA TREE OF LIFE,247
Loyal Customers,SILVER PHOTO FRAME,13
Loyal Customers,SILVER PLATE CANDLE BOWL SMALL,18
Loyal Customers,SILVER RECORD COVER FRAME,111
Loyal Customers,SILVER ROCOCO CANDLE STICK,96
Loyal Customers,SILVER STANDING GNOME   ,1
Loyal Customers,SILVER STARS TABLE DECORATION,474
Loyal Customers,SILVER TEDDY BEAR,1
Loyal Customers,SILVER/BLACK ORBIT NECKLACE,2
Loyal Customers,SILVER/M.O.P PENDANT ORBIT NECKLACE,9
Loyal Customers,SILVER/NAT SHELL NECKLACE W PENDANT,1
Loyal Customers,SINGLE ANTIQUE ROSE HOOK IVORY,341
Loyal Customers,SINGLE HEART ZINC T-LIGHT HOLDER,1337
Loyal Customers,SINGLE WIRE HOOK IVORY HEART,382
Loyal Customers,SINGLE WIRE HOOK PINK HEART,279
Loyal Customers,SIX DRAWER OFFICE TIDY,6
Loyal Customers,SKETCHBOOK MAGNETIC SHOPPING LIST,515
Loyal Customers,SKULL AND CROSSBONES  GARLAND ,390
Loyal Customers,SKULL DESIGN TV DINNER TRAY,106
Loyal Customers,SKULL LUNCH BOX WITH CUTLERY ,404
Loyal Customers,SKULL SHOULDER BAG,246
Loyal Customers,SKULLS  DESIGN  COTTON TOTE BAG,19
Loyal Customers,SKULLS  STICKERS,266
Loyal Customers,SKULLS  WATER TRANSFER TATTOOS ,455
Loyal Customers,SKULLS AND CROSSBONES WRAP,775
Loyal Customers,SKULLS DESIGN FLANNEL,49
Loyal Customers,SKULLS GREETING CARD,468
Loyal Customers,SKULLS PARTY BAG + STICKER SET,199
Loyal Customers,SKULLS SQUARE TISSUE BOX,303
Loyal Customers,SKULLS STORAGE BOX LARGE,24
Loyal Customers,SKULLS STORAGE BOX SMALL,6
Loyal Customers,SKULLS TAPE,254
Loyal Customers,SKULLS WRITING SET ,78
Loyal Customers,SLATE TILE NATURAL HANGING,180
Loyal Customers,SLEEPING CAT ERASERS,1917
Loyal Customers,SMALL APOTHECARY MEASURING JAR ,6
Loyal Customers,SMALL BONNE JAM JAR  T-LIGHT HOLDER,60
Loyal Customers,SMALL CAMPHOR WOOD FIELD  MUSHROOM,6
Loyal Customers,SMALL CERAMIC TOP STORAGE JAR ,1618
Loyal Customers,SMALL CHINESE STYLE SCISSOR,5
Loyal Customers,SMALL CHOCOLATES PINK BOWL,945
Loyal Customers,SMALL CHUNKY GLASS ROMAN  BOWL,120
Loyal Customers,SMALL DECO JEWELLERY STAND,39
Loyal Customers,SMALL DOLLY MIX DESIGN ORANGE BOWL,1994
Loyal Customers,SMALL FOLDING SCISSOR(POINTED EDGE),324
Loyal Customers,SMALL FOLKART STAR CHRISTMAS DEC,216
Loyal Customers,SMALL GLASS HEART TRINKET POT,1680
Loyal Customers,SMALL GLASS SUNDAE DISH CLEAR,229
Loyal Customers,SMALL HAMMERED SILVER CANDLEPOT ,12
Loyal Customers,SMALL HANGING IVORY/RED WOOD BIRD,158
Loyal Customers,SMALL HEART FLOWERS HOOK ,318
Loyal Customers,SMALL HEART MEASURING SPOONS,500
Loyal Customers,SMALL IVORY HEART WALL ORGANISER,305
Loyal Customers,SMALL JEWELLERY STAND,4
Loyal Customers,SMALL KITCHEN FLOWER POTS PLAQUE,3
Loyal Customers,SMALL LICORICE DES PINK BOWL,263
Loyal Customers,SMALL MARSHMALLOWS PINK BOWL,1509
Loyal Customers,SMALL MEDINA STAMPED METAL BOWL ,25
Loyal Customers,SMALL PARISIENNE HEART PHOTO FRAME ,114
Loyal Customers,SMALL PARLOUR PICTURE FRAME,38
Loyal Customers,SMALL PINK GLASS SUNDAE DISH,565
Loyal Customers,SMALL PINK MAGIC CHRISTMAS TREE,74
Loyal Customers,SMALL POLKADOT CHOCOLATE GIFT BAG ,56
Loyal Customers,SMALL POP BOX FUNKY MONKEY,46
Loyal Customers,"SMALL POP BOX,FUNKY MONKEY",58
Loyal Customers,SMALL POPCORN HOLDER,8552
Loyal Customers,SMALL PURPLE BABUSHKA NOTEBOOK ,212
Loyal Customers,SMALL RED BABUSHKA NOTEBOOK ,577
Loyal Customers,SMALL RED RETROSPOT MUG IN BOX ,107
Loyal Customers,SMALL RED RETROSPOT WINDMILL,755
Loyal Customers,SMALL ROUND CUT GLASS CANDLESTICK,24
Loyal Customers,SMALL SILVER FLOWER CANDLE POT,6
Loyal Customers,SMALL SILVER TRELLIS CANDLEPOT,12
Loyal Customers,SMALL SINGLE FLAME CANDLE HOLDER,17
Loyal Customers,SMALL SKULL WINDMILL,55
Loyal Customers,SMALL SQUARE CUT GLASS CANDLESTICK,27
Loyal Customers,SMALL STRIPES CHOCOLATE GIFT BAG ,133
Loyal Customers,SMALL TALL CAMPHOR WOOD TOADSTOOL,18
Loyal Customers,SMALL WHITE HEART OF WICKER,824
Loyal Customers,SMALL WHITE RETROSPOT MUG IN BOX ,82
Loyal Customers,SMALL WHITE/PINK ROSE ART FLOWER,36
Loyal Customers,SMALL YELLOW BABUSHKA NOTEBOOK ,178
Loyal Customers,SMALL ZINC HEART WALL ORGANISER,46
Loyal Customers,SMALL ZINC/GLASS CANDLEHOLDER,36
Loyal Customers,SMALLFOLKART BAUBLE CHRISTMAS DEC,192
Loyal Customers,SMOKEY GREY COLOUR D.O.F. GLASS,140
Loyal Customers,SMOKEY GREY COLOUR GLASS,24
Loyal Customers,SNACK TRAY HAPPY FOREST  ,41
Loyal Customers,SNACK TRAY I LOVE LONDON,95
Loyal Customers,SNACK TRAY PAISLEY PARK,20
Loyal Customers,SNACK TRAY RED GINGHAM,30
Loyal Customers,SNACK TRAY RED VINTAGE DOILY,99
Loyal Customers,SNOWFLAKE PORTABLE TABLE LIGHT ,49
Loyal Customers,SNOWSTORM PHOTO FRAME FRIDGE MAGNET,58
Loyal Customers,SOAP DISH BROCANTE,82
Loyal Customers,SOFT PINK ROSE TOWEL ,8
Loyal Customers,SOLDIERS EGG CUP ,5934
Loyal Customers,SOMBRERO ,207
Loyal Customers,SPACE BOY CHILDRENS CUP,16
Loyal Customers,SPACE CADET BLACK,1
Loyal Customers,SPACE CADET RED,24
Loyal Customers,SPACE CADET WHITE,15
Loyal Customers,SPACE FROG,35
Loyal Customers,SPACE OWL,32
Loyal Customers,SPACEBOY BEAKER,335
Loyal Customers,SPACEBOY BIRTHDAY CARD,1654
Loyal Customers,SPACEBOY CHILDRENS BOWL,408
Loyal Customers,SPACEBOY CHILDRENS CUP,363
Loyal Customers,SPACEBOY CHILDRENS EGG CUP,360
Loyal Customers,SPACEBOY GIFT WRAP,1500
Loyal Customers,SPACEBOY LUNCH BOX ,4072
Loyal Customers,SPACEBOY MINI BACKPACK,161
Loyal Customers,SPACEBOY ROCKET LOLLY MAKERS,140
Loyal Customers,SPACEBOY TV DINNER TRAY,34
Loyal Customers,SPACEBOY WALL ART,12
Loyal Customers,SPOTTED WHITE NATURAL SEED NECKLACE,6
Loyal Customers,SPOTTY BUNTING,2630
Loyal Customers,SPOTTY PINK DUCK DOORSTOP,52
Loyal Customers,SPRIG LAVENDER ARTIFICIAL FLOWER,16
Loyal Customers,SQUARE CHERRY BLOSSOM CABINET,25
Loyal Customers,SQUARE FLOOR CUSHION VINTAGE RED,13
Loyal Customers,SQUARE METAL CANDLEHOLDER BASE,24
Loyal Customers,SQUARE MINI PORTRAIT FRAME,47
Loyal Customers,SQUARECUSHION COVER PINK UNION FLAG,18
Loyal Customers,SQUARECUSHION COVER PINK UNION JACK,29
Loyal Customers,ST TROPEZ NECKLACE,3
Loyal Customers,STANDING FAIRY POLE SUPPORT ,48
Loyal Customers,STAR DECORATION PAINTED ZINC ,779
Loyal Customers,STAR DECORATION RUSTIC,279
Loyal Customers,STAR PORTABLE TABLE LIGHT ,4
Loyal Customers,STAR T-LIGHT HOLDER WILLIE WINKIE,228
Loyal Customers,STAR WOODEN CHRISTMAS DECORATION,436
Loyal Customers,STAR WREATH DECORATION WITH BELL,270
Loyal Customers,STARS GIFT TAPE ,440
Loyal Customers,STEEL SWEETHEART ROUND TABLE CREAM,3
Loyal Customers,STOOL HOME SWEET HOME ,16
Loyal Customers,STOP FOR TEA WALL ART,31
Loyal Customers,STORAGE TIN HOME SWEET HOME,55
Loyal Customers,STORAGE TIN VINTAGE DOILY ,427
Loyal Customers,STORAGE TIN VINTAGE LEAF,230
Loyal Customers,STRAWBERRIES  DESIGN FLANNEL ,85
Loyal Customers,STRAWBERRY   PICNIC BAG,628
Loyal Customers,STRAWBERRY BATH SPONGE ,254
Loyal Customers,STRAWBERRY CERAMIC TRINKET BOX,4250
Loyal Customers,STRAWBERRY CERAMIC TRINKET POT,480
Loyal Customers,STRAWBERRY CHARLOTTE BAG,2212
Loyal Customers,STRAWBERRY DREAM CHILDS UMBRELLA,5
Loyal Customers,STRAWBERRY FAIRY CAKE TEAPOT,192
Loyal Customers,STRAWBERRY HONEYCOMB  GARLAND ,497
Loyal Customers,STRAWBERRY LUNCH BOX WITH CUTLERY,678
Loyal Customers,STRAWBERRY RAFFIA FOOD COVER,221
Loyal Customers,STRAWBERRY SHOPPER BAG,322
Loyal Customers,STRAWBRY SCENTED VOTIVE CANDLE,765
Loyal Customers,STRIPES DESIGN MONKEY DOLL,7
Loyal Customers,STRIPES DESIGN TEDDY,15
Loyal Customers,STRIPEY CHOCOLATE NESTING BOXES,59
Loyal Customers,STRIPY DESIGN SHOWER CAP,105
Loyal Customers,SUKI  SHOULDER BAG,260
Loyal Customers,SUMMER FUN DESIGN SHOWER CAP,193
Loyal Customers,SUNFLOWER DECORATIVE PARASOL,54
Loyal Customers,SUNSET CHECK HAMMOCK,43
Loyal Customers,SUNSET COLOUR CHUNKY KNITTED THROW,1
Loyal Customers,SWALLOW SQUARE TISSUE BOX,545
Loyal Customers,SWALLOW WOODEN CHRISTMAS DECORATION,239
Loyal Customers,SWALLOWS GREETING CARD,2709
Loyal Customers,SWEET HEART CAKE CARRIER,28
Loyal Customers,SWEET PUDDING STICKER SHEET,13
Loyal Customers,SWEETHEART 3 TIER CAKE STAND ,49
Loyal Customers,SWEETHEART BIRD HOUSE,27
Loyal Customers,SWEETHEART CAKESTAND 3 TIER,188
Loyal Customers,SWEETHEART CERAMIC TRINKET BOX,2365
Loyal Customers,SWEETHEART CREAM STEEL TABLE RECT,2
Loyal Customers,SWEETHEART RECIPE BOOK STAND,192
Loyal Customers,SWEETHEART WALL TIDY ,40
Loyal Customers,SWEETHEART WIRE FRUIT BOWL,22
Loyal Customers,SWEETHEART WIRE MAGAZINE RACK,59
Loyal Customers,SWEETHEART WIRE WALL TIDY,72
Loyal Customers,SWEETIES  STICKERS,68
Loyal Customers,SWIRLY CIRCULAR RUBBERS IN BAG,64
Loyal Customers,SWISS CHALET TREE DECORATION ,151
Loyal Customers,SWISS ROLL TOWEL PINK  SPOTS,163
Loyal Customers,"SWISS ROLL TOWEL, CHOCOLATE  SPOTS",348
Loyal Customers,"SWISS ROLL TOWEL, PINK  SPOTS",288
Loyal Customers,T-LIGHT GLASS FLUTED ANTIQUE,2347
Loyal Customers,T-LIGHT HOLDER HANGING LACE,105
Loyal Customers,T-LIGHT HOLDER HANGING LOVE BIRD,36
Loyal Customers,T-LIGHT HOLDER SILVER HEART HANDLE,54
Loyal Customers,T-LIGHT HOLDER SILVER PETIT FOUR ,36
Loyal Customers,T-LIGHT HOLDER SILVER SAUCER,5
Loyal Customers,T-LIGHT HOLDER SWEETHEART HANGING,212
Loyal Customers,T-LIGHT HOLDER WHITE LACE,137
Loyal Customers,TABLE LAMP WHITE SHADE WOOD BASE,5
Loyal Customers,TABLECLOTH RED APPLES DESIGN ,111
Loyal Customers,TALL ROCOCO CANDLE HOLDER,36
Loyal Customers,TEA BAG PLATE RED RETROSPOT,1694
Loyal Customers,TEA COSY BLUE STRIPE,17
Loyal Customers,TEA COSY RED  STRIPE,24
Loyal Customers,TEA FOR ONE POLKADOT,108
Loyal Customers,TEA PARTY  WRAPPING PAPER ,325
Loyal Customers,TEA PARTY BIRTHDAY CARD,757
Loyal Customers,TEA TIME DES TEA COSY,130
Loyal Customers,TEA TIME KITCHEN APRON,138
Loyal Customers,TEA TIME OVEN GLOVE,828
Loyal Customers,TEA TIME PARTY BUNTING,1244
Loyal Customers,TEA TIME TABLE CLOTH,134
Loyal Customers,TEA TIME TEA SET IN GIFT BOX,13
Loyal Customers,TEA TIME TEA TOWELS ,2600
Loyal Customers,TEA TIME TEAPOT IN GIFT BOX,79
Loyal Customers,TEAL/FUSCHIA COL BEAD NECKLACE,3
Loyal Customers,TEATIME FUNKY FLOWER BACKPACK FOR 2,2
Loyal Customers,TEATIME GEL PENS ASST,144
Loyal Customers,TEATIME PEN CASE & PENS,16
Loyal Customers,TEATIME PUSH DOWN RUBBER,323
Loyal Customers,TEATIME ROUND PENCIL SHARPENER ,432
Loyal Customers,THE KING GIFT BAG,1
Loyal Customers,THE KING GIFT BAG 25x24x12cm,4
Loyal Customers,THREE CANVAS LUGGAGE TAGS,26
Loyal Customers,THREE MINI HANGING FRAMES,17
Loyal Customers,TOADSTOOL BEDSIDE LIGHT ,50
Loyal Customers,TOADSTOOL MONEY BOX,148
Loyal Customers,TOAST ITS - BEST MUM,394
Loyal Customers,TOAST ITS - DINOSAUR,2
Loyal Customers,TOAST ITS - FAIRY FLOWER,92
Loyal Customers,TOAST ITS - HAPPY BIRTHDAY,83
Loyal Customers,TOAST ITS - I LOVE YOU ,270
Loyal Customers,TOILET METAL SIGN,1251
Loyal Customers,TOILET SIGN OCCUPIED OR VACANT,937
Loyal Customers,TOMATO CHARLIE+LOLA COASTER SET,207
Loyal Customers,TOOL BOX SOFT TOY ,21
Loyal Customers,TOOTHPASTE TUBE PEN,139
Loyal Customers,TOP SECRET PEN SET,5
Loyal Customers,TOTE BAG I LOVE LONDON,668
Loyal Customers,TOXIC AREA  DOOR HANGER ,554
Loyal Customers,TOY TIDY DOLLY GIRL DESIGN,326
Loyal Customers,TOY TIDY PINK POLKADOT,2071
Loyal Customers,TOY TIDY SPACEBOY  ,372
Loyal Customers,TOYBOX  WRAP ,150
Loyal Customers,TRADITIONAL CHRISTMAS RIBBONS,377
Loyal Customers,TRADITIONAL KNITTING NANCY,1421
Loyal Customers,TRADITIONAL MODELLING CLAY,2762
Loyal Customers,TRADITIONAL NAUGHTS & CROSSES,257
Loyal Customers,TRADITIONAL PICK UP STICKS GAME ,445
Loyal Customers,TRADITIONAL WOODEN CATCH CUP GAME ,163
Loyal Customers,TRADITIONAL WOODEN SKIPPING ROPE,3612
Loyal Customers,TRADTIONAL ALPHABET STAMP SET,154
Loyal Customers,TRANSPARENT ACRYLIC TAPE DISPENSER,2
Loyal Customers,TRAVEL CARD WALLET FLOWER MEADOW,469
Loyal Customers,TRAVEL CARD WALLET I LOVE LONDON,2162
Loyal Customers,TRAVEL CARD WALLET KEEP CALM,6705
Loyal Customers,TRAVEL CARD WALLET PANTRY,563
Loyal Customers,TRAVEL CARD WALLET RETRO PETALS,466
Loyal Customers,TRAVEL CARD WALLET RETROSPOT,584
Loyal Customers,TRAVEL CARD WALLET SKULLS,388
Loyal Customers,TRAVEL CARD WALLET SUKI,714
Loyal Customers,TRAVEL CARD WALLET TRANSPORT,787
Loyal Customers,TRAVEL CARD WALLET UNION JACK,839
Loyal Customers,TRAVEL CARD WALLET VINTAGE LEAF,305
Loyal Customers,TRAVEL CARD WALLET VINTAGE ROSE ,195
Loyal Customers,TRAVEL CARD WALLET VINTAGE TICKET,1388
Loyal Customers,TRAVEL SEWING KIT,1939
Loyal Customers,"TRAY, BREAKFAST IN BED",158
Loyal Customers,TREASURE AHOY WALL ART,12
Loyal Customers,TREASURE ISLAND BOOK BOX,1253
Loyal Customers,TREASURE TIN BUFFALO BILL ,479
Loyal Customers,TREASURE TIN GYMKHANA DESIGN,602
Loyal Customers,TREE T-LIGHT HOLDER WILLIE WINKIE,79
Loyal Customers,TRIANGULAR POUFFE VINTAGE ,28
Loyal Customers,TRIPLE HOOK ANTIQUE IVORY ROSE,155
Loyal Customers,TRIPLE PHOTO FRAME CORNICE ,204
Loyal Customers,TRIPLE WIRE HOOK IVORY HEART,51
Loyal Customers,TRIPLE WIRE HOOK PINK HEART,17
Loyal Customers,TROPICAL  HONEYCOMB PAPER GARLAND ,849
Loyal Customers,TROPICAL LUGGAGE TAG,17
Loyal Customers,TROPICAL PASSPORT COVER ,73
Loyal Customers,TUB 24 PINK FLOWER PEGS,19
Loyal Customers,TUMBLER BAROQUE,162
Loyal Customers,TUMBLER NEW ENGLAND,534
Loyal Customers,"TUMBLER, BAROQUE",24
Loyal Customers,"TUMBLER, NEW ENGLAND",24
Loyal Customers,TURQ+RED BOUDICCA LARGE BRACELET,2
Loyal Customers,TURQUOISE BERTIE GLASS BEAD CHARM,72
Loyal Customers,TUSCAN VILLA BIRD TABLE ,4
Loyal Customers,TUSCAN VILLA DOVECOTE,6
Loyal Customers,TUSCAN VILLA DOVECOTE BIRD FEEDER,8
Loyal Customers,TUSCAN VILLA FEEDING STATION,2
Loyal Customers,TV DINNER TRAY AIR HOSTESS ,86
Loyal Customers,TV DINNER TRAY DOLLY GIRL,71
Loyal Customers,TV DINNER TRAY VINTAGE PAISLEY,156
Loyal Customers,TWO DOOR CURIO CABINET,60
Loyal Customers,UNION FLAG WINDSOCK,366
Loyal Customers,UNION JACK FLAG LUGGAGE TAG,158
Loyal Customers,UNION JACK FLAG PASSPORT COVER ,317
Loyal Customers,UNION STRIPE CUSHION COVER ,39
Loyal Customers,UNION STRIPE WITH FRINGE  HAMMOCK,327
Loyal Customers,URBAN BLACK RIBBONS ,147
Loyal Customers,UTILTY CABINET WITH HOOKS,2
Loyal Customers,VANILLA INCENSE 40 CONES IN TIN,1
Loyal Customers,VANILLA INCENSE IN TIN,635
Loyal Customers,VANILLA SCENT CANDLE JEWELLED BOX,394
Loyal Customers,VEGETABLE GARDEN CHOPPING BOARD,8
Loyal Customers,VEGETABLE MAGNETIC  SHOPPING LIST,24
Loyal Customers,VICTORIAN  METAL POSTCARD SPRING,765
Loyal Customers,VICTORIAN GLASS HANGING T-LIGHT,10752
Loyal Customers,VICTORIAN SEWING BOX LARGE,160
Loyal Customers,VICTORIAN SEWING BOX MEDIUM,140
Loyal Customers,VICTORIAN SEWING BOX SMALL ,445
Loyal Customers,VICTORIAN SEWING KIT,829
Loyal Customers,VILLAGE SHOW WALL ART,12
Loyal Customers,VINTAGE  2 METER FOLDING RULER,389
Loyal Customers,VINTAGE  2 METRE FOLDING RULER,422
Loyal Customers,VINTAGE BEAD COSMETIC BAG ,2
Loyal Customers,VINTAGE BEAD PINK EVENING BAG,65
Loyal Customers,VINTAGE BEAD PINK JEWEL STAND,1
Loyal Customers,VINTAGE BEAD PINK PURSE ,89
Loyal Customers,VINTAGE BEAD PINK SCARF ,31
Loyal Customers,VINTAGE BELLS GARLAND,205
Loyal Customers,VINTAGE BILLBOARD DRINK ME MUG,359
Loyal Customers,VINTAGE BILLBOARD LOVE/HATE MUG,368
Loyal Customers,VINTAGE BILLBOARD MUG ,205
Loyal Customers,VINTAGE BILLBOARD TEA MUG,1723
Loyal Customers,VINTAGE BLUE KITCHEN CABINET,3
Loyal Customers,VINTAGE CARAVAN GIFT WRAP,50
Loyal Customers,VINTAGE CARAVAN GREETING CARD ,314
Loyal Customers,VINTAGE CHRISTMAS BUNTING,924
Loyal Customers,VINTAGE CHRISTMAS CAKE FRILL,642
Loyal Customers,VINTAGE CHRISTMAS GIFT BAG LARGE ,620
Loyal Customers,VINTAGE CHRISTMAS GIFT SACK,413
Loyal Customers,VINTAGE CHRISTMAS PAPER GIFT BAG,535
Loyal Customers,VINTAGE CHRISTMAS STOCKING ,490
Loyal Customers,VINTAGE CHRISTMAS TABLECLOTH,77
Loyal Customers,VINTAGE COFFEE GRINDER BOX,26
Loyal Customers,VINTAGE CREAM 3 BASKET CAKE STAND,50
Loyal Customers,VINTAGE CREAM CAT FOOD CONTAINER,273
Loyal Customers,VINTAGE CREAM DOG FOOD CONTAINER,296
Loyal Customers,VINTAGE DOILY DELUXE SEWING KIT ,233
Loyal Customers,VINTAGE DOILY JUMBO BAG RED ,1562
Loyal Customers,VINTAGE DOILY TRAVEL SEWING KIT,852
Loyal Customers,VINTAGE DONKEY TAIL GAME ,412
Loyal Customers,VINTAGE EMBOSSED HEART,74
Loyal Customers,VINTAGE ENAMEL & CRYSTAL EARRINGS,2
Loyal Customers,VINTAGE GLASS COFFEE CADDY,2
Loyal Customers,VINTAGE GLASS T-LIGHT HOLDER,631
Loyal Customers,VINTAGE HEADS AND TAILS CARD GAME ,2244
Loyal Customers,VINTAGE JINGLE BELLS HEART,11
Loyal Customers,VINTAGE JINGLE BELLS WREATH,12
Loyal Customers,VINTAGE KEEPSAKE BOX PARIS DAYS,26
Loyal Customers,VINTAGE KEEPSAKE BOX TRAVELOGUE,2
Loyal Customers,VINTAGE KID DOLLY CARD ,521
Loyal Customers,VINTAGE KITCHEN PRINT PUDDINGS,6
Loyal Customers,VINTAGE KITCHEN PRINT SEAFOOD,6
Loyal Customers,VINTAGE KITCHEN PRINT VEGETABLES,12
Loyal Customers,VINTAGE LEAF CHOPPING BOARD  ,12
Loyal Customers,VINTAGE LEAF MAGNETIC NOTEPAD,382
Loyal Customers,VINTAGE PAISLEY STATIONERY SET,159
Loyal Customers,VINTAGE PINK DECORATIVE PARASOL,36
Loyal Customers,VINTAGE RED ENAMEL TRIM JUG ,159
Loyal Customers,VINTAGE RED ENAMEL TRIM MUG ,374
Loyal Customers,VINTAGE RED ENAMEL TRIM PLATE,221
Loyal Customers,VINTAGE RED KITCHEN CABINET,9
Loyal Customers,VINTAGE RED MUG,62
Loyal Customers,VINTAGE RED TEATIME MUG,82
Loyal Customers,VINTAGE RED TRIM ENAMEL BOWL ,204
Loyal Customers,VINTAGE ROSE BEAD BRACELET BLACK,1
Loyal Customers,VINTAGE ROSE BEAD BRACELET RASPBERR,1
Loyal Customers,VINTAGE SEASIDE JIGSAW PUZZLES,36
Loyal Customers,VINTAGE SHELLS PRINT,15
Loyal Customers,VINTAGE SNAKES & LADDERS,133
Loyal Customers,VINTAGE SNAP CARDS,3815
Loyal Customers,VINTAGE UNION JACK APRON,31
Loyal Customers,VINTAGE UNION JACK BUNTING,668
Loyal Customers,VINTAGE UNION JACK CUSHION COVER,98
Loyal Customers,VINTAGE UNION JACK DOORSTOP,36
Loyal Customers,VINTAGE UNION JACK MEMOBOARD,378
Loyal Customers,VINTAGE UNION JACK PENNANT,87
Loyal Customers,VINTAGE UNION JACK SHOPPING BAG,87
Loyal Customers,VINYL RECORD FRAME SILVER,345
Loyal Customers,VIP HOLIDAY PURSE,2
Loyal Customers,VIPPASSPORT COVER ,64
Loyal Customers,WAKE UP COCKEREL CALENDAR SIGN ,11
Loyal Customers,WAKE UP COCKEREL TILE COASTER,96
Loyal Customers,WAKE UP COCKEREL TILE HOOK,15
Loyal Customers,"WALL ART ,PUDDINGS ",2
Loyal Customers,WALL ART 70'S ALPHABET ,28
Loyal Customers,WALL ART ANIMALS AND NATURE ,29
Loyal Customers,WALL ART BICYCLE SAFETY,211
Loyal Customers,WALL ART BICYCLE SAFTEY ,19
Loyal Customers,WALL ART BIG LOVE ,213
Loyal Customers,WALL ART BUFFALO BILL ,30
Loyal Customers,WALL ART CAT AND BIRD ,49
Loyal Customers,WALL ART CLASSIC PUDDINGS ,217
Loyal Customers,WALL ART DOG AND BALL ,31
Loyal Customers,WALL ART DOG LICENCE ,110
Loyal Customers,WALL ART DOLLY GIRL ,29
Loyal Customers,WALL ART GARDEN HAVEN ,17
Loyal Customers,WALL ART HORSE & PONY ,42
Loyal Customers,WALL ART I LOVE LONDON ,52
Loyal Customers,WALL ART KEEP CALM ,65
Loyal Customers,WALL ART LOVES' SECRET ,25
Loyal Customers,WALL ART MID CENTURY MODERN ,13
Loyal Customers,WALL ART ONLY ONE PERSON ,253
Loyal Customers,WALL ART SPACEBOY,44
Loyal Customers,WALL ART STOP FOR TEA ,233
Loyal Customers,WALL ART TREASURE AHOY ,38
Loyal Customers,WALL ART VILLAGE SHOW ,45
Loyal Customers,WALL ART VINTAGE HEART,28
Loyal Customers,WALL ART WORK REST AND PLAY  ,24
Loyal Customers,WALL MIRROR RECTANGLE DIAMANTE PINK,3
Loyal Customers,WALL TIDY RETROSPOT ,682
Loyal Customers,WASH BAG VINTAGE ROSE PAISLEY,3
Loyal Customers,WASHROOM METAL SIGN,583
Loyal Customers,WATERING CAN BLUE ELEPHANT,944
Loyal Customers,WATERING CAN GARDEN MARKER,76
Loyal Customers,WATERING CAN GREEN DINOSAUR,596
Loyal Customers,WATERING CAN PINK BUNNY,547
Loyal Customers,WELCOME  WOODEN BLOCK LETTERS,117
Loyal Customers,WHEELBARROW FOR CHILDREN ,24
Loyal Customers,WHITE 3 FRAME BIRDS AND TREE ,11
Loyal Customers,WHITE AND BLUE CERAMIC OIL BURNER,47
Loyal Customers,WHITE BAMBOO RIBS LAMPSHADE,314
Loyal Customers,WHITE BAROQUE WALL CLOCK ,32
Loyal Customers,WHITE BELL HONEYCOMB PAPER ,683
Loyal Customers,WHITE BELL HONEYCOMB PAPER GARLAND ,61
Loyal Customers,WHITE BROCANTE SOAP DISH,91
Loyal Customers,WHITE CANDYSTUFT ARTIFICIAL FLOWER,72
Loyal Customers,WHITE CHRISTMAS GARLAND STARS TREES,49
Loyal Customers,WHITE CHRISTMAS STAR DECORATION,95
Loyal Customers,WHITE CHRISTMAS TREE 60CM,1
Loyal Customers,WHITE GOOSE FEATHER CHRISTMAS TREE ,14
Loyal Customers,WHITE GOOSE FEATHER TREE 60CM ,38
Loyal Customers,WHITE HAND TOWEL WITH BUTTERFLY,68
Loyal Customers,WHITE HANGING BEADS CANDLE HOLDER,66
Loyal Customers,WHITE HANGING HEART T-LIGHT HOLDER,15311
Loyal Customers,WHITE HEART CONFETTI IN TUBE,346
Loyal Customers,WHITE HEARTS WIRE PLANT POT HOLDER,62
Loyal Customers,WHITE HONEYCOMB PAPER GARLAND ,19
Loyal Customers,WHITE JEWELLED HEART DECORATION,303
Loyal Customers,WHITE LOVEBIRD LANTERN,246
Loyal Customers,WHITE METAL LANTERN,826
Loyal Customers,WHITE MOROCCAN METAL LANTERN,22
Loyal Customers,WHITE MURANO TWIST BRACELET,1
Loyal Customers,WHITE ROCKING HORSE HAND PAINTED,452
Loyal Customers,WHITE ROSEBUD  PEARL EARRINGS,1
Loyal Customers,WHITE SAGE INCENSE,75
Loyal Customers,WHITE SKULL HOT WATER BOTTLE ,1136
Loyal Customers,WHITE SOAP RACK WITH 2 BOTTLES,96
Loyal Customers,WHITE SPOT BLUE CERAMIC DRAWER KNOB,1060
Loyal Customers,WHITE SPOT RED CERAMIC DRAWER KNOB,918
Loyal Customers,WHITE SQUARE TABLE CLOCK,1
Loyal Customers,WHITE STITCHED CUSHION COVER,8
Loyal Customers,WHITE STITCHED WALL CLOCK,521
Loyal Customers,WHITE TALL PORCELAIN T-LIGHT HOLDER,48
Loyal Customers,"WHITE TEA,COFFEE,SUGAR JARS",221
Loyal Customers,WHITE TISSUE REAM,4
Loyal Customers,WHITE TRAVEL ALARM CLOCK,26
Loyal Customers,WHITE VINT ART DECO CRYSTAL NECKLAC,2
Loyal Customers,WHITE VINTAGE CRYSTAL BRACELET,1
Loyal Customers,WHITE WICKER STAR ,213
Loyal Customers,WHITE WIRE EGG HOLDER,66
Loyal Customers,WHITE WITH BLACK CATS PLATE,6
Loyal Customers,WHITE WOOD GARDEN PLANT LADDER,178
Loyal Customers,WHITE/PINK CHICK DECORATION,44
Loyal Customers,WHITE/PINK CHICK EASTER DECORATION,7
Loyal Customers,WICKER STAR ,283
Loyal Customers,WICKER WREATH LARGE,154
Loyal Customers,WICKER WREATH SMALL,110
Loyal Customers,WIRE EGG BASKET ,22
Loyal Customers,WISE MAN STAR SHAPE EGG PAN,10
Loyal Customers,WOOD 2 DRAWER CABINET WHITE FINISH,723
Loyal Customers,WOOD BLACK BOARD ANT WHITE FINISH,1140
Loyal Customers,WOOD S/3 CABINET ANT WHITE FINISH,465
Loyal Customers,WOOD STAMP SET BEST WISHES,124
Loyal Customers,WOOD STAMP SET FLOWERS,119
Loyal Customers,WOOD STAMP SET HAPPY BIRTHDAY,170
Loyal Customers,WOOD STAMP SET THANK YOU,195
Loyal Customers,WOOD STOCKING CHRISTMAS SCANDISPOT,255
Loyal Customers,WOODEN ADVENT CALENDAR CREAM,153
Loyal Customers,WOODEN ADVENT CALENDAR RED,207
Loyal Customers,WOODEN BOX OF DOMINOES,1943
Loyal Customers,WOODEN CROQUET GARDEN SET,245
Loyal Customers,WOODEN FRAME ANTIQUE WHITE ,2087
Loyal Customers,WOODEN HAPPY BIRTHDAY GARLAND,1088
Loyal Customers,WOODEN HEART CHRISTMAS SCANDINAVIAN,1718
Loyal Customers,WOODEN OWLS LIGHT GARLAND ,257
Loyal Customers,WOODEN PICTURE FRAME WHITE FINISH,2713
Loyal Customers,WOODEN REGATTA BUNTING,37
Loyal Customers,WOODEN ROUNDERS GARDEN SET ,549
Loyal Customers,WOODEN SCHOOL COLOURING SET,1247
Loyal Customers,WOODEN SKITTLES GARDEN SET,102
Loyal Customers,WOODEN STAR CHRISTMAS SCANDINAVIAN,1931
Loyal Customers,WOODEN TREE CHRISTMAS SCANDINAVIAN,693
Loyal Customers,WOODEN UNION JACK BUNTING,498
Loyal Customers,WOODLAND  HEIGHT CHART STICKERS ,11
Loyal Customers,WOODLAND  STICKERS,132
Loyal Customers,WOODLAND BUNNIES LOLLY MAKERS,194
Loyal Customers,WOODLAND CHARLOTTE BAG,2367
Loyal Customers,WOODLAND DESIGN  COTTON TOTE BAG,68
Loyal Customers,WOODLAND LARGE BLUE FELT HEART,12
Loyal Customers,WOODLAND LARGE PINK FELT HEART,12
Loyal Customers,WOODLAND LARGE RED FELT HEART,12
Loyal Customers,WOODLAND MINI BACKPACK,110
Loyal Customers,WOODLAND PARTY BAG + STICKER SET,180
Loyal Customers,WOODLAND SMALL BLUE FELT HEART,51
Loyal Customers,WOODLAND SMALL PINK FELT HEART,49
Loyal Customers,WOODLAND SMALL RED FELT HEART,86
Loyal Customers,WOODLAND STORAGE BOX LARGE ,99
Loyal Customers,WOODLAND STORAGE BOX SMALL,96
Loyal Customers,WORLD WAR 2 GLIDERS ASSTD DESIGNS,25597
Loyal Customers,WOVEN BERRIES CUSHION COVER ,2
Loyal Customers,WOVEN BUBBLE GUM CUSHION COVER,2
Loyal Customers,WOVEN CANDY CUSHION COVER ,2
Loyal Customers,WRAP  VINTAGE DOILY ,575
Loyal Customers,WRAP 50'S  CHRISTMAS,400
Loyal Customers,WRAP A PRETTY THANK YOU,25
Loyal Customers,WRAP ALPHABET DESIGN,1025
Loyal Customers,WRAP ALPHABET POSTER  ,75
Loyal Customers,WRAP BAD HAIR DAY,100
Loyal Customers,WRAP BILLBOARD FONTS DESIGN,325
Loyal Customers,WRAP BIRD GARDEN ,150
Loyal Customers,WRAP CAROUSEL,50
Loyal Customers,WRAP CHRISTMAS SCREEN PRINT,125
Loyal Customers,WRAP CHRISTMAS VILLAGE,300
Loyal Customers,WRAP CIRCUS PARADE,450
Loyal Customers,WRAP COWBOYS  ,225
Loyal Customers,WRAP DOILEY DESIGN,1350
Loyal Customers,WRAP DOLLY GIRL,325
Loyal Customers,WRAP ENGLISH ROSE ,1150
Loyal Customers,WRAP FLOWER SHOP  ,250
Loyal Customers,WRAP FOLK ART,75
Loyal Customers,WRAP GINGHAM ROSE ,375
Loyal Customers,WRAP GREEN PEARS ,300
Loyal Customers,WRAP I LOVE LONDON ,1375
Loyal Customers,WRAP KEEP CALM BIRTHDAY,400
Loyal Customers,WRAP MAGIC FOREST ,175
Loyal Customers,WRAP MONSTER FUN ,125
Loyal Customers,WRAP PAISLEY PARK ,700
Loyal Customers,WRAP PINK FAIRY CAKES ,2450
Loyal Customers,WRAP POPPIES  DESIGN,1550
Loyal Customers,WRAP RED APPLES ,1300
Loyal Customers,WRAP RED DOILEY,175
Loyal Customers,WRAP RED VINTAGE DOILY,425
Loyal Customers,WRAP SUKI AND FRIENDS,1025
Loyal Customers,WRAP SUMMER ROSE DESIGN,25
Loyal Customers,WRAP VINTAGE LEAF DESIGN,1200
Loyal Customers,WRAP VINTAGE PETALS  DESIGN,500
Loyal Customers,WRAP WEDDING DAY,75
Loyal Customers,"WRAP, BILLBOARD FONTS DESIGN",975
Loyal Customers,YELLOW BREAKFAST CUP AND SAUCER,12
Loyal Customers,YELLOW COAT RACK PARIS FASHION,17
Loyal Customers,YELLOW EASTER EGG HUNT START POST,9
Loyal Customers,YELLOW FLOWERS FELT HANDBAG KIT,10
Loyal Customers,YELLOW GIANT GARDEN THERMOMETER,23
Loyal Customers,YELLOW METAL CHICKEN HEART ,74
Loyal Customers,YELLOW PINK FLOWER DESIGN BIG BOWL,22
Loyal Customers,YELLOW SHARK HELICOPTER,4
Loyal Customers,YELLOW/ORANGE FLOWER DESIGN PLATE,60
Loyal Customers,YELLOW/PINK FLOWER DESIGN BIG MUG,4
Loyal Customers,YOU'RE CONFUSING ME METAL SIGN ,1016
Loyal Customers,YULETIDE IMAGES GIFT WRAP SET,78
Loyal Customers,YULETIDE IMAGES S/6 PAPER BOXES,1
Loyal Customers,ZINC  HEART T-LIGHT HOLDER,132
Loyal Customers,ZINC  STAR T-LIGHT HOLDER ,448
Loyal Customers,ZINC BOX SIGN HOME,31
Loyal Customers,ZINC FINISH 15CM PLANTER POTS,114
Loyal Customers,ZINC FOLKART SLEIGH BELLS,1150
Loyal Customers,ZINC HEART FLOWER T-LIGHT HOLDER,140
Loyal Customers,ZINC HEART LATTICE 2 WALL PLANTER,6
Loyal Customers,ZINC HEART LATTICE CHARGER LARGE,1
Loyal Customers,ZINC HEART LATTICE T-LIGHT HOLDER,284
Loyal Customers,ZINC HEARTS PLANT POT HOLDER,29
Loyal Customers,ZINC HERB GARDEN CONTAINER,97
Loyal Customers,ZINC METAL HEART DECORATION,964
Loyal Customers,ZINC PLANT POT HOLDER,8
Loyal Customers,ZINC SWEETHEART SOAP DISH,9
Loyal Customers,ZINC SWEETHEART WIRE LETTER RACK,60
Loyal Customers,ZINC T-LIGHT HOLDER STAR LARGE,460
Loyal Customers,ZINC T-LIGHT HOLDER STARS SMALL,1762
Loyal Customers,ZINC TOP  2 DOOR WOODEN SHELF ,3
Loyal Customers,ZINC WILLIE WINKIE  CANDLE STICK,263
Loyal Customers,ZINC WIRE KITCHEN ORGANISER,8
Loyal Customers,ZINC WIRE SWEETHEART LETTER TRAY,41
Regular Customers, 4 PURPLE FLOCK DINNER CANDLES,89
Regular Customers, 50'S CHRISTMAS GIFT BAG LARGE,1191
Regular Customers, DOLLY GIRL BEAKER,662
Regular Customers, I LOVE LONDON MINI BACKPACK,161
Regular Customers, NINE DRAWER OFFICE TIDY,49
Regular Customers, OVAL WALL MIRROR DIAMANTE ,62
Regular Customers, RED SPOT GIFT BAG LARGE,956
Regular Customers, SET 2 TEA TOWELS I LOVE LONDON ,1026
Regular Customers, SPACEBOY BABY GIFT SET,223
Regular Customers, TRELLIS COAT RACK,83
Regular Customers,10 COLOUR SPACEBOY PEN,3783
Regular Customers,12 COLOURED PARTY BALLOONS,1393
Regular Customers,12 DAISY PEGS IN WOOD BOX,175
Regular Customers,12 EGG HOUSE PAINTED WOOD,33
Regular Customers,12 HANGING EGGS HAND PAINTED,40
Regular Customers,12 IVORY ROSE PEG PLACE SETTINGS,207
Regular Customers,12 MESSAGE CARDS WITH ENVELOPES,884
Regular Customers,12 PENCIL SMALL TUBE WOODLAND,2317
Regular Customers,12 PENCILS SMALL TUBE RED RETROSPOT,3394
Regular Customers,12 PENCILS SMALL TUBE SKULL,2829
Regular Customers,12 PENCILS TALL TUBE POSY,2664
Regular Customers,12 PENCILS TALL TUBE RED RETROSPOT,1660
Regular Customers,12 PENCILS TALL TUBE SKULLS,1546
Regular Customers,12 PENCILS TALL TUBE WOODLAND,1450
Regular Customers,12 PINK HEN+CHICKS IN BASKET,20
Regular Customers,12 PINK ROSE PEG PLACE SETTINGS,10
Regular Customers,12 RED ROSE PEG PLACE SETTINGS,193
Regular Customers,15 PINK FLUFFY CHICKS IN BOX,10
Regular Customers,15CM CHRISTMAS GLASS BALL 20 LIGHTS,776
Regular Customers,16 PC CUTLERY SET PANTRY DESIGN,4
Regular Customers,16 PIECE CUTLERY SET PANTRY DESIGN,92
Regular Customers,18PC WOODEN CUTLERY SET DISPOSABLE,85
Regular Customers,2 PICTURE BOOK EGGS EASTER BUNNY,97
Regular Customers,2 PICTURE BOOK EGGS EASTER CHICKS,95
Regular Customers,2 PICTURE BOOK EGGS EASTER DUCKS,59
Regular Customers,20 DOLLY PEGS RETROSPOT,1605
Regular Customers,200 BENDY SKULL STRAWS,460
Regular Customers,200 RED + WHITE BENDY STRAWS,309
Regular Customers,3 BIRDS CANVAS SCREEN,1
Regular Customers,3 BLACK CATS W HEARTS BLANK CARD,12
Regular Customers,3 DRAWER ANTIQUE WHITE WOOD CABINET,472
Regular Customers,3 GARDENIA MORRIS BOXED CANDLES,431
Regular Customers,3 HEARTS HANGING DECORATION RUSTIC,1811
Regular Customers,3 HOOK HANGER MAGIC GARDEN,550
Regular Customers,3 HOOK PHOTO SHELF ANTIQUE WHITE,415
Regular Customers,3 PIECE SPACEBOY COOKIE CUTTER SET,1257
Regular Customers,3 PINK HEN+CHICKS IN BASKET,8
Regular Customers,3 RAFFIA RIBBONS 50'S CHRISTMAS ,1277
Regular Customers,3 RAFFIA RIBBONS VINTAGE CHRISTMAS,414
Regular Customers,3 ROSE MORRIS BOXED CANDLES,849
Regular Customers,3 STRIPEY MICE FELTCRAFT,1660
Regular Customers,3 TIER CAKE TIN GREEN AND CREAM,122
Regular Customers,3 TIER CAKE TIN RED AND CREAM,146
Regular Customers,3 TIER SWEETHEART GARDEN SHELF,35
Regular Customers,3 TRADITIONAL COOKIE CUTTERS  SET,6
Regular Customers,3 TRADITIONAl BISCUIT CUTTERS  SET,785
Regular Customers,3 WHITE CHOC MORRIS BOXED CANDLES,714
Regular Customers,3 WICK CHRISTMAS BRIAR CANDLE ,2
Regular Customers,36 DOILIES DOLLY GIRL,420
Regular Customers,36 DOILIES VINTAGE CHRISTMAS,2199
Regular Customers,36 FOIL HEART CAKE CASES,815
Regular Customers,36 FOIL STAR CAKE CASES ,660
Regular Customers,36 PENCILS TUBE POSY,14
Regular Customers,36 PENCILS TUBE RED RETROSPOT,1578
Regular Customers,36 PENCILS TUBE SKULLS,1045
Regular Customers,36 PENCILS TUBE WOODLAND,1126
Regular Customers,3D CHRISTMAS STAMPS STICKERS ,769
Regular Customers,3D DOG PICTURE PLAYING CARDS,224
Regular Customers,3D HEARTS  HONEYCOMB PAPER GARLAND,120
Regular Customers,3D SHEET OF CAT STICKERS,149
Regular Customers,3D SHEET OF DOG STICKERS,207
Regular Customers,3D TRADITIONAL CHRISTMAS STICKERS,1251
Regular Customers,3D VINTAGE CHRISTMAS STICKERS ,1183
Regular Customers,4 BLUE DINNER CANDLES SILVER FLOCK,54
Regular Customers,4 BURGUNDY WINE DINNER CANDLES,13
Regular Customers,4 IVORY DINNER CANDLES SILVER FLOCK,286
Regular Customers,4 LAVENDER BOTANICAL DINNER CANDLES,468
Regular Customers,4 LILY  BOTANICAL DINNER CANDLES,324
Regular Customers,4 PEAR BOTANICAL DINNER CANDLES,619
Regular Customers,4 PINK DINNER CANDLE SILVER FLOCK,76
Regular Customers,4 PINK FLOCK CHRISTMAS BALLS,13
Regular Customers,4 ROSE PINK DINNER CANDLES,123
Regular Customers,4 SKY BLUE DINNER CANDLES,42
Regular Customers,4 TRADITIONAL SPINNING TOPS,2248
Regular Customers,4 VANILLA BOTANICAL CANDLES,561
Regular Customers,4 WILDFLOWER BOTANICAL CANDLES,183
Regular Customers,5 HOOK HANGER MAGIC TOADSTOOL,64
Regular Customers,5 HOOK HANGER RED MAGIC TOADSTOOL,649
Regular Customers,5 STRAND GLASS NECKLACE AMBER,2
Regular Customers,5 STRAND GLASS NECKLACE CRYSTAL,6
Regular Customers,50'S CHRISTMAS PAPER GIFT BAG,901
Regular Customers,50CM METAL STRING WITH  7 CLIPS,44
Regular Customers,6 CHOCOLATE LOVE HEART T-LIGHTS,349
Regular Customers,6 EGG HOUSE PAINTED WOOD,144
Regular Customers,6 GIFT TAGS 50'S CHRISTMAS ,2742
Regular Customers,6 GIFT TAGS VINTAGE CHRISTMAS ,2822
Regular Customers,6 RIBBONS ELEGANT CHRISTMAS ,818
Regular Customers,6 RIBBONS EMPIRE  ,749
Regular Customers,6 RIBBONS RUSTIC CHARM,5083
Regular Customers,6 RIBBONS SHIMMERING PINKS ,595
Regular Customers,6 ROCKET BALLOONS ,1097
Regular Customers,60 CAKE CASES DOLLY GIRL DESIGN,3292
Regular Customers,60 CAKE CASES VINTAGE CHRISTMAS,7533
Regular Customers,60 GOLD AND SILVER FAIRY CAKE CASES,2
Regular Customers,60 TEATIME FAIRY CAKE CASES,10038
Regular Customers,6PC WOOD PLATE SET DISPOSABLE,24
Regular Customers,70'S ALPHABET WALL ART,20
Regular Customers,72 CAKE CASES VINTAGE CHRISTMAS,24
Regular Customers,72 SWEETHEART FAIRY CAKE CASES,7434
Regular Customers,75 BLACK PETIT FOUR CASES,27
Regular Customers,75 GREEN FAIRY CAKE CASES,15
Regular Customers,75 GREEN PETIT FOUR CASES,216
Regular Customers,A PRETTY THANK YOU CARD,270
Regular Customers,A4 WALL TIDY BLUE OFFICE,18
Regular Customers,A4 WALL TIDY RED FLOWERS,9
Regular Customers,ABC TREASURE BOOK BOX ,661
Regular Customers,ABSTRACT CIRCLE JOURNAL ,82
Regular Customers,ABSTRACT CIRCLES POCKET BOOK,138
Regular Customers,ABSTRACT CIRCLES SKETCHBOOK ,75
Regular Customers,ACRYLIC GEOMETRIC LAMP,8
Regular Customers,"ACRYLIC HANGING JEWEL,BLUE",200
Regular Customers,"ACRYLIC HANGING JEWEL,PINK",91
Regular Customers,"ACRYLIC JEWEL ANGEL,PINK",78
Regular Customers,"ACRYLIC JEWEL ICICLE, BLUE",24
Regular Customers,"ACRYLIC JEWEL ICICLE, PINK",138
Regular Customers,"ACRYLIC JEWEL SNOWFLAKE, PINK",35
Regular Customers,ADULT APRON APPLE DELIGHT,83
Regular Customers,ADVENT CALENDAR GINGHAM SACK,410
Regular Customers,AFGHAN SLIPPER SOCK PAIR,90
Regular Customers,AGED GLASS SILVER T-LIGHT HOLDER,5370
Regular Customers,AIRLINE BAG VINTAGE JET SET BROWN,126
Regular Customers,AIRLINE BAG VINTAGE JET SET RED,243
Regular Customers,AIRLINE BAG VINTAGE JET SET WHITE,106
Regular Customers,AIRLINE BAG VINTAGE TOKYO 78,443
Regular Customers,AIRLINE BAG VINTAGE WORLD CHAMPION ,142
Regular Customers,"AIRLINE LOUNGE,METAL SIGN",242
Regular Customers,ALARM CLOCK BAKELIKE CHOCOLATE,834
Regular Customers,ALARM CLOCK BAKELIKE GREEN,2126
Regular Customers,ALARM CLOCK BAKELIKE IVORY,1163
Regular Customers,ALARM CLOCK BAKELIKE ORANGE,863
Regular Customers,ALARM CLOCK BAKELIKE PINK,1720
Regular Customers,ALARM CLOCK BAKELIKE RED ,3089
Regular Customers,ALPHABET HEARTS STICKER SHEET,119
Regular Customers,ALPHABET STENCIL CRAFT,643
Regular Customers,ALUMINIUM HEART,12
Regular Customers,ALUMINIUM STAMPED HEART,523
Regular Customers,AMBER CHUNKY BEAD BRACELET W STRAP,6
Regular Customers,AMBER CHUNKY GLASS+BEAD NECKLACE,4
Regular Customers,AMBER DIAMANTE EXPANDABLE RING,9
Regular Customers,AMBER DROP EARRINGS W LONG BEADS,14
Regular Customers,AMBER GLASS TASSLE BAG CHARM,8
Regular Customers,AMBER GLASS/SILVER BRACELET,9
Regular Customers,AMETHYST CHUNKY BEAD BRACELET W STR,18
Regular Customers,AMETHYST HOOP EARRING FLORAL LEAF,1
Regular Customers,ANGEL DECORATION 3 BUTTONS ,2244
Regular Customers,ANGEL DECORATION PAINTED ZINC ,267
Regular Customers,ANGEL DECORATION STARS ON DRESS,1817
Regular Customers,ANGEL DECORATION WITH LACE PADDED,92
Regular Customers,ANIMAL STICKERS,1487
Regular Customers,ANIMALS AND NATURE WALL ART,66
Regular Customers,ANT COPPER LIME BOUDICCA BRACELET,43
Regular Customers,ANT COPPER PINK BOUDICCA BRACELET,31
Regular Customers,ANT COPPER RED BOUDICCA BRACELET,5
Regular Customers,ANT COPPER TURQ BOUDICCA BRACELET,43
Regular Customers,ANT SILVER FUSCHIA BOUDICCA RING,13
Regular Customers,ANT SILVER LIME GREEN BOUDICCA RING,25
Regular Customers,ANT SILVER PURPLE BOUDICCA RING,9
Regular Customers,ANT SILVER TURQUOISE BOUDICCA RING,6
Regular Customers,ANT WHITE WIRE HEART SPIRAL,107
Regular Customers,ANTIQUE ALL GLASS CANDLESTICK,515
Regular Customers,ANTIQUE CREAM CUTLERY CUPBOARD,9
Regular Customers,ANTIQUE CREAM CUTLERY SHELF ,16
Regular Customers,ANTIQUE GLASS DRESSING TABLE POT,586
Regular Customers,ANTIQUE GLASS HEART DECORATION ,157
Regular Customers,ANTIQUE GLASS PEDESTAL BOWL,415
Regular Customers,ANTIQUE GLASS PLACE SETTING,74
Regular Customers,ANTIQUE HEART SHELF UNIT,228
Regular Customers,ANTIQUE IVORY WIRE BOWL SMALL,59
Regular Customers,ANTIQUE MID BLUE FLOWER EARRINGS,2
Regular Customers,ANTIQUE OLIVE GREEN FLOWER EARRINGS,3
Regular Customers,ANTIQUE OPAL WHITE FLOWER EARRINGS,1
Regular Customers,ANTIQUE SILVER BAUBLE LAMP  ,278
Regular Customers,ANTIQUE SILVER T-LIGHT GLASS,8466
Regular Customers,ANTIQUE SILVER TEA GLASS ENGRAVED,5068
Regular Customers,ANTIQUE SILVER TEA GLASS ETCHED,1288
Regular Customers,ANTIQUE TALL SWIRLGLASS TRINKET POT,563
Regular Customers,APOTHECARY MEASURING JAR,46
Regular Customers,APPLE BATH SPONGE,527
Regular Customers,APRON APPLE DELIGHT,107
Regular Customers,APRON MODERN VINTAGE COTTON,182
Regular Customers,AQUA BERTIE GLASS BEAD BAG CHARM,18
Regular Customers,AREA PATROLLED METAL SIGN,2296
Regular Customers,ARMY CAMO BOOKCOVER TAPE,17
Regular Customers,"ART LIGHTS,FUNK MONKEY",166
Regular Customers,ASS COL CIRCLE MOBILE ,28
Regular Customers,ASS COL LARGE SAND FROG P'WEIGHT,13
Regular Customers,ASS COL SMALL SAND GECKO P'WEIGHT,13
Regular Customers,ASS COLOUR GLOWING TIARAS,123
Regular Customers,ASS DES PHONE SPONGE CRAFT STICKER,206
Regular Customers,ASS FLORAL PRINT MULTI SCREWDRIVER,1761
Regular Customers,ASS FLORAL PRINT SPIRIT LEVEL ,84
Regular Customers,ASSORTED BOTTLE TOP  MAGNETS ,1493
Regular Customers,ASSORTED CAKES FRIDGE MAGNETS,13
Regular Customers,ASSORTED CHEESE FRIDGE MAGNETS,30
Regular Customers,ASSORTED CIRCULAR MOBILE,141
Regular Customers,ASSORTED COLOUR BIRD ORNAMENT,16591
Regular Customers,ASSORTED COLOUR LIZARD SUCTION HOOK,273
Regular Customers,ASSORTED COLOUR METAL CAT ,87
Regular Customers,ASSORTED COLOUR MINI CASES,752
Regular Customers,ASSORTED COLOUR SILK GLASSES CASE,3
Regular Customers,ASSORTED COLOUR SUCTION CUP HOOK,195
Regular Customers,ASSORTED COLOUR T-LIGHT HOLDER,2742
Regular Customers,ASSORTED COLOURED CIRCLE MOBILE ,63
Regular Customers,ASSORTED COLOURS SILK FAN,10020
Regular Customers,ASSORTED CREEPY CRAWLIES,1898
Regular Customers,ASSORTED EASTER DECORATIONS  BELLS,132
Regular Customers,ASSORTED EASTER GIFT TAGS,538
Regular Customers,ASSORTED FARMYARD ANIMALS IN BUCKET,26
Regular Customers,"ASSORTED FLOWER COLOUR ""LEIS""",5257
Regular Customers,ASSORTED INCENSE PACK,1368
Regular Customers,ASSORTED LAQUERED INCENSE HOLDERS,2271
Regular Customers,ASSORTED MINI MADRAS NOTEBOOK,468
Regular Customers,ASSORTED MONKEY SUCTION CUP HOOK,131
Regular Customers,ASSORTED SANSKRIT MINI NOTEBOOK,37
Regular Customers,ASSORTED SHAPES PHOTO CLIP SILVER ,353
Regular Customers,ASSORTED TUTTI FRUTTI  FOB NOTEBOOK,337
Regular Customers,ASSORTED TUTTI FRUTTI BRACELET,1534
Regular Customers,ASSORTED TUTTI FRUTTI HEART BOX,137
Regular Customers,ASSORTED TUTTI FRUTTI KEYRING BALL,797
Regular Customers,ASSORTED TUTTI FRUTTI LARGE PURSE,74
Regular Customers,ASSORTED TUTTI FRUTTI MIRROR,182
Regular Customers,ASSORTED TUTTI FRUTTI NOTEBOOK,148
Regular Customers,ASSORTED TUTTI FRUTTI PEN,1983
Regular Customers,ASSORTED TUTTI FRUTTI SMALL PURSE,424
Regular Customers,ASSTD COL BUTTERFLY/CRYSTAL W/CHIME,14
Regular Customers,ASSTD DESIGN 3D PAPER STICKERS,733
Regular Customers,ASSTD DESIGN RACING CAR PEN,613
Regular Customers,ASSTD FRUIT+FLOWERS FRIDGE MAGNETS,1194
Regular Customers,ASSTD MULTICOLOUR CIRCLES MUG,888
Regular Customers,ASSTD RASTA KEY-CHAINS,8
Regular Customers,BABUSHKA LIGHTS STRING OF 10,242
Regular Customers,BABY BOOM RIBBONS ,286
Regular Customers,BABY MOUSE RED GINGHAM DRESS,64
Regular Customers,BAG 125g SWIRLY MARBLES,6330
Regular Customers,BAG 250g SWIRLY MARBLES,1981
Regular Customers,BAG 500g SWIRLY MARBLES,911
Regular Customers,BAG OF SILVER STONES,39
Regular Customers,BAKING MOULD CHOCOLATE CUPCAKES,533
Regular Customers,BAKING MOULD CUPCAKE CHOCOLATE,12
Regular Customers,BAKING MOULD EASTER EGG MILK CHOC,242
Regular Customers,BAKING MOULD EASTER EGG WHITE CHOC,197
Regular Customers,BAKING MOULD HEART MILK CHOCOLATE,410
Regular Customers,BAKING MOULD HEART WHITE CHOCOLATE,258
Regular Customers,BAKING MOULD ROSE MILK CHOCOLATE,211
Regular Customers,BAKING MOULD ROSE WHITE CHOCOLATE,66
Regular Customers,BAKING MOULD TOFFEE CUP  CHOCOLATE,6
Regular Customers,BAKING MOULD TOFFEE CUP CHOCOLATE,105
Regular Customers,BAKING SET 9 PIECE RETROSPOT ,2482
Regular Customers,BAKING SET SPACEBOY DESIGN,1143
Regular Customers,BALLOON ART MAKE YOUR OWN FLOWERS,484
Regular Customers,BALLOON PUMP WITH 10 BALLOONS,535
Regular Customers,BALLOON WATER BOMB PACK OF 35,1390
Regular Customers,BALLOONS  WRITING SET ,594
Regular Customers,BANK ACCOUNT  GREETING  CARD ,120
Regular Customers,BANQUET BIRTHDAY  CARD  ,876
Regular Customers,BAROQUE BUTTERFLY EARRINGS BLACK,1
Regular Customers,BAROQUE BUTTERFLY EARRINGS CRYSTAL,1
Regular Customers,BASKET OF FLOWERS SEWING KIT,306
Regular Customers,BASKET OF TOADSTOOLS,747
Regular Customers,BATH BUILDING BLOCK WORD,372
Regular Customers,BATHROOM HOOK,108
Regular Customers,BATHROOM METAL SIGN,1935
Regular Customers,BATHROOM METAL SIGN ,62
Regular Customers,BATHROOM SCALES FOOTPRINTS IN SAND,22
Regular Customers,BATHROOM SCALES RUBBER DUCKS,13
Regular Customers,"BATHROOM SCALES, TROPICAL BEACH",10
Regular Customers,BATHROOM SET LOVE HEART DESIGN,31
Regular Customers,BEACH HUT DESIGN BLACKBOARD,21
Regular Customers,BEACH HUT KEY CABINET,9
Regular Customers,BEACH HUT MIRROR,36
Regular Customers,BEACH HUT SHELF W 3 DRAWERS,59
Regular Customers,BEADED CHANDELIER T-LIGHT HOLDER,121
Regular Customers,BEADED CRYSTAL HEART BLUE  LARGE,283
Regular Customers,BEADED CRYSTAL HEART BLUE ON STICK,30
Regular Customers,BEADED CRYSTAL HEART BLUE SMALL,28
Regular Customers,BEADED CRYSTAL HEART GREEN LARGE,475
Regular Customers,BEADED CRYSTAL HEART GREEN ON STICK,6
Regular Customers,BEADED CRYSTAL HEART GREEN SMALL,32
Regular Customers,BEADED CRYSTAL HEART PINK LARGE,291
Regular Customers,BEADED CRYSTAL HEART PINK ON STICK,30
Regular Customers,BEADED CRYSTAL HEART PINK SMALL,67
Regular Customers,BEADED LOVE HEART JEWELLERY SET,10
Regular Customers,BEADED PEARL HEART WHITE LARGE,14
Regular Customers,BEADED PEARL HEART WHITE ON STICK,191
Regular Customers,BELL HEART DECORATION,60
Regular Customers,BELLE JARDINIERE CUSHION COVER,510
Regular Customers,BEST DAD CANDLE LETTERS,28
Regular Customers,BEWARE OF THE CAT METAL SIGN ,1589
Regular Customers,BICYCLE PUNCTURE REPAIR KIT ,1128
Regular Customers,BICYCLE SAFTEY WALL ART,110
Regular Customers,BIG DOUGHNUT FRIDGE MAGNETS,518
Regular Customers,BIG POLKADOT MUG,6
Regular Customers,BILI NUT AND WOOD NECKLACE,36
Regular Customers,BINGO SET,803
Regular Customers,BIRD BOX CHRISTMAS TREE DECORATION,5
Regular Customers,BIRD DECORATION GREEN POLKADOT,184
Regular Customers,BIRD DECORATION RED RETROSPOT,510
Regular Customers,BIRD HOUSE HOT WATER BOTTLE,427
Regular Customers,BIRDCAGE DECORATION TEALIGHT HOLDER,496
Regular Customers,BIRDHOUSE DECORATION MAGIC GARDEN,297
Regular Customers,BIRDHOUSE GARDEN MARKER ,385
Regular Customers,BIRDS MOBILE VINTAGE DESIGN,120
Regular Customers,BIRTHDAY BANQUET GIFT WRAP,575
Regular Customers,"BIRTHDAY CARD, RETRO SPOT",1164
Regular Customers,BIRTHDAY PARTY CORDON BARRIER TAPE,267
Regular Customers,BISCUIT TIN 50'S CHRISTMAS,1134
Regular Customers,BISCUIT TIN VINTAGE CHRISTMAS,1116
Regular Customers,BISCUIT TIN VINTAGE GREEN,125
Regular Customers,BISCUIT TIN VINTAGE RED,216
Regular Customers,BISCUITS SMALL BOWL LIGHT BLUE,319
Regular Customers,BLACK AND WHITE CAT BOWL,181
Regular Customers,BLACK AND WHITE DOG BOWL,205
Regular Customers,BLACK BAROQUE CARRIAGE CLOCK,2
Regular Customers,BLACK BAROQUE WALL CLOCK ,3
Regular Customers,BLACK BIRD GARDEN DESIGN MUG,63
Regular Customers,BLACK CANDELABRA T-LIGHT HOLDER,307
Regular Customers,BLACK CHAMPAGNE GLASS,651
Regular Customers,BLACK CHRISTMAS TREE 120CM,178
Regular Customers,BLACK CHRISTMAS TREE 60CM,239
Regular Customers,BLACK CHUNKY BEAD BRACELET W STRAP,7
Regular Customers,BLACK CRYSTAL DROP EARRINGS,7
Regular Customers,BLACK DIAMANTE EXPANDABLE RING,6
Regular Customers,BLACK DIAMOND CLUSTER NECKLACE,2
Regular Customers,BLACK DINER WALL CLOCK,23
Regular Customers,BLACK DROP CRYSTAL NECKLACE,12
Regular Customers,BLACK EAR MUFF HEADPHONES,23
Regular Customers,BLACK ENAMEL FLOWER RING,45
Regular Customers,BLACK ENCHANTED FOREST PLACEMAT,478
Regular Customers,BLACK FEATHER CHRISTMAS DECORATION,47
Regular Customers,BLACK FINE BEAD NECKLACE W TASSEL,1
Regular Customers,BLACK GEMSTONE BRACELET,2
Regular Customers,BLACK GEMSTONE NECKLACE 45CM,3
Regular Customers,BLACK GLASS BRACELET W HEART CHARMS,3
Regular Customers,BLACK GRAND BAROQUE PHOTO FRAME,38
Regular Customers,BLACK HEART CARD HOLDER,339
Regular Customers,BLACK KITCHEN SCALES,254
Regular Customers,BLACK LOVE BIRD CANDLE,120
Regular Customers,BLACK LOVE BIRD T-LIGHT HOLDER,18
Regular Customers,BLACK MEDIUM GLASS CAKE STAND,9
Regular Customers,BLACK MINI TAPE MEASURE ,21
Regular Customers,BLACK ORANGE SQUEEZER,45
Regular Customers,BLACK PHOTO ALBUM ,13
Regular Customers,BLACK PIRATE TREASURE CHEST,370
Regular Customers,BLACK RECORD COVER FRAME,2871
Regular Customers,BLACK SIL'T SQU CANDLE PLATE ,16
Regular Customers,BLACK SILOUETTE CANDLE PLATE,64
Regular Customers,BLACK SMALL GLASS CAKE STAND,21
Regular Customers,BLACK SQUARE TABLE CLOCK,79
Regular Customers,BLACK STITCHED WALL CLOCK,148
Regular Customers,BLACK SWEETHEART BRACELET,42
Regular Customers,BLACK TEA TOWEL CLASSIC DESIGN,510
Regular Customers,"BLACK TEA,COFFEE,SUGAR JARS",241
Regular Customers,BLACK VINT ART DEC CRYSTAL BRACELET,1
Regular Customers,BLACK VINT ART DEC CRYSTAL NECKLACE,6
Regular Customers,BLACK VINTAGE  CRYSTAL EARRINGS,7
Regular Customers,BLACK WINE GLASS,1070
Regular Customers,BLACK+WHITE NECKLACE W TASSEL,8
Regular Customers,BLACK/BLUE POLKADOT UMBRELLA,659
Regular Customers,BLACK/WHITE GLASS/SILVER BRACELET,6
Regular Customers,BLACKCHRISTMAS TREE 30CM,1
Regular Customers,BLING KEY RING STAND,5
Regular Customers,BLOND DOLL DOORSTOP,73
Regular Customers,BLOSSOM  IMAGES NOTEBOOK SET,346
Regular Customers,BLOSSOM IMAGES GIFT WRAP SET,525
Regular Customers,BLOSSOM IMAGES SCRAP BOOK SET,1
Regular Customers,BLUE  DIAMANTE PEN IN GIFT BOX,13
Regular Customers,BLUE  TILE HOOK,32
Regular Customers,BLUE  VOILE LAMPSHADE,14
Regular Customers,BLUE & WHITE BREAKFAST TRAY,35
Regular Customers,BLUE 3 PIECE POLKADOT CUTLERY SET,680
Regular Customers,BLUE BIRDHOUSE DECORATION,212
Regular Customers,BLUE BLOSSOM HAIR CLIP,39
Regular Customers,BLUE BREAKFAST CUP AND SAUCER ,1
Regular Customers,BLUE BUNNY EASTER EGG BASKET,12
Regular Customers,BLUE CALCULATOR RULER,363
Regular Customers,BLUE CAT BISCUIT BARREL PINK HEART,14
Regular Customers,BLUE CHARLIE+LOLA PERSONAL DOORSIGN,614
Regular Customers,BLUE CHECK BAG W HANDLE 34X20CM,7
Regular Customers,BLUE CHENILLE SHAGGY CUSHION COVER ,17
Regular Customers,BLUE CIRCLES DESIGN MONKEY DOLL,28
Regular Customers,BLUE CIRCLES DESIGN TEDDY,26
Regular Customers,BLUE CLIMBING HYDRANGA ART FLOWER,14
Regular Customers,BLUE COAT RACK PARIS FASHION,218
Regular Customers,BLUE CRUSOE CHECK LAMPSHADE,1
Regular Customers,BLUE CUSHION COVER WITH FLOWER,18
Regular Customers,BLUE DAISY MOBILE,38
Regular Customers,BLUE DELPHINIUM ARTIFICIAL FLOWER,51
Regular Customers,BLUE DINER WALL CLOCK,449
Regular Customers,BLUE DISCO HANDBAG,21
Regular Customers,BLUE DRAGONFLY HELICOPTER,29
Regular Customers,BLUE DRAWER KNOB ACRYLIC EDWARDIAN,830
Regular Customers,BLUE EASTER EGG HUNT START POST,6
Regular Customers,BLUE EGG  SPOON,1224
Regular Customers,BLUE FELT EASTER EGG BASKET,141
Regular Customers,BLUE FELT HANGING HEART WITH FLOWER,6
Regular Customers,BLUE FLOCK CUSHION COVER ,4
Regular Customers,BLUE FLOCK GLASS CANDLEHOLDER,108
Regular Customers,BLUE FLOWER DES PURSE,29
Regular Customers,BLUE FLY SWAT,92
Regular Customers,BLUE GEISHA GIRL ,15
Regular Customers,BLUE GIANT GARDEN THERMOMETER,225
Regular Customers,BLUE GLASS CHUNKY CHARM BRACELET,8
Regular Customers,BLUE GLASS GEMS IN BAG,101
Regular Customers,BLUE GREEN EMBROIDERY COSMETIC BAG,1
Regular Customers,BLUE HANGING GINGHAM EASTER HEN,26
Regular Customers,BLUE HAPPY BIRTHDAY BUNTING,681
Regular Customers,BLUE HARMONICA IN BOX ,4330
Regular Customers,BLUE HEART COMPACT MIRROR,116
Regular Customers,BLUE HOLE PUNCH,11
Regular Customers,BLUE JUICY FRUIT PHOTO FRAME,57
Regular Customers,BLUE KNITTED EGG COSY,100
Regular Customers,BLUE KNITTED HEN ,46
Regular Customers,BLUE LEAVES AND BEADS PHONE CHARM,1
Regular Customers,BLUE MURANO TWIST BRACELET,20
Regular Customers,BLUE MURANO TWIST NECKLACE,3
Regular Customers,BLUE NETTING STORAGE HANGER,7
Regular Customers,BLUE NEW BAROQUE CANDLESTICK CANDLE,312
Regular Customers,BLUE NEW BAROQUE FLOCK CANDLESTICK,1
Regular Customers,BLUE ORGANDY ROUND LAMPSHADE W BEA,11
Regular Customers,BLUE OWL SOFT TOY,301
Regular Customers,BLUE PAINTED KASHMIRI CHAIR,3
Regular Customers,BLUE PAISLEY JOURNAL ,163
Regular Customers,BLUE PAISLEY NOTEBOOK,35
Regular Customers,BLUE PAISLEY POCKET BOOK,209
Regular Customers,BLUE PAISLEY SKETCHBOOK,46
Regular Customers,BLUE PAISLEY TISSUE BOX,429
Regular Customers,BLUE PAPER PARASOL ,129
Regular Customers,BLUE PARTY BAGS ,349
Regular Customers,BLUE PATCH PURSE PINK HEART,38
Regular Customers,BLUE POLKADOT BEAKER ,1660
Regular Customers,BLUE POLKADOT BOWL,1175
Regular Customers,BLUE POLKADOT COFFEE MUG,1047
Regular Customers,BLUE POLKADOT CUP,1068
Regular Customers,BLUE POLKADOT EGG CUP ,558
Regular Customers,BLUE POLKADOT GARDEN PARASOL,96
Regular Customers,BLUE POLKADOT KIDS BAG,126
Regular Customers,BLUE POLKADOT LUGGAGE TAG ,101
Regular Customers,BLUE POLKADOT PASSPORT COVER,177
Regular Customers,BLUE POLKADOT PLATE ,814
Regular Customers,BLUE POLKADOT PUDDING BOWL,8
Regular Customers,BLUE POLKADOT PURSE ,1
Regular Customers,BLUE POLKADOT WASHING UP GLOVES,187
Regular Customers,BLUE POLKADOT WRAP,4350
Regular Customers,BLUE POT PLANT CANDLE ,181
Regular Customers,BLUE PUDDING SPOON,674
Regular Customers,BLUE REFECTORY CLOCK ,97
Regular Customers,BLUE RETRO KITCHEN WALL CLOCK,29
Regular Customers,BLUE ROSE FABRIC MIRROR,349
Regular Customers,BLUE ROSE PATCH PURSE PINK BUTTERFL,30
Regular Customers,BLUE ROUND COMPACT MIRROR,58
Regular Customers,BLUE SAVANNAH PICNIC HAMPER FOR 2,32
Regular Customers,BLUE SCANDINAVIAN PAISLEY WRAP,700
Regular Customers,BLUE SCOTTIE DOG W FLOWER PATTERN,104
Regular Customers,BLUE SHARK HELICOPTER,1
Regular Customers,BLUE SPOT CERAMIC DRAWER KNOB,1992
Regular Customers,BLUE SQUARE COMPACT MIRROR,39
Regular Customers,BLUE STONES ON WIRE FOR CANDLE,274
Regular Customers,BLUE STRIPE CERAMIC DRAWER KNOB,2250
Regular Customers,BLUE SWEETHEART BRACELET,16
Regular Customers,BLUE TABLE RUN FLOWER,43
Regular Customers,BLUE TEA TOWEL CLASSIC DESIGN,159
Regular Customers,BLUE TEATIME PRINT BOWL ,2
Regular Customers,BLUE TILED TRAY,7
Regular Customers,BLUE TRAVEL FIRST AID KIT,21
Regular Customers,BLUE TV TRAY TABLE ,2
Regular Customers,BLUE VICTORIAN FABRIC OVAL BOX,240
Regular Customers,BLUE VINTAGE SPOT BEAKER,862
Regular Customers,BLUE WHITE PLASTIC RINGS LAMPSHADE,12
Regular Customers,BLUE WIRE SPIRAL CANDLE HOLDER,9
Regular Customers,BLUE/CREAM STRIPE CUSHION COVER ,289
Regular Customers,BLUE/GREEN SHELL NECKLACE W PENDANT,1
Regular Customers,BLUE/NAT SHELL NECKLACE W PENDANT,1
Regular Customers,BLUE/YELLOW CERAMIC CANDLE HOLDER,4
Regular Customers,BLUE/YELLOW FLOWER DESIGN BIG MUG,19
Regular Customers,BOHEMIAN COLLAGE STATIONERY SET,316
Regular Customers,BOOM BOX SPEAKER BOYS,142
Regular Customers,BOOM BOX SPEAKER GIRLS,82
Regular Customers,BOOZE & WOMEN GREETING CARD ,312
Regular Customers,BOTANICAL GARDENS WALL CLOCK ,104
Regular Customers,BOTANICAL LAVENDER BIRTHDAY CARD,288
Regular Customers,BOTANICAL LAVENDER GIFT WRAP ,350
Regular Customers,BOTANICAL LILY GIFT WRAP,200
Regular Customers,BOTANICAL LILY GREETING CARD,240
Regular Customers,BOTANICAL ROSE GIFT WRAP,550
Regular Customers,BOTANICAL ROSE GREETING CARD,192
Regular Customers,BOTTLE BAG RETROSPOT ,469
Regular Customers,BOUDOIR SQUARE TISSUE BOX,1282
Regular Customers,BOX OF 24 COCKTAIL PARASOLS,2841
Regular Customers,BOX OF 6 ASSORTED COLOUR TEASPOONS,226
Regular Customers,BOX OF 6 CHRISTMAS CAKE DECORATIONS,631
Regular Customers,BOX OF 6 MINI 50'S CRACKERS,2011
Regular Customers,BOX OF 6 MINI VINTAGE CRACKERS,1783
Regular Customers,BOX OF 9 PEBBLE CANDLES,184
Regular Customers,BOX OF VINTAGE ALPHABET BLOCKS,548
Regular Customers,BOX OF VINTAGE JIGSAW BLOCKS ,525
Regular Customers,BOX/12 CHICK & EGG IN BASKET,36
Regular Customers,BOYS ALPHABET IRON ON PATCHES,864
Regular Customers,BOYS VINTAGE TIN SEASIDE BUCKET,667
Regular Customers,BREAD BIN DINER STYLE IVORY,451
Regular Customers,BREAD BIN DINER STYLE MINT,133
Regular Customers,BREAD BIN DINER STYLE PINK,99
Regular Customers,BREAD BIN DINER STYLE RED ,261
Regular Customers,BRIGHT BLUES RIBBONS ,388
Regular Customers,BROCADE RING PURSE ,9866
Regular Customers,BROCANTE COAT RACK,57
Regular Customers,BROCANTE SHELF WITH HOOKS,98
Regular Customers,BROWN  PIRATE TREASURE CHEST ,181
Regular Customers,BROWN CHECK CAT DOORSTOP ,141
Regular Customers,BROWN KUKUI COCONUT SEED NECKLACE,62
Regular Customers,BUBBLEGUM RING ASSORTED,7952
Regular Customers,BUFFALO BILL TREASURE BOOK BOX,322
Regular Customers,BUFFALO BILL WALL ART ,54
Regular Customers,BULL DOG BOTTLE OPENER,441
Regular Customers,BULL DOG BOTTLE TOP WALL CLOCK,125
Regular Customers,BUNDLE OF 3 ALPHABET EXERCISE BOOKS,1516
Regular Customers,BUNDLE OF 3 RETRO EXERCISE BOOKS,36
Regular Customers,BUNDLE OF 3 RETRO NOTE BOOKS,1210
Regular Customers,BUNDLE OF 3 SCHOOL EXERCISE BOOKS  ,992
Regular Customers,BUNNY DECORATION MAGIC GARDEN,234
Regular Customers,BUNNY EGG BOX,129
Regular Customers,BUNNY EGG GARLAND,210
Regular Customers,BUNNY WOODEN PAINTED WITH BIRD ,533
Regular Customers,BUNNY WOODEN PAINTED WITH FLOWER ,325
Regular Customers,"BUNTING , SPOTTY ",75
Regular Customers,BUTTERFLIES STICKERS,372
Regular Customers,BUTTERFLY CROCHET FOOD COVER,82
Regular Customers,BUTTERFLY CUSHION COVER,4
Regular Customers,BUTTERFLY HAIR BAND,1
Regular Customers,BUTTON BOX ,397
Regular Customers,BUTTONS AND STRIPES NOTEBOOK ,10
Regular Customers,Bank Charges,6
Regular Customers,CABIN BAG VINTAGE PAISLEY,24
Regular Customers,CABIN BAG VINTAGE RETROSPOT,96
Regular Customers,CACTI T-LIGHT CANDLES,4412
Regular Customers,CAKE PLATE LOVEBIRD PINK,106
Regular Customers,CAKE PLATE LOVEBIRD WHITE,339
Regular Customers,CAKE SHOP  STICKER SHEET,38
Regular Customers,CAKE STAND 3 TIER MAGIC GARDEN,149
Regular Customers,CAKE STAND LOVEBIRD 2 TIER PINK,81
Regular Customers,CAKE STAND LOVEBIRD 2 TIER WHITE,148
Regular Customers,CAKE STAND VICTORIAN FILIGREE LARGE,6
Regular Customers,CAKE STAND VICTORIAN FILIGREE MED,31
Regular Customers,CAKE STAND VICTORIAN FILIGREE SMALL,151
Regular Customers,CAKE STAND WHITE TWO TIER LACE,252
Regular Customers,CAKES AND BOWS GIFT  TAPE,378
Regular Customers,CAKES AND RABBITS DESIGN FLANNEL ,21
Regular Customers,CALENDAR FAMILY FAVOURITES,65
Regular Customers,CALENDAR IN SEASON DESIGN,117
Regular Customers,CALENDAR PAPER CUT DESIGN,770
Regular Customers,CAMOUFLAGE DESIGN TEDDY,15
Regular Customers,CAMOUFLAGE EAR MUFF HEADPHONES,28
Regular Customers,CAMOUFLAGE LED TORCH,1984
Regular Customers,CAMPHOR WOOD PORTOBELLO MUSHROOM,106
Regular Customers,CANDLE HOLDER SILVER MADELINE,144
Regular Customers,CANDLE PLATE LACE WHITE,44
Regular Customers,CANDLEHOLDER PINK HANGING HEART,1005
Regular Customers,CANDY HEART HANGING DECORATION,329
Regular Customers,CANDY SHOP  STICKER SHEET,69
Regular Customers,CANDY SPOT BUNNY,8
Regular Customers,CANDY SPOT CUSHION COVER,26
Regular Customers,CANDY SPOT EGG WARMER HARE,379
Regular Customers,CANDY SPOT EGG WARMER RABBIT,375
Regular Customers,CANDY SPOT HAND BAG,146
Regular Customers,CANDY SPOT HEART DECORATION,33
Regular Customers,CANDY SPOT TEA COSY,3
Regular Customers,CANNABIS LEAF BEAD CURTAIN,12
Regular Customers,CAPIZ CHANDELIER,1
Regular Customers,CARAVAN SQUARE TISSUE BOX,1193
Regular Customers,CARD BILLBOARD FONT,3325
Regular Customers,CARD BIRTHDAY COWBOY,1410
Regular Customers,CARD CAT AND TREE ,792
Regular Customers,CARD CHRISTMAS VILLAGE,2382
Regular Customers,CARD CIRCUS PARADE,1848
Regular Customers,CARD DOG AND BALL ,786
Regular Customers,CARD DOLLY GIRL ,1868
Regular Customers,CARD GINGHAM ROSE ,1668
Regular Customers,CARD HOLDER GINGHAM HEART,515
Regular Customers,CARD HOLDER LOVE BIRD LARGE ,134
Regular Customers,CARD HOLDER LOVE BIRD SMALL,188
Regular Customers,CARD I LOVE LONDON ,1311
Regular Customers,CARD MOTORBIKE SANTA,2694
Regular Customers,CARD PARTY GAMES ,780
Regular Customers,CARD PSYCHEDELIC APPLES,1212
Regular Customers,CARD SUKI BIRTHDAY,1068
Regular Customers,CARD WEDDING DAY,834
Regular Customers,CARDHOLDER GINGHAM CHRISTMAS TREE,205
Regular Customers,CARDHOLDER GINGHAM STAR,228
Regular Customers,CARDHOLDER HOLLY WREATH METAL,289
Regular Customers,CARNIVAL BRACELET,15
Regular Customers,CAROUSEL DESIGN WASHBAG,49
Regular Customers,CAROUSEL PONIES BABY BIB,23
Regular Customers,CARRIAGE,23
Regular Customers,CARROT CHARLIE+LOLA COASTER SET,248
Regular Customers,CARTOON  PENCIL SHARPENERS,1745
Regular Customers,CAST IRON HOOK GARDEN FORK,44
Regular Customers,CAST IRON HOOK GARDEN TROWEL,50
Regular Customers,CAT AND BIRD WALL ART,6
Regular Customers,CAT BOWL VINTAGE CREAM,245
Regular Customers,CAT WITH SUNGLASSES BLANK CARD,5
Regular Customers,CD WALL TIDY BLUE OFFICE,48
Regular Customers,CD WALL TIDY RED FLOWERS,60
Regular Customers,CERAMIC BIRDHOUSE CRESTED TIT SMALL,52
Regular Customers,CERAMIC BOWL WITH LOVE HEART DESIGN,216
Regular Customers,CERAMIC BOWL WITH STRAWBERRY DESIGN,291
Regular Customers,CERAMIC CAKE BOWL + HANGING CAKES,351
Regular Customers,CERAMIC CAKE DESIGN SPOTTED MUG,860
Regular Customers,CERAMIC CAKE DESIGN SPOTTED PLATE,442
Regular Customers,CERAMIC CAKE STAND + HANGING CAKES,300
Regular Customers,CERAMIC CHERRY CAKE MONEY BANK,1380
Regular Customers,CERAMIC HEART FAIRY CAKE MONEY BANK,1089
Regular Customers,CERAMIC LOVE HEART MONEY BANK,432
Regular Customers,CERAMIC PIRATE CHEST MONEY BANK,535
Regular Customers,CERAMIC PLATE STRAWBERRY DESIGN,295
Regular Customers,CERAMIC STRAWBERRY CAKE MONEY BANK,1880
Regular Customers,CERAMIC STRAWBERRY DESIGN MUG,935
Regular Customers,CERAMIC STRAWBERRY MONEY BOX,141
Regular Customers,CERAMIC STRAWBERRY TRINKET TRAY,35
Regular Customers,CHAMBRE HOOK,118
Regular Customers,CHAMPAGNE TRAY BLANK CARD,8
Regular Customers,CHARLIE & LOLA WASTEPAPER BIN BLUE,328
Regular Customers,CHARLIE & LOLA WASTEPAPER BIN FLORA,414
Regular Customers,CHARLIE + LOLA BISCUITS TINS,224
Regular Customers,CHARLIE + LOLA RED HOT WATER BOTTLE,301
Regular Customers,CHARLIE AND LOLA CHARLOTTE BAG,34
Regular Customers,CHARLIE AND LOLA FIGURES TINS,910
Regular Customers,CHARLIE AND LOLA TABLE TINS,270
Regular Customers,CHARLIE LOLA BLUE HOT WATER BOTTLE ,58
Regular Customers,CHARLIE+LOLA MY ROOM DOOR SIGN,236
Regular Customers,CHARLIE+LOLA PINK HOT WATER BOTTLE,249
Regular Customers,CHARLIE+LOLA RED HOT WATER BOTTLE ,81
Regular Customers,"CHARLIE+LOLA""EXTREMELY BUSY"" SIGN",373
Regular Customers,CHARLOTTE BAG ALPHABET  DESIGN,140
Regular Customers,CHARLOTTE BAG APPLES DESIGN,2904
Regular Customers,CHARLOTTE BAG DOLLY GIRL DESIGN,1765
Regular Customers,CHARLOTTE BAG PINK POLKADOT,2971
Regular Customers,CHARLOTTE BAG SUKI DESIGN,3425
Regular Customers,CHARLOTTE BAG VINTAGE ALPHABET ,1749
Regular Customers,CHERRY BLOSSOM  DECORATIVE FLASK,244
Regular Customers,CHERRY BLOSSOM CANVAS ART PICTURE,8
Regular Customers,CHERRY BLOSSOM DECORATIVE FLASK,91
Regular Customers,CHERRY BLOSSOM LUGGAGE TAG,31
Regular Customers,CHERRY BLOSSOM PASSPORT COVER,68
Regular Customers,CHERRY BLOSSOM PURSE,1
Regular Customers,CHERRY BLOSSOM TABLE CLOCK ,6
Regular Customers,CHERRY CROCHET FOOD COVER,111
Regular Customers,CHERUB HEART DECORATION GOLD,417
Regular Customers,CHERUB HEART DECORATION SILVER ,462
Regular Customers,CHEST 7 DRAWER MA CAMPAGNE,15
Regular Customers,CHEST NATURAL WOOD 20 DRAWERS,9
Regular Customers,CHEST OF DRAWERS GINGHAM HEART ,59
Regular Customers,CHICK GREY HOT WATER BOTTLE,769
Regular Customers,CHILDREN'S APRON DOLLY GIRL ,868
Regular Customers,CHILDREN'S CIRCUS PARADE MUG,470
Regular Customers,CHILDREN'S SPACEBOY MUG,896
Regular Customers,CHILDRENS APRON APPLES DESIGN,1250
Regular Customers,CHILDRENS APRON SPACEBOY DESIGN,1683
Regular Customers,CHILDRENS CUTLERY CIRCUS PARADE,446
Regular Customers,CHILDRENS CUTLERY DOLLY GIRL ,807
Regular Customers,CHILDRENS CUTLERY POLKADOT BLUE,1762
Regular Customers,CHILDRENS CUTLERY POLKADOT GREEN ,755
Regular Customers,CHILDRENS CUTLERY POLKADOT PINK,2382
Regular Customers,CHILDRENS CUTLERY RETROSPOT RED ,939
Regular Customers,CHILDRENS CUTLERY SPACEBOY ,1002
Regular Customers,CHILDRENS DOLLY GIRL MUG,715
Regular Customers,CHILDRENS GARDEN GLOVES BLUE,205
Regular Customers,CHILDRENS GARDEN GLOVES PINK,102
Regular Customers,CHILDRENS TOY COOKING UTENSIL SET,420
Regular Customers,CHILDS BREAKFAST SET CIRCUS PARADE,338
Regular Customers,CHILDS BREAKFAST SET DOLLY GIRL ,335
Regular Customers,CHILDS BREAKFAST SET SPACEBOY ,456
Regular Customers,CHILDS GARDEN BRUSH BLUE,145
Regular Customers,CHILDS GARDEN BRUSH PINK,167
Regular Customers,CHILDS GARDEN FORK BLUE ,403
Regular Customers,CHILDS GARDEN FORK PINK,431
Regular Customers,CHILDS GARDEN RAKE BLUE,72
Regular Customers,CHILDS GARDEN RAKE PINK,80
Regular Customers,CHILDS GARDEN SPADE BLUE,126
Regular Customers,CHILDS GARDEN SPADE PINK,106
Regular Customers,CHILDS GARDEN TROWEL BLUE ,319
Regular Customers,CHILDS GARDEN TROWEL PINK,284
Regular Customers,CHILLI LIGHTS,3243
Regular Customers,CHINESE DRAGON PAPER LANTERNS,1204
Regular Customers,CHOC TRUFFLE GOLD TRINKET POT ,288
Regular Customers,CHOCOLATE 1 WICK MORRIS BOX CANDLE,121
Regular Customers,CHOCOLATE 3 WICK MORRIS BOX CANDLE,381
Regular Customers,CHOCOLATE BOX RIBBONS ,999
Regular Customers,CHOCOLATE CALCULATOR,523
Regular Customers,CHOCOLATE HOT WATER BOTTLE,3292
Regular Customers,CHOCOLATE THIS WAY METAL SIGN,1554
Regular Customers,CHRISTMAS CARD SCREEN PRINT ,924
Regular Customers,CHRISTMAS CARD SINGING ANGEL,288
Regular Customers,CHRISTMAS CARD STACK OF PRESENTS,636
Regular Customers,CHRISTMAS CRAFT LITTLE FRIENDS,2633
Regular Customers,CHRISTMAS CRAFT TREE TOP ANGEL,1878
Regular Customers,CHRISTMAS CRAFT WHITE FAIRY ,2459
Regular Customers,CHRISTMAS DECOUPAGE CANDLE,1391
Regular Customers,"CHRISTMAS GARLAND STARS,TREES",85
Regular Customers,CHRISTMAS GINGHAM HEART,227
Regular Customers,CHRISTMAS GINGHAM STAR,1117
Regular Customers,CHRISTMAS GINGHAM TREE,1013
Regular Customers,CHRISTMAS HANGING HEART WITH BELL,190
Regular Customers,CHRISTMAS HANGING SNOWFLAKE,437
Regular Customers,CHRISTMAS HANGING STAR WITH BELL,3955
Regular Customers,CHRISTMAS HANGING TREE WITH BELL,1289
Regular Customers,CHRISTMAS LIGHTS 10 REINDEER,618
Regular Customers,CHRISTMAS LIGHTS 10 SANTAS ,345
Regular Customers,CHRISTMAS LIGHTS 10 VINTAGE BAUBLES,458
Regular Customers,CHRISTMAS METAL POSTCARD WITH BELLS,1739
Regular Customers,CHRISTMAS METAL TAGS ASSORTED ,1639
Regular Customers,CHRISTMAS MUSICAL ZINC HEART ,14
Regular Customers,CHRISTMAS MUSICAL ZINC STAR,1032
Regular Customers,CHRISTMAS MUSICAL ZINC TREE,675
Regular Customers,CHRISTMAS PUDDING TRINKET POT ,4468
Regular Customers,CHRISTMAS RETROSPOT ANGEL WOOD,1683
Regular Customers,CHRISTMAS RETROSPOT HEART WOOD,83
Regular Customers,CHRISTMAS RETROSPOT STAR WOOD,1308
Regular Customers,CHRISTMAS RETROSPOT TREE WOOD,953
Regular Customers,CHRISTMAS STAR WISH LIST CHALKBOARD,2288
Regular Customers,CHRISTMAS TABLE SILVER CANDLE SPIKE,1394
Regular Customers,CHRISTMAS TOILET ROLL,1244
Regular Customers,CHRISTMAS TREE DECORATION WITH BELL,368
Regular Customers,CHRISTMAS TREE HANGING GOLD,479
Regular Customers,CHRISTMAS TREE HANGING SILVER ,513
Regular Customers,CHRISTMAS TREE HEART DECORATION,799
Regular Customers,CHRISTMAS TREE PAINTED ZINC ,1402
Regular Customers,CHRISTMAS TREE STAR DECORATION,794
Regular Customers,CHRISTMAS TREE T-LIGHT HOLDER,28
Regular Customers,CHRYSANTHEMUM  JOURNAL,39
Regular Customers,CHRYSANTHEMUM NOTEBOOK,75
Regular Customers,CHRYSANTHEMUM POCKET BOOK ,57
Regular Customers,CHRYSANTHEMUM SKETCHBOOK ,73
Regular Customers,CHUNKY SILVER NECKLACE PASTEL FLOWE,13
Regular Customers,CINAMMON & ORANGE WREATH,41
Regular Customers,CINAMMON SET OF 9 T-LIGHTS,462
Regular Customers,CINDERELLA CHANDELIER ,26
Regular Customers,CINNAMON SCENTED VOTIVE CANDLE,636
Regular Customers,CIRCUS PARADE BABY GIFT SET,109
Regular Customers,CIRCUS PARADE CHILDRENS EGG CUP ,571
Regular Customers,CIRCUS PARADE LUNCH BOX ,1114
Regular Customers,CITRONELLA CANDLE FLOWERPOT,446
Regular Customers,CITRONELLA CANDLE GARDEN POT,672
Regular Customers,CITRUS GARLAND FELT FLOWERS ,32
Regular Customers,CLAM SHELL SMALL ,97
Regular Customers,CLASSIC BICYCLE CLIPS ,1000
Regular Customers,CLASSIC CAFE SUGAR DISPENSER,1004
Regular Customers,CLASSIC CHROME BICYCLE BELL ,1758
Regular Customers,CLASSIC FRENCH STYLE BASKET BROWN,181
Regular Customers,CLASSIC FRENCH STYLE BASKET GREEN ,163
Regular Customers,CLASSIC FRENCH STYLE BASKET NATURAL,279
Regular Customers,CLASSIC GLASS COOKIE JAR,932
Regular Customers,CLASSIC GLASS SWEET JAR,29
Regular Customers,CLASSIC METAL BIRDCAGE PLANT HOLDER,412
Regular Customers,CLASSIC SUGAR DISPENSER,84
Regular Customers,CLASSIC WHITE FRAME,39
Regular Customers,CLASSICAL ROSE CANDLESTAND,7
Regular Customers,CLASSICAL ROSE SMALL VASE,72
Regular Customers,CLASSICAL ROSE TABLE LAMP,6
Regular Customers,CLEAR ACRYLIC FACETED BANGLE,17
Regular Customers,CLEAR CRYSTAL STAR PHONE CHARM,44
Regular Customers,CLEAR DRAWER KNOB ACRYLIC EDWARDIAN,3023
Regular Customers,CLEAR LOVE BIRD T-LIGHT HOLDER,13
Regular Customers,CLEAR MILKSHAKE GLASS,20
Regular Customers,CLEAR STATIONERY BOX SET ,6
Regular Customers,CLOCK MAGNET MUM'S KITCHEN,112
Regular Customers,CLOTHES PEGS RETROSPOT PACK 24 ,3847
Regular Customers,COCKLE SHELL DISH,127
Regular Customers,COCKTAIL SWORDS 50 PIECES,389
Regular Customers,COFFEE MUG APPLES DESIGN,1391
Regular Customers,COFFEE MUG BLUE PAISLEY DESIGN,214
Regular Customers,COFFEE MUG CAT + BIRD DESIGN,917
Regular Customers,COFFEE MUG DOG + BALL DESIGN,756
Regular Customers,COFFEE MUG PEARS  DESIGN,1168
Regular Customers,COFFEE MUG PINK PAISLEY DESIGN,161
Regular Customers,COFFEE SCENT PILLAR CANDLE,160
Regular Customers,COLOUR GLASS T-LIGHT HOLDER HANGING,9021
Regular Customers,COLOUR GLASS. STAR T-LIGHT HOLDER,2001
Regular Customers,COLOURED GLASS STAR T-LIGHT HOLDER,364
Regular Customers,COLOURFUL FLOWER FRUIT BOWL,10
Regular Customers,COLOURING PENCILS BROWN TUBE,3214
Regular Customers,COLUMBIAN  CUBE CANDLE ,14
Regular Customers,COLUMBIAN CANDLE RECTANGLE,155
Regular Customers,COLUMBIAN CANDLE ROUND,137
Regular Customers,COLUMBIAN CANDLE ROUND ,82
Regular Customers,COLUMBIAN CUBE CANDLE,15
Regular Customers,CONDIMENT TRAY 4 BOWLS AND 4 SPOONS,6
Regular Customers,CONGRATULATIONS BUNTING,4
Regular Customers,COOK WITH WINE METAL SIGN ,3293
Regular Customers,COOKING SET RETROSPOT,17
Regular Customers,COPPER AND BRASS BAG CHARM,3
Regular Customers,COPPER/OLIVE GREEN FLOWER NECKLACE,2
Regular Customers,CORDIAL GLASS JUG,27
Regular Customers,CORDIAL JUG,6
Regular Customers,CORONA MEXICAN TRAY,54
Regular Customers,COSMETIC BAG VINTAGE ROSE PAISLEY,259
Regular Customers,COSY HOUR CIGAR BOX MATCHES ,833
Regular Customers,COSY HOUR GIANT TUBE MATCHES,143
Regular Customers,COSY SLIPPER SHOES LARGE GREEN,93
Regular Customers,COSY SLIPPER SHOES SMALL  RED ,26
Regular Customers,COSY SLIPPER SHOES SMALL GREEN,104
Regular Customers,COTE D'AZURE NECKLACE,1
Regular Customers,COTTON APRON PANTRY DESIGN,244
Regular Customers,COWBOYS AND INDIANS BIRTHDAY CARD ,1860
Regular Customers,CRACKED GLAZE EARRINGS BROWN,1
Regular Customers,CRACKED GLAZE EARRINGS RED,1
Regular Customers,CRACKED GLAZE NECKLACE IVORY,3
Regular Customers,CRACKED GLAZE NECKLACE RED,3
Regular Customers,CRAZY DAISY HEART DECORATION,51
Regular Customers,CREAM AND PINK FLOWERS PONY ,10
Regular Customers,CREAM BUNNY EASTER EGG BASKET,24
Regular Customers,CREAM CLIMBING HYDRANGA ART FLOWER,30
Regular Customers,CREAM CUPID HEARTS COAT HANGER,738
Regular Customers,CREAM DELPHINIUM ARTIFICIAL FLOWER,57
Regular Customers,CREAM FELT EASTER EGG BASKET,467
Regular Customers,CREAM HANGING HEART T-LIGHT HOLDER,17
Regular Customers,CREAM HEART CARD HOLDER,1411
Regular Customers,CREAM SLICE FLANNEL CHOCOLATE SPOT ,169
Regular Customers,CREAM SLICE FLANNEL PINK SPOT ,222
Regular Customers,CREAM SWEETHEART EGG HOLDER,379
Regular Customers,CREAM SWEETHEART LETTER RACK,26
Regular Customers,CREAM SWEETHEART MINI CHEST,685
Regular Customers,CREAM SWEETHEART WALL CABINET,1
Regular Customers,CREAM WALL PLANTER HEART SHAPED,251
Regular Customers,CROCHET LILAC/RED BEAR KEYRING,1
Regular Customers,CROCHET ROSE DES CLOTHES HANGER,5
Regular Customers,CROCHET ROSE PURSE WITH SUEDE BACK,65
Regular Customers,CROCHET WHITE RABBIT KEYRING ,7
Regular Customers,CRYSTAL CZECH CROSS PHONE CHARM,12
Regular Customers,CRYSTAL DIAMANTE EXPANDABLE RING,24
Regular Customers,CRYSTAL DIAMANTE STAR BROOCH,9
Regular Customers,CRYSTAL FROG PHONE CHARM,72
Regular Customers,CRYSTAL HOOP EARRING FLORAL LEAF,11
Regular Customers,CRYSTAL PAIR HEART HAIR SLIDES,4
Regular Customers,CRYSTAL SEA HORSE PHONE CHARM,84
Regular Customers,CRYSTAL STILETTO PHONE CHARM,24
Regular Customers,CRYSTAL STUD EARRINGS ASSORTED COL ,432
Regular Customers,CRYSTAL STUD EARRINGS CLEAR DISPLAY,180
Regular Customers,CUBIC MUG FLOCK BLUE ON BROWN,103
Regular Customers,CUBIC MUG FLOCK PINK ON BROWN,61
Regular Customers,CUBIC MUG PINK POLKADOT,152
Regular Customers,CUPBOARD 3 DRAWER MA CAMPAGNE,79
Regular Customers,CUPCAKE LACE PAPER SET 6,1461
Regular Customers,CUPID DESIGN SCENTED CANDLES,134
Regular Customers,CUPID SCENTED CANDLE IN GLASS,2
Regular Customers,CURIO CABINET LINEN AND LACE ,31
Regular Customers,CURIOUS  IMAGES NOTEBOOK SET,146
Regular Customers,CURIOUS IMAGES GIFT WRAP SET,419
Regular Customers,CURIOUS IMAGES SCRAP BOOK SET,3
Regular Customers,CUSHION COVER PINK UNION JACK,48
Regular Customers,CUT GLASS HEXAGON T-LIGHT HOLDER,522
Regular Customers,CUT GLASS T-LIGHT HOLDER OCTAGON,210
Regular Customers,CUTE BIRD CEATURE SCREEN,22
Regular Customers,CUTE CATS TAPE,282
Regular Customers,CUTE RABBIT CEATURE SCREEN ,11
Regular Customers,DAIRY MAID  PUDDING BOWL,1
Regular Customers,DAIRY MAID LARGE MILK JUG,184
Regular Customers,DAIRY MAID STRIPE MUG,830
Regular Customers,DAIRY MAID TOASTRACK,448
Regular Customers,DAIRY MAID TRADITIONAL TEAPOT ,83
Regular Customers,DAISIES  HONEYCOMB GARLAND ,257
Regular Customers,DAISY FOLKART HEART DECORATION,71
Regular Customers,DAISY GARDEN MARKER,168
Regular Customers,DAISY HAIR BAND,21
Regular Customers,DAISY JOURNAL ,44
Regular Customers,DAISY NOTEBOOK ,51
Regular Customers,DAISY SKETCHBOOK ,50
Regular Customers,DANISH ROSE BEDSIDE CABINET,8
Regular Customers,DANISH ROSE DECORATIVE PLATE,444
Regular Customers,DANISH ROSE DELUXE COASTER,369
Regular Customers,DANISH ROSE FOLDING CHAIR,39
Regular Customers,DANISH ROSE PHOTO FRAME,755
Regular Customers,DANISH ROSE ROUND SEWING BOX,344
Regular Customers,DANISH ROSE TRINKET TRAYS,76
Regular Customers,DANISH ROSE UMBRELLA STAND,2
Regular Customers,DARK BIRD HOUSE TREE DECORATION,881
Regular Customers,DECORATION  BUTTERFLY  MAGIC GARDEN,259
Regular Customers,DECORATION  PINK CHICK MAGIC GARDEN,235
Regular Customers,"DECORATION , WOBBLY CHICKEN, METAL ",100
Regular Customers,"DECORATION , WOBBLY RABBIT , METAL ",172
Regular Customers,DECORATION SITTING BUNNY,919
Regular Customers,DECORATION WHITE CHICK MAGIC GARDEN,303
Regular Customers,DECORATION WOBBLY CHICKEN,298
Regular Customers,DECORATION WOBBLY RABBIT METAL ,473
Regular Customers,DECORATIVE CATS BATHROOM BOTTLE,256
Regular Customers,DECORATIVE FLORE BATHROOM BOTTLE,161
Regular Customers,DECORATIVE HANGING SHELVING UNIT,6
Regular Customers,DECORATIVE PLANT POT WITH FRIEZE,30
Regular Customers,DECORATIVE ROSE BATHROOM BOTTLE,370
Regular Customers,DECORATIVE VINTAGE COFFEE  BOX,37
Regular Customers,DECORATIVE WICKER HEART LARGE,1413
Regular Customers,DECORATIVE WICKER HEART MEDIUM,1332
Regular Customers,DECORATIVE WICKER HEART SMALL,1241
Regular Customers,"DECOUPAGE,GREETING CARD,",180
Regular Customers,DECROTIVEVINTAGE COFFEE GRINDER BOX,6
Regular Customers,DELUXE SEWING KIT ,384
Regular Customers,DENIM PATCH PURSE PINK BUTTERFLY,88
Regular Customers,DIAMANTE BOW BROOCH BLACK COLOUR,1
Regular Customers,DIAMANTE BOW BROOCH GREEN COLOUR,15
Regular Customers,DIAMANTE BOW BROOCH RED COLOUR,17
Regular Customers,DIAMANTE HAIR GRIP PACK/2 LT ROSE,2
Regular Customers,"DIAMANTE HEART SHAPED WALL MIRROR, ",214
Regular Customers,DIAMANTE NECKLACE,2
Regular Customers,DIAMANTE NECKLACE GREEN,3
Regular Customers,DIAMANTE NECKLACE PURPLE,5
Regular Customers,DIAMANTE RING ASSORTED IN BOX.,360
Regular Customers,DIAMOND LAS VEGAS NECKLACE 45CM,2
Regular Customers,DINOSAUR HEIGHT CHART STICKER SET,117
Regular Customers,DINOSAUR KEYRINGS ASSORTED,5217
Regular Customers,DINOSAUR LUNCH BOX WITH CUTLERY,455
Regular Customers,DINOSAUR PARTY BAG + STICKER SET,386
Regular Customers,DINOSAURS  WRITING SET ,482
Regular Customers,DISCO BALL CHRISTMAS DECORATION,6263
Regular Customers,DISCO BALL ROTATOR BATTERY OPERATED,84
Regular Customers,DO NOT TOUCH MY STUFF DOOR HANGER ,710
Regular Customers,DOCTOR'S BAG SOFT TOY,63
Regular Customers,DOG AND BALL WALL ART,6
Regular Customers,DOG BOWL CHASING BALL DESIGN,329
Regular Customers,DOG BOWL VINTAGE CREAM,193
Regular Customers,DOG LICENCE WALL ART,72
Regular Customers,DOG TOY WITH PINK CROCHET SKIRT,120
Regular Customers,DOGGY RUBBER,138
Regular Customers,DOILEY BISCUIT TIN,30
Regular Customers,DOILEY STORAGE TIN,433
Regular Customers,DOILY THANK YOU CARD,451
Regular Customers,DOLLCRAFT BOY JEAN-PAUL ,22
Regular Customers,DOLLCRAFT GIRL AMELIE,16
Regular Customers,DOLLCRAFT GIRL AMELIE KIT,22
Regular Customers,DOLLCRAFT GIRL NICOLE,24
Regular Customers,DOLLY CABINET 2 DRAWERS ,30
Regular Customers,DOLLY CABINET 3 DRAWERS ,39
Regular Customers,DOLLY GIRL BABY GIFT SET,212
Regular Customers,DOLLY GIRL CHILDRENS BOWL,752
Regular Customers,DOLLY GIRL CHILDRENS CUP,693
Regular Customers,DOLLY GIRL CHILDRENS EGG CUP,511
Regular Customers,DOLLY GIRL LUNCH BOX,2616
Regular Customers,DOLLY GIRL MINI BACKPACK,321
Regular Customers,DOLLY GIRL MINI RUCKSACK,4
Regular Customers,DOLLY GIRL WALL ART,30
Regular Customers,DOLLY HONEYCOMB GARLAND,64
Regular Customers,DOLLY MIXTURE CHILDREN'S UMBRELLA,176
Regular Customers,DOLPHIN WINDMILL,1
Regular Customers,DONKEY TAIL GAME ,18
Regular Customers,DOOR HANGER  MUM + DADS ROOM,108
Regular Customers,DOORKNOB CRACKED GLAZE BLUE,12
Regular Customers,DOORKNOB CRACKED GLAZE IVORY,18
Regular Customers,DOORMAT 3 SMILEY CATS,280
Regular Customers,DOORMAT AIRMAIL ,312
Regular Customers,DOORMAT BLACK FLOCK ,225
Regular Customers,DOORMAT CHRISTMAS VILLAGE,49
Regular Customers,DOORMAT ENGLISH ROSE ,695
Regular Customers,DOORMAT FAIRY CAKE,460
Regular Customers,DOORMAT FANCY FONT HOME SWEET HOME,741
Regular Customers,DOORMAT HEARTS,887
Regular Customers,DOORMAT HOME SWEET HOME BLUE ,464
Regular Customers,DOORMAT I LOVE LONDON,92
Regular Customers,DOORMAT KEEP CALM AND COME IN,2004
Regular Customers,DOORMAT MERRY CHRISTMAS RED ,219
Regular Customers,DOORMAT MULTICOLOUR STRIPE,192
Regular Customers,DOORMAT NEIGHBOURHOOD WITCH ,70
Regular Customers,DOORMAT NEW ENGLAND,1020
Regular Customers,DOORMAT PEACE ON EARTH BLUE,41
Regular Customers,DOORMAT RED RETROSPOT,1027
Regular Customers,DOORMAT RESPECTABLE HOUSE,177
Regular Customers,DOORMAT SPOTTY HOME SWEET HOME,767
Regular Customers,DOORMAT TOPIARY,265
Regular Customers,DOORMAT UNION FLAG,1247
Regular Customers,DOORMAT UNION JACK GUNS AND ROSES,216
Regular Customers,DOORMAT VINTAGE LEAF,275
Regular Customers,DOORMAT VINTAGE LEAVES DESIGN ,156
Regular Customers,DOORMAT WELCOME PUPPIES,409
Regular Customers,DOORMAT WELCOME SUNRISE,113
Regular Customers,DOORMAT WELCOME TO OUR HOME,550
Regular Customers,DOORSTOP FOOTBALL DESIGN,103
Regular Customers,DOORSTOP RACING CAR DESIGN,72
Regular Customers,DOORSTOP RETROSPOT HEART,517
Regular Customers,DOTCOMGIFTSHOP TEA TOWEL,12
Regular Customers,DOUBLE CERAMIC PARLOUR HOOK,12
Regular Customers,DOUGHNUT LIP GLOSS ,6085
Regular Customers,DOVE DECORATION PAINTED ZINC ,1259
Regular Customers,DRAGONS BLOOD INCENSE,250
Regular Customers,DRAWER KNOB CERAMIC BLACK,506
Regular Customers,DRAWER KNOB CERAMIC IVORY,1242
Regular Customers,DRAWER KNOB CERAMIC RED,314
Regular Customers,DRAWER KNOB CRACKLE GLAZE BLUE,555
Regular Customers,DRAWER KNOB CRACKLE GLAZE GREEN,743
Regular Customers,DRAWER KNOB CRACKLE GLAZE IVORY,1019
Regular Customers,DRAWER KNOB CRACKLE GLAZE PINK,718
Regular Customers,DRAWER KNOB VINTAGE GLASS BALL,282
Regular Customers,DRAWER KNOB VINTAGE GLASS HEXAGON,251
Regular Customers,DRAWER KNOB VINTAGE GLASS STAR,416
Regular Customers,DROP DIAMANTE EARRINGS PURPLE,4
Regular Customers,DROP EARRINGS W FLOWER & LEAF,1
Regular Customers,DUSTY PINK CHRISTMAS TREE 30CM,1
Regular Customers,DUSTY PINK CHRISTMAS TREE 60CM,6
Regular Customers,EASTER BUNNY GARLAND OF FLOWERS,322
Regular Customers,EASTER BUNNY HANGING GARLAND,41
Regular Customers,EASTER BUNNY WITH BASKET ON BACK,50
Regular Customers,EASTER BUNNY WREATH,18
Regular Customers,EASTER CRAFT 4 CHICKS ,863
Regular Customers,EASTER CRAFT IVY WREATH WITH CHICK,1
Regular Customers,EASTER DECORATION EGG BUNNY ,401
Regular Customers,EASTER DECORATION HANGING BUNNY,914
Regular Customers,EASTER DECORATION NATURAL CHICK,273
Regular Customers,EASTER DECORATION SITTING BUNNY,259
Regular Customers,EASTER TIN BUCKET,115
Regular Customers,EASTER TIN BUNNY BOUQUET,356
Regular Customers,EASTER TIN CHICKS IN GARDEN,147
Regular Customers,EASTER TIN CHICKS PINK DAISY,291
Regular Customers,EASTER TIN KEEPSAKE,402
Regular Customers,EASTER TREE YELLOW BIRDS,70
Regular Customers,EAU DE NIL LOVE BIRD CANDLE,58
Regular Customers,EAU DE NILE HEART SHAPE PHOTO FRAME,152
Regular Customers,EAU DE NILE JEWELLED PHOTOFRAME,50
Regular Customers,EAU DE NILE JEWELLED T-LIGHT HOLDER,58
Regular Customers,ECONOMY HOLIDAY PURSE,1
Regular Customers,ECONOMY LUGGAGE TAG,42
Regular Customers,EDWARDIAN DROP EARRINGS JET BLACK,2
Regular Customers,EDWARDIAN HEART PHOTO FRAME,115
Regular Customers,EDWARDIAN PARASOL BLACK,1269
Regular Customers,EDWARDIAN PARASOL NATURAL,1531
Regular Customers,EDWARDIAN PARASOL PINK,320
Regular Customers,EDWARDIAN PARASOL RED,786
Regular Customers,EDWARDIAN PHOTO FRAME,67
Regular Customers,EGG CUP HENRIETTA HEN CREAM ,216
Regular Customers,EGG CUP HENRIETTA HEN PINK,127
Regular Customers,EGG CUP MILKMAID HEIDI,361
Regular Customers,EGG CUP MILKMAID HELGA ,237
Regular Customers,EGG CUP MILKMAID INGRID,307
Regular Customers,EGG CUP NATURAL CHICKEN,567
Regular Customers,EGG FRYING PAN BLUE ,134
Regular Customers,EGG FRYING PAN IVORY ,310
Regular Customers,EGG FRYING PAN MINT ,131
Regular Customers,EGG FRYING PAN PINK ,161
Regular Customers,EGG FRYING PAN RED ,287
Regular Customers,EIGHT PIECE DINOSAUR SET,63
Regular Customers,EIGHT PIECE SNAKE  SET,211
Regular Customers,ELEPHANT BIRTHDAY CARD ,756
Regular Customers,ELEPHANT CARNIVAL POUFFE,4
Regular Customers,ELEPHANT CLIP W SUCTION CUP,2
Regular Customers,"ELEPHANT, BIRTHDAY CARD, ",1104
Regular Customers,ELVIS WALLHANGING / CURTAIN,14
Regular Customers,EMBOSSED GLASS TEALIGHT HOLDER,1476
Regular Customers,EMBOSSED HEART TRINKET BOX,161
Regular Customers,EMBROIDERED RIBBON REEL CLAIRE,53
Regular Customers,EMBROIDERED RIBBON REEL DAISY ,220
Regular Customers,EMBROIDERED RIBBON REEL EMILY ,312
Regular Customers,EMBROIDERED RIBBON REEL RACHEL ,143
Regular Customers,EMBROIDERED RIBBON REEL REBECCA ,174
Regular Customers,EMBROIDERED RIBBON REEL ROSIE,165
Regular Customers,EMBROIDERED RIBBON REEL RUBY ,80
Regular Customers,EMBROIDERED RIBBON REEL SALLY ,258
Regular Customers,EMBROIDERED RIBBON REEL SOPHIE  ,119
Regular Customers,EMBROIDERED RIBBON REEL SUSIE ,241
Regular Customers,EMERGENCY FIRST AID TIN ,422
Regular Customers,EMPIRE BIRTHDAY CARD,840
Regular Customers,EMPIRE DESIGN ROSETTE,4002
Regular Customers,EMPIRE GIFT WRAP,2500
Regular Customers,EMPIRE TISSUE BOX,1583
Regular Customers,EMPIRE UNION JACK TV DINNER TRAY,730
Regular Customers,ENAMEL BLUE RIM BISCUIT BIN,74
Regular Customers,ENAMEL BLUE RIM COFFEE CONTAINER,85
Regular Customers,ENAMEL BLUE RIM TEA CONTAINER,6
Regular Customers,ENAMEL BOWL PANTRY,12
Regular Customers,ENAMEL BREAD BIN CREAM,286
Regular Customers,ENAMEL COLANDER CREAM,247
Regular Customers,ENAMEL DINNER PLATE PANTRY,12
Regular Customers,ENAMEL FIRE BUCKET CREAM,140
Regular Customers,ENAMEL FLOWER JUG CREAM,980
Regular Customers,ENAMEL JUG PANTRY,4
Regular Customers,ENAMEL MEASURING JUG CREAM,625
Regular Customers,ENAMEL PINK COFFEE CONTAINER,374
Regular Customers,ENAMEL PINK TEA CONTAINER,251
Regular Customers,ENAMEL WASH BOWL CREAM,361
Regular Customers,ENAMEL WATERING CAN CREAM,339
Regular Customers,ENCHANTED BIRD COATHANGER 5 HOOK,380
Regular Customers,ENCHANTED BIRD PLANT CAGE,44
Regular Customers,ENGLISH ROSE GARDEN SECATEURS,1226
Regular Customers,ENGLISH ROSE HOT WATER BOTTLE,809
Regular Customers,ENGLISH ROSE METAL WASTE BIN,6
Regular Customers,ENGLISH ROSE NOTEBOOK A6 SIZE,370
Regular Customers,ENGLISH ROSE NOTEBOOK A7 SIZE,1852
Regular Customers,ENGLISH ROSE SCENTED HANGING FLOWER,172
Regular Customers,ENGLISH ROSE SCENTED HANGING HEART,1
Regular Customers,ENGLISH ROSE SMALL SCENTED FLOWER,162
Regular Customers,ENGLISH ROSE SPIRIT LEVEL ,545
Regular Customers,ENVELOPE 50 BLOSSOM IMAGES,630
Regular Customers,ENVELOPE 50 CURIOUS IMAGES,28
Regular Customers,ENVELOPE 50 ROMANTIC IMAGES,3
Regular Customers,ESSENTIAL BALM 3.5g TIN IN ENVELOPE,5842
Regular Customers,ETCHED GLASS COASTER,684
Regular Customers,EUCALYPTUS & PINECONE  WREATH,264
Regular Customers,FAIRY CAKE BIRTHDAY CANDLE SET,348
Regular Customers,FAIRY CAKE DESIGN UMBRELLA,269
Regular Customers,FAIRY CAKE FLANNEL ASSORTED COLOUR,2815
Regular Customers,FAIRY CAKE NOTEBOOK A5 SIZE,29
Regular Customers,FAIRY CAKES NOTEBOOK A6 SIZE,1023
Regular Customers,FAIRY CAKES NOTEBOOK A7 SIZE,1343
Regular Customers,FAIRY DREAMS INCENSE ,875
Regular Customers,FAIRY SOAP SOAP HOLDER,136
Regular Customers,FAIRY TALE COTTAGE NIGHT LIGHT,595
Regular Customers,FAIRY TALE COTTAGE NIGHTLIGHT,488
Regular Customers,FAMILY ALBUM WHITE PICTURE FRAME,352
Regular Customers,FAMILY PHOTO FRAME CORNICE,330
Regular Customers,FAN BLACK FRAME ,133
Regular Customers,"FANCY FONT BIRTHDAY CARD, ",2172
Regular Customers,FANCY FONTS BIRTHDAY WRAP,4400
Regular Customers,FANNY'S REST STOPMETAL SIGN,238
Regular Customers,FAUX FUR CHOCOLATE THROW,46
Regular Customers,FAWN AND MUSHROOM GREETING CARD,84
Regular Customers,FAWN BLUE HOT WATER BOTTLE,1478
Regular Customers,"FEATHER PEN,COAL BLACK",1909
Regular Customers,"FEATHER PEN,HOT PINK",2267
Regular Customers,"FEATHER PEN,LIGHT PINK",1600
Regular Customers,FELT EGG COSY BLUE RABBIT ,193
Regular Customers,FELT EGG COSY CHICKEN,469
Regular Customers,FELT EGG COSY LADYBIRD ,187
Regular Customers,FELT EGG COSY WHITE RABBIT ,301
Regular Customers,FELT FARM ANIMAL CHICKEN,127
Regular Customers,FELT FARM ANIMAL HEN,209
Regular Customers,FELT FARM ANIMAL RABBIT,357
Regular Customers,FELT FARM ANIMAL SHEEP,73
Regular Customers,FELT FARM ANIMAL WHITE BUNNY ,976
Regular Customers,FELT TOADSTOOL  SMALL,415
Regular Customers,FELT TOADSTOOL LARGE,317
Regular Customers,FELTCRAFT 6 FLOWER FRIENDS,2263
Regular Customers,FELTCRAFT BOY JEAN-PAUL KIT,275
Regular Customers,FELTCRAFT BUTTERFLY HEARTS,2316
Regular Customers,FELTCRAFT CHRISTMAS FAIRY,1085
Regular Customers,FELTCRAFT CUSHION BUTTERFLY,1598
Regular Customers,FELTCRAFT CUSHION OWL,1866
Regular Customers,FELTCRAFT CUSHION RABBIT,1714
Regular Customers,FELTCRAFT DOLL EMILY,843
Regular Customers,FELTCRAFT DOLL MARIA,97
Regular Customers,FELTCRAFT DOLL MOLLY,1115
Regular Customers,FELTCRAFT DOLL ROSIE,1102
Regular Customers,FELTCRAFT GIRL AMELIE KIT,672
Regular Customers,FELTCRAFT GIRL NICOLE KIT,526
Regular Customers,FELTCRAFT HAIRBAND PINK AND BLUE,676
Regular Customers,FELTCRAFT HAIRBAND PINK AND PURPLE,626
Regular Customers,FELTCRAFT HAIRBAND RED AND BLUE,739
Regular Customers,FELTCRAFT HAIRBANDS PINK AND WHITE ,551
Regular Customers,FELTCRAFT PRINCESS CHARLOTTE DOLL,1326
Regular Customers,FELTCRAFT PRINCESS LOLA DOLL,1269
Regular Customers,FELTCRAFT PRINCESS OLIVIA DOLL,753
Regular Customers,FENG SHUI PILLAR CANDLE,1372
Regular Customers,FILIGREE DIAMANTE EARRINGS,8
Regular Customers,FILIGREE HEART BIRD WHITE ,781
Regular Customers,FILIGREE HEART BUTTERFLY WHITE ,836
Regular Customers,FILIGREE HEART DAISY WHITE,768
Regular Customers,FILIGRIS HEART WITH BUTTERFLY,1628
Regular Customers,FINE SILVER NECKLACE W PASTEL FLOWE,4
Regular Customers,FINE WICKER HEART ,1441
Regular Customers,FIRE POLISHED GLASS BRACELET BLACK,1
Regular Customers,FIRE POLISHED GLASS BRACELET GREEN,2
Regular Customers,FIRE POLISHED GLASS NECKL BRONZE,2
Regular Customers,FIRST AID TIN,387
Regular Customers,FIRST CLASS LUGGAGE TAG ,52
Regular Customers,FIRST CLASS PASSPORT COVER ,33
Regular Customers,FIVE CATS HANGING DECORATION,80
Regular Customers,FIVE HEART HANGING DECORATION,237
Regular Customers,FLAG OF ST GEORGE ,14
Regular Customers,FLAG OF ST GEORGE CAR FLAG,25
Regular Customers,FLAG OF ST GEORGE CHAIR,36
Regular Customers,FLAMES SUNGLASSES PINK LENSES,2
Regular Customers,FLOOR CUSHION ELEPHANT CARNIVAL,12
Regular Customers,FLOOR LAMP SHADE WOOD BASE,26
Regular Customers,FLORAL BATHROOM SET,18
Regular Customers,FLORAL BLUE MONSTER,4
Regular Customers,FLORAL FOLK STATIONERY SET,939
Regular Customers,FLORAL PINK MONSTER,24
Regular Customers,FLORAL SOFT CAR TOY,19
Regular Customers,FLOWER BLUE CLOCK WITH SUCKER,31
Regular Customers,FLOWER BURST SILVER RING CRYSTAL,9
Regular Customers,FLOWER FAIRY 5 DRAWER LINERS,53
Regular Customers,FLOWER FAIRY 5 SUMMER DRAW LINERS,6
Regular Customers,FLOWER FAIRY INCENSE BOUQUET,9
Regular Customers,"FLOWER FAIRY,5 SUMMER B'DRAW LINERS",66
Regular Customers,FLOWER GARLAND NECKLACE RED,3
Regular Customers,"FLOWER GLASS GARLAND NECKL.36""BLACK",1
Regular Customers,"FLOWER GLASS GARLAND NECKL.36""BLUE",3
Regular Customers,"FLOWER GLASS GARLAND NECKL.36""GREEN",1
Regular Customers,"FLOWER GLASS GARLD NECKL36""AMETHYST",7
Regular Customers,FLOWER PURPLE CLOCK W/SUCKER,1
Regular Customers,FLOWER PURPLE CLOCK WITH SUCKER,1
Regular Customers,FLOWER SHOP DESIGN MUG,1
Regular Customers,FLOWER VINE RAFFIA FOOD COVER,198
Regular Customers,FLOWERS  STICKERS,123
Regular Customers,FLOWERS CHANDELIER T-LIGHT HOLDER,124
Regular Customers,FLOWERS TILE COASTER,610
Regular Customers,FLOWERS TILE HOOK,39
Regular Customers,FLUTED ANTIQUE CANDLE HOLDER,1562
Regular Customers,FLYING PIG WATERING CAN,80
Regular Customers,FOLDING BUTTERFLY MIRROR HOT PINK ,623
Regular Customers,FOLDING BUTTERFLY MIRROR IVORY ,341
Regular Customers,FOLDING BUTTERFLY MIRROR RED  ,399
Regular Customers,FOLDING CAMPING SCISSOR W/KNIF & S,6
Regular Customers,FOLDING MIRROR HOT PINK ,36
Regular Customers,FOLDING MIRROR IVORY ,6
Regular Customers,FOLDING MIRROR RED  ,6
Regular Customers,FOLDING SHOE TIDY,1
Regular Customers,FOLDING UMBRELLA BLACKBLUE POLKADOT,73
Regular Customers,FOLDING UMBRELLA CHOCOLATE POLKADOT,50
Regular Customers,FOLDING UMBRELLA CREAM POLKADOT,107
Regular Customers,FOLDING UMBRELLA PINKWHITE POLKADOT,49
Regular Customers,FOLDING UMBRELLA RED/WHITE POLKADOT,112
Regular Customers,FOLDING UMBRELLA WHITE/RED POLKADOT,65
Regular Customers,"FOLK ART GREETING CARD,pack/12",22
Regular Customers,FOLK ART METAL HEART T-LIGHT HOLDER,59
Regular Customers,FOLK ART METAL STAR T-LIGHT HOLDER,237
Regular Customers,FOLK FELT HANGING MULTICOL GARLAND,20
Regular Customers,FOLKART CHRISTMAS TREE T-LIGHT HOLD,12
Regular Customers,FOLKART CLIP ON STARS,439
Regular Customers,FOLKART HEART NAPKIN RINGS,30
Regular Customers,FOLKART STAR CHRISTMAS DECORATIONS,2397
Regular Customers,FOLKART ZINC HEART CHRISTMAS DEC,1036
Regular Customers,FOLKART ZINC STAR CHRISTMAS DEC,8
Regular Customers,FOOD CONTAINER SET 3 LOVE HEART ,369
Regular Customers,"FOOD COVER WITH BEADS , SET 2 SIZES",3
Regular Customers,FOOD COVER WITH BEADS SET 2 ,424
Regular Customers,FOOD/DRINK SPONGE STICKERS,832
Regular Customers,FOOT STOOL HOME SWEET HOME ,283
Regular Customers,FORKED CACTUS CANDLE,56
Regular Customers,FOUR HOOK  WHITE LOVEBIRDS,833
Regular Customers,FOUR RABBIT EASTER DECORATIONS,50
Regular Customers,FRAPPUCINO SCARF KNITTING KIT,247
Regular Customers,FREESTYLE CANVAS ART PICTURE,15
Regular Customers,FRENCH BATHROOM SIGN BLUE METAL,752
Regular Customers,FRENCH BLUE METAL DOOR SIGN 0,301
Regular Customers,FRENCH BLUE METAL DOOR SIGN 1,455
Regular Customers,FRENCH BLUE METAL DOOR SIGN 2,398
Regular Customers,FRENCH BLUE METAL DOOR SIGN 3,390
Regular Customers,FRENCH BLUE METAL DOOR SIGN 4,331
Regular Customers,FRENCH BLUE METAL DOOR SIGN 5,344
Regular Customers,FRENCH BLUE METAL DOOR SIGN 6,297
Regular Customers,FRENCH BLUE METAL DOOR SIGN 7,301
Regular Customers,FRENCH BLUE METAL DOOR SIGN 8,291
Regular Customers,FRENCH BLUE METAL DOOR SIGN 9,224
Regular Customers,FRENCH BLUE METAL DOOR SIGN No,289
Regular Customers,FRENCH CARRIAGE LANTERN,85
Regular Customers,FRENCH CHATEAU LARGE FRUIT BOWL ,8
Regular Customers,FRENCH CHATEAU LARGE PLATTER ,38
Regular Customers,FRENCH CHATEAU OVAL PLATTER,11
Regular Customers,FRENCH CHATEAU SMALL FRUITBOWL,8
Regular Customers,FRENCH ENAMEL CANDLEHOLDER,860
Regular Customers,FRENCH ENAMEL POT W LID,375
Regular Customers,FRENCH ENAMEL UTENSIL HOLDER,5
Regular Customers,FRENCH ENAMEL WATER BASIN,162
Regular Customers,FRENCH FLORAL CUSHION COVER ,389
Regular Customers,FRENCH GARDEN SIGN BLUE METAL,443
Regular Customers,FRENCH KITCHEN SIGN BLUE METAL,583
Regular Customers,FRENCH LATTICE CUSHION COVER ,275
Regular Customers,FRENCH LAUNDRY SIGN BLUE METAL,434
Regular Customers,FRENCH LAVENDER SCENT HEART,641
Regular Customers,FRENCH PAISLEY CUSHION COVER,110
Regular Customers,FRENCH PAISLEY CUSHION COVER ,391
Regular Customers,FRENCH STYLE EMBOSSED HEART CABINET,17
Regular Customers,FRENCH STYLE STORAGE JAR BONBONS,1624
Regular Customers,FRENCH STYLE STORAGE JAR CAFE ,948
Regular Customers,FRENCH STYLE STORAGE JAR JAM,203
Regular Customers,FRENCH TOILET SIGN BLUE METAL,710
Regular Customers,FRENCH WC SIGN BLUE METAL,1025
Regular Customers,FRIDGE MAGNETS LA VIE EN ROSE,870
Regular Customers,FRIDGE MAGNETS LES ENFANTS ASSORTED,891
Regular Customers,FRIDGE MAGNETS US DINER ASSORTED,853
Regular Customers,FROG CANDLE,40
Regular Customers,FROG KING WATERING CAN,5
Regular Customers,FROG SOCK PUPPET,8
Regular Customers,FROSTED WHITE BASE ,156
Regular Customers,FRUIT SALAD BAG CHARM,14
Regular Customers,FRUIT TREE AND BIRDS WALL PLAQUE,13
Regular Customers,FRYING PAN BLUE POLKADOT,74
Regular Customers,FRYING PAN PINK POLKADOT,187
Regular Customers,FRYING PAN RED RETROSPOT,259
Regular Customers,FRYING PAN UNION FLAG,175
Regular Customers,FULL ENGLISH BREAKFAST PLATE,841
Regular Customers,FUNKY DIVA PEN,5426
Regular Customers,FUNKY FLOWER PICNIC BAG FOR 4,2
Regular Customers,FUNKY MONKEY CUSHION COVER,41
Regular Customers,FUNKY MONKEY GIFT BAG MEDIUM,299
Regular Customers,FUNKY WASHING UP GLOVES ASSORTED,478
Regular Customers,FUSCHIA FLOWER PURSE WITH BEADS,84
Regular Customers,FUSCHIA RETRO BAR STOOL,12
Regular Customers,FUSCHIA TABLE RUN FLOWER ,13
Regular Customers,FUSCHIA VOILE POINTY SHOE DEC,36
Regular Customers,GAOLERS KEYS DECORATIVE GARDEN ,648
Regular Customers,GARAGE KEY FOB,600
Regular Customers,GARDEN METAL SIGN ,35
Regular Customers,GARDEN PATH JOURNAL,168
Regular Customers,GARDEN PATH NOTEBOOK ,6
Regular Customers,GARDEN PATH POCKET BOOK,62
Regular Customers,GARDEN PATH SKETCHBOOK,70
Regular Customers,GARDENERS KNEELING PAD CUP OF TEA ,3958
Regular Customers,GARDENERS KNEELING PAD KEEP CALM ,4314
Regular Customers,GARDENIA 1 WICK MORRIS BOXED CANDLE,147
Regular Customers,GARDENIA 3 WICK MORRIS BOXED CANDLE,182
Regular Customers,GARLAND WITH HEARTS AND BELLS,103
Regular Customers,GARLAND WITH STARS AND BELLS,147
Regular Customers,GARLAND WOODEN HAPPY EASTER,604
Regular Customers,"GARLAND, VINTAGE BELLS",86
Regular Customers,GEMSTONE CHANDELIER T-LIGHT HOLDER,68
Regular Customers,GENTLEMAN SHIRT REPAIR KIT ,614
Regular Customers,GEORGIAN TRINKET BOX,47
Regular Customers,GIANT 50'S CHRISTMAS CRACKER,1959
Regular Customers,GIANT MEDINA STAMPED METAL BOWL ,2
Regular Customers,GIFT BAG BIRTHDAY,388
Regular Customers,GIFT BAG LARGE SPOT ,72
Regular Customers,GIFT BAG LARGE VINTAGE CHRISTMAS,96
Regular Customers,GIFT BAG PSYCHEDELIC APPLES,572
Regular Customers,GIN & TONIC DIET GREETING CARD ,1716
Regular Customers,GIN + TONIC DIET METAL SIGN,3444
Regular Customers,GIN AND TONIC DIET METAL SIGN,249
Regular Customers,GIN AND TONIC MUG,884
Regular Customers,GINGERBREAD MAN COOKIE CUTTER,3489
Regular Customers,GINGHAM BABUSHKA DOORSTOP,107
Regular Customers,GINGHAM HEART  DOORSTOP RED,519
Regular Customers,GINGHAM HEART DECORATION,2794
Regular Customers,GINGHAM OVEN GLOVE RED HEART ,1
Regular Customers,GINGHAM RECIPE BOOK BOX,245
Regular Customers,GINGHAM ROSE WRAP,1050
Regular Customers,GIRAFFE WOODEN RULER,1308
Regular Customers,GIRLS ALPHABET IRON ON PATCHES ,7488
Regular Customers,GIRLS VINTAGE TIN SEASIDE BUCKET,549
Regular Customers,GLAMOROUS  MUG,417
Regular Customers,GLASS  BEURRE DISH,346
Regular Customers,GLASS  SONGBIRD STORAGE JAR,116
Regular Customers,GLASS AND BEADS BRACELET IVORY,6
Regular Customers,GLASS AND PAINTED BEADS BRACELET OL,6
Regular Customers,GLASS AND PAINTED BEADS BRACELET TO,6
Regular Customers,GLASS APOTHECARY BOTTLE ELIXIR,496
Regular Customers,GLASS APOTHECARY BOTTLE PERFUME,630
Regular Customers,GLASS APOTHECARY BOTTLE TONIC,528
Regular Customers,GLASS BEAD HOOP NECKLACE AMETHYST,1
Regular Customers,GLASS BEAD HOOP NECKLACE GREEN,2
Regular Customers,GLASS BEAD HOOP NECKLACE MONTANA,1
Regular Customers,GLASS BON BON JAR,806
Regular Customers,GLASS BONNE JAM JAR,95
Regular Customers,GLASS CHALICE BLUE SMALL ,222
Regular Customers,GLASS CHALICE GREEN  LARGE ,127
Regular Customers,GLASS CHALICE GREEN  SMALL ,60
Regular Customers,GLASS CLOCHE LARGE,73
Regular Customers,GLASS CLOCHE SMALL,254
Regular Customers,GLASS HEART T-LIGHT HOLDER ,1238
Regular Customers,GLASS JAR DAISY FRESH COTTON WOOL,226
Regular Customers,GLASS JAR DIGESTIVE BISCUITS,121
Regular Customers,GLASS JAR ENGLISH CONFECTIONERY,302
Regular Customers,GLASS JAR KINGS CHOICE,105
Regular Customers,GLASS JAR MARMALADE ,80
Regular Customers,GLASS JAR PEACOCK BATH SALTS,150
Regular Customers,GLASS SONGBIRD STORAGE JAR,2
Regular Customers,GLASS SPHERE CANDLE STAND MEDIUM,63
Regular Customers,GLASS STAR FROSTED T-LIGHT HOLDER,200
Regular Customers,GLASS TWIST BON BON JAR,54
Regular Customers,GLITTER BUTTERFLY CLIPS,422
Regular Customers,GLITTER CHRISTMAS HEART ,169
Regular Customers,GLITTER CHRISTMAS STAR ,1544
Regular Customers,GLITTER CHRISTMAS TREE,657
Regular Customers,GLITTER CHRISTMAS TREE WITH BELLS,458
Regular Customers,GLITTER HANGING BUTTERFLY STRING,433
Regular Customers,GLITTER HEART DECORATION,1850
Regular Customers,GLITTER HEART GARLAND WITH BELLS ,198
Regular Customers,GLITTER SNOW PEAR TREE DECORATION,2
Regular Customers,GLITTER STAR GARLAND WITH BELLS ,112
Regular Customers,GLOW IN DARK DOLPHINS,105
Regular Customers,GOLD DIAMANTE STAR BROOCH,6
Regular Customers,GOLD EAR MUFF HEADPHONES,19
Regular Customers,GOLD FABRIC MIRROR,115
Regular Customers,GOLD FISHING GNOME,21
Regular Customers,GOLD M PEARL  ORBIT NECKLACE,7
Regular Customers,GOLD M.O.P ORBIT BRACELET,2
Regular Customers,GOLD M.O.P ORBIT DROP EARRINGS,3
Regular Customers,GOLD M.O.P. ORBIT NECKLACE,2
Regular Customers,GOLD MINI TAPE MEASURE ,143
Regular Customers,GOLD MUG BONE CHINA TREE OF LIFE,464
Regular Customers,GOLD PHOTO FRAME,136
Regular Customers,GOLD SCROLL GLASS T-LIGHT HOLDER,60
Regular Customers,GOLD STANDING GNOME,7
Regular Customers,GOLD TEDDY BEAR,2
Regular Customers,GOLD WASHBAG,7
Regular Customers,GOLD WINE GOBLET,16
Regular Customers,GOLD/M.O.P PENDANT ORBIT NECKLACE,6
Regular Customers,GOLDIE LOOKING MIRROR,9
Regular Customers,GRAND CHOCOLATECANDLE,2883
Regular Customers,GRASS HOPPER WOODEN WALL CLOCK ,72
Regular Customers,GREEN  DIAMANTE PEN IN GIFT BOX,9
Regular Customers,GREEN 3 PIECE POLKADOT CUTLERY SET,321
Regular Customers,GREEN BIRDHOUSE DECORATION,259
Regular Customers,GREEN BITTY LIGHT CHAIN,77
Regular Customers,GREEN CAT FLORAL CUSHION COVER ,9
Regular Customers,GREEN CHRISTMAS TREE CARD HOLDER,772
Regular Customers,GREEN CHRISTMAS TREE STRING 20LIGHT,35
Regular Customers,GREEN DRAWER KNOB ACRYLIC EDWARDIAN,978
Regular Customers,GREEN EASTER EGG HUNT START POST,11
Regular Customers,GREEN ENAMEL FLOWER HAIR TIE,1
Regular Customers,GREEN ENAMEL FLOWER RING,33
Regular Customers,GREEN ENAMEL+GLASS HAIR COMB,104
Regular Customers,GREEN FERN JOURNAL ,106
Regular Customers,GREEN FERN NOTEBOOK,35
Regular Customers,GREEN FERN POCKET BOOK,53
Regular Customers,GREEN FERN SKETCHBOOK ,68
Regular Customers,GREEN GEISHA GIRL ,15
Regular Customers,GREEN GIANT GARDEN THERMOMETER,250
Regular Customers,GREEN GLASS TASSLE BAG CHARM,15
Regular Customers,GREEN GOOSE FEATHER CHRISTMAS TREE ,108
Regular Customers,GREEN GOOSE FEATHER TREE 60CM,103
Regular Customers,GREEN HEART COMPACT MIRROR,147
Regular Customers,GREEN HEART OF GLASS BRACELET,6
Regular Customers,GREEN JUICY FRUIT PHOTO FRAME,54
Regular Customers,GREEN METAL BOX ARMY SUPPLIES,144
Regular Customers,GREEN METAL BOX TOP SECRET,4
Regular Customers,GREEN METAL SWINGING BUNNY,200
Regular Customers,GREEN MURANO TWIST BRACELET,27
Regular Customers,GREEN MURANO TWIST NECKLACE,7
Regular Customers,GREEN PAIR HEART HAIR SLIDES,4
Regular Customers,GREEN PEONY CUSHION COVER,16
Regular Customers,GREEN POLKADOT BOWL,656
Regular Customers,GREEN POLKADOT PLATE ,416
Regular Customers,GREEN POP ART MAO CUSHION COVER ,12
Regular Customers,GREEN REGENCY TEACUP AND SAUCER,2855
Regular Customers,GREEN ROSE WASHBAG,97
Regular Customers,GREEN ROUND COMPACT MIRROR,78
Regular Customers,GREEN SQUARE COMPACT MIRROR,47
Regular Customers,GREEN SWEETHEART BRACELET,61
Regular Customers,GREEN VINTAGE EARRINGS ,9
Regular Customers,GREEN VINTAGE SPOT BEAKER,705
Regular Customers,GREEN WIRE STANDING CANDLE HOLDER,15
Regular Customers,GREEN WITH METAL BAG CHARM,3
Regular Customers,GREEN/BLUE CERAMIC CANDLE HOLDER,8
Regular Customers,GREEN/BLUE FLOWER DESIGN BIG MUG,13
Regular Customers,"GREETING CARD, OVERCROWDED POOL.",120
Regular Customers,"GREETING CARD, STICKY GORDON",85
Regular Customers,"GREETING CARD, TWO SISTERS.",24
Regular Customers,"GREETING CARD,SQUARE, DOUGHNUTS",132
Regular Customers,GREY ACRYLIC FACETED BANGLE,2
Regular Customers,GREY FLORAL FELTCRAFT SHOULDER BAG,134
Regular Customers,GREY HEART HOT WATER BOTTLE,2146
Regular Customers,GROOVY CACTUS INFLATABLE,277
Regular Customers,GROW A FLYTRAP OR SUNFLOWER IN TIN,6244
Regular Customers,GROW YOUR OWN BASIL IN ENAMEL MUG,624
Regular Customers,GROW YOUR OWN FLOWERS SET OF 3,201
Regular Customers,GROW YOUR OWN HERBS SET OF 3,88
Regular Customers,GROW YOUR OWN PLANT IN A CAN ,411
Regular Customers,GUMBALL COAT RACK,2591
Regular Customers,GUMBALL MAGAZINE RACK,227
Regular Customers,GUMBALL MONOCHROME COAT RACK,123
Regular Customers,GYMKHANA TREASURE BOOK BOX,467
Regular Customers,GYMKHANNA TREASURE BOOK BOX,72
Regular Customers,HAIRCLIPS FORTIES FABRIC ASSORTED,1070
Regular Customers,HALL CABINET WITH 3 DRAWERS,2
Regular Customers,HAND OPEN SHAPE DECO.WHITE,79
Regular Customers,HAND OPEN SHAPE GOLD,72
Regular Customers,HAND OVER THE CHOCOLATE   SIGN ,3394
Regular Customers,HAND PAINTED HANGING EASTER EGG,22
Regular Customers,HAND TOWEL PALE BLUE W FLOWERS,59
Regular Customers,HAND TOWEL PINK FLOWER AND DAISY,24
Regular Customers,HAND WARMER BABUSHKA DESIGN,2441
Regular Customers,HAND WARMER BIRD DESIGN,2790
Regular Customers,HAND WARMER OWL DESIGN,4361
Regular Customers,HAND WARMER RED LOVE HEART,2324
Regular Customers,HAND WARMER RED RETROSPOT,2547
Regular Customers,HAND WARMER SCOTTY DOG DESIGN,3228
Regular Customers,HAND WARMER UNION JACK,3000
Regular Customers,HANGING  BUTTERFLY T-LIGHT HOLDER,824
Regular Customers,HANGING BAUBLE T-LIGHT HOLDER LARGE,11
Regular Customers,HANGING BAUBLE T-LIGHT HOLDER SMALL,198
Regular Customers,HANGING BUTTERFLY  EGG,9
Regular Customers,HANGING CHICK  YELLOW DECORATION,547
Regular Customers,HANGING CHICK CREAM DECORATION,741
Regular Customers,HANGING CHICK GREEN DECORATION,482
Regular Customers,HANGING CLEAR MINI BOTTLE,891
Regular Customers,HANGING ENGRAVED METAL HEART,194
Regular Customers,HANGING FAIRY CAKE DECORATION,55
Regular Customers,HANGING GLASS ETCHED TEALIGHT,28
Regular Customers,HANGING HEART BASKET,10
Regular Customers,HANGING HEART BONHEUR,465
Regular Customers,HANGING HEART JAR T-LIGHT HOLDER,4999
Regular Customers,HANGING HEART MIRROR DECORATION ,1062
Regular Customers,HANGING HEART WITH BELL,2691
Regular Customers,HANGING HEART ZINC T-LIGHT HOLDER,4298
Regular Customers,HANGING HEN ON NEST DECORATION,364
Regular Customers,HANGING JAM JAR T-LIGHT HOLDER,3849
Regular Customers,HANGING JAM JAR T-LIGHT HOLDERS,888
Regular Customers,HANGING MEDINA LANTERN SMALL,44
Regular Customers,HANGING METAL CHICKEN DECORATION,68
Regular Customers,HANGING METAL HEART LANTERN,1829
Regular Customers,HANGING METAL RABBIT DECORATION,231
Regular Customers,HANGING METAL STAR LANTERN,1226
Regular Customers,HANGING MINI COLOURED BOTTLES,1527
Regular Customers,HANGING PHOTO CLIP ROPE LADDER,174
Regular Customers,HANGING QUILTED PATCHWORK APPLES,884
Regular Customers,HANGING SPRING FLOWER EGG LARGE,325
Regular Customers,HANGING SPRING FLOWER EGG SMALL,609
Regular Customers,HANGING WOOD AND FELT BUTTERFLY ,397
Regular Customers,HANGING WOOD AND FELT FLOWER,1107
Regular Customers,HANGING WOOD AND FELT HEART,219
Regular Customers,HAPPY BIRTHDAY CARD STRIPEY TEDDY,13
Regular Customers,HAPPY BIRTHDAY CARD TEDDY/CAKE,5
Regular Customers,HAPPY EASTER HANGING DECORATION,98
Regular Customers,HAPPY STENCIL CRAFT,1211
Regular Customers,HARDMAN MUG 3 ASSORTED,29
Regular Customers,HAWAIIAN GRASS SKIRT ,97
Regular Customers,HEADS AND TAILS SPORTING FUN,1440
Regular Customers,HEART BEADED TRELLIS DECORATION,172
Regular Customers,HEART BUTTONS JEWELLERY BOX,5
Regular Customers,HEART CALCULATOR,317
Regular Customers,HEART DECORATION PAINTED ZINC ,1194
Regular Customers,HEART DECORATION RUSTIC HANGING ,2482
Regular Customers,HEART DECORATION WITH PEARLS ,1100
Regular Customers,HEART FILIGREE DOVE  SMALL,2930
Regular Customers,HEART FILIGREE DOVE LARGE,1513
Regular Customers,HEART GARLAND RUSTIC PADDED,74
Regular Customers,HEART IVORY TRELLIS LARGE,1836
Regular Customers,HEART IVORY TRELLIS SMALL,2256
Regular Customers,HEART MINI PORTRAIT FRAME,370
Regular Customers,HEART MIRROR ANTIQUE WHITE,117
Regular Customers,HEART OF WICKER LARGE,3199
Regular Customers,HEART OF WICKER SMALL,6944
Regular Customers,HEART SHAPE WIRELESS DOORBELL,194
Regular Customers,HEART SHAPED HOLLY WREATH,598
Regular Customers,HEART SHAPED MIRROR,5
Regular Customers,HEART STRING MEMO HOLDER HANGING,494
Regular Customers,HEART T-LIGHT HOLDER,96
Regular Customers,HEART T-LIGHT HOLDER ,53
Regular Customers,HEART T-LIGHT HOLDER WILLIE WINKIE,788
Regular Customers,HEART TRELLIS TRIPLE T-LIGHT HOLDER,90
Regular Customers,HEART TRELLISTRIPLE T-LIGHT HOLDER,48
Regular Customers,HEART WOODEN CHRISTMAS DECORATION,1199
Regular Customers,HEART WREATH DECORATION WITH BELL,1368
Regular Customers,HEARTS  STICKERS,449
Regular Customers,HEARTS GIFT TAPE,525
Regular Customers,HEARTS WRAPPING TAPE ,1
Regular Customers,HELLO SAILOR BATHROOM SET,13
Regular Customers,HELLO SAILOR BLUE SOAP HOLDER,86
Regular Customers,HEN HOUSE DECORATION,462
Regular Customers,HEN HOUSE W CHICK STANDING,38
Regular Customers,HEN HOUSE W FAMILY IN BARN & NEST,9
Regular Customers,HEN HOUSE WITH CHICK STANDING,13
Regular Customers,HEN PARTY CORDON BARRIER TAPE,124
Regular Customers,HENRIETTA HEN MUG ,259
Regular Customers,HERB MARKER BASIL,2592
Regular Customers,HERB MARKER CHIVES ,966
Regular Customers,HERB MARKER MINT,904
Regular Customers,HERB MARKER PARSLEY,1054
Regular Customers,HERB MARKER ROSEMARY,1087
Regular Customers,HERB MARKER THYME,1098
Regular Customers,HI TEC ALPINE HAND WARMER,396
Regular Customers,HILDA CANDY SPOT RABBIT,10
Regular Customers,HIPPY CHIC DECORATIVE PARASOL,62
Regular Customers,HOLIDAY FUN LUDO,680
Regular Customers,HOLLY TOP CHRISTMAS STOCKING,12
Regular Customers,HOME BUILDING BLOCK WORD,1503
Regular Customers,HOME GARLAND PAINTED ZINC ,570
Regular Customers,HOME SMALL WOOD LETTERS,77
Regular Customers,HOME SWEEET HOME 3 PEG HANGER ,25
Regular Customers,HOME SWEET HOME 2 DRAWER CABINET,158
Regular Customers,HOME SWEET HOME 3 PEG HANGER ,175
Regular Customers,HOME SWEET HOME BLACKBOARD,426
Regular Customers,HOME SWEET HOME BOTTLE ,308
Regular Customers,HOME SWEET HOME CUSHION COVER ,574
Regular Customers,HOME SWEET HOME HANGING HEART,1328
Regular Customers,HOME SWEET HOME HOOK,261
Regular Customers,HOME SWEET HOME KEY HOLDER,113
Regular Customers,HOME SWEET HOME METAL SIGN ,785
Regular Customers,HOME SWEET HOME MUG,1344
Regular Customers,HOMEMADE JAM SCENTED CANDLES,5448
Regular Customers,"HOOK, 1 HANGER ,MAGIC GARDEN",300
Regular Customers,HORSE & PONY WALL ART,67
Regular Customers,HOT BATHS METAL SIGN,2003
Regular Customers,HOT BATHS SOAP HOLDER,183
Regular Customers,HOT STUFF HOT WATER BOTTLE,331
Regular Customers,HOT WATER BOTTLE BABUSHKA ,330
Regular Customers,HOT WATER BOTTLE I AM SO POORLY,1798
Regular Customers,HOT WATER BOTTLE KEEP CALM,3415
Regular Customers,HOT WATER BOTTLE SEX BOMB,352
Regular Customers,HOT WATER BOTTLE TEA AND SYMPATHY,2073
Regular Customers,HOUSE SHAPE PENCIL SHARPENER,1644
Regular Customers,HOUSE WRECKING METAL SIGN ,39
Regular Customers,HYACINTH BULB T-LIGHT CANDLES,1040
Regular Customers,High Resolution Image,4
Regular Customers,I CAN ONLY PLEASE ONE PERSON MUG,817
Regular Customers,I LOVE LONDON BABY GIFT SET,81
Regular Customers,I LOVE LONDON BEAKER,222
Regular Customers,I LOVE LONDON WALL ART,12
Regular Customers,I'M ON HOLIDAY METAL SIGN,1255
Regular Customers,ICE CREAM BUBBLES,1916
Regular Customers,ICE CREAM DESIGN GARDEN PARASOL,94
Regular Customers,ICE CREAM PEN LIP GLOSS ,4643
Regular Customers,ICE CREAM SUNDAE LIP GLOSS,5518
Regular Customers,ICON MUG REVOLUTIONARY,337
Regular Customers,ICON PLACEMAT POP ART ELVIS,209
Regular Customers,IF YOU CAN'T STAND THE HEAT MUG,334
Regular Customers,ILLUSTRATED CAT BOWL ,300
Regular Customers,INFLATABLE POLITICAL GLOBE ,399
Regular Customers,IVORY CAFE HANGING LAMP ,74
Regular Customers,IVORY CHANDELIER T-LIGHT HOLDER,114
Regular Customers,IVORY DINER WALL CLOCK,479
Regular Customers,IVORY EMBROIDERED QUILT ,13
Regular Customers,IVORY ENCHANTED FOREST PLACEMAT,264
Regular Customers,IVORY GIANT GARDEN THERMOMETER,349
Regular Customers,IVORY GOLD METAL BAG CHARM,3
Regular Customers,IVORY HANGING DECORATION  BIRD,667
Regular Customers,IVORY HANGING DECORATION  EGG,470
Regular Customers,IVORY HANGING DECORATION  HEART,2169
Regular Customers,IVORY KITCHEN SCALES,926
Regular Customers,IVORY KNITTED MUG COSY ,351
Regular Customers,IVORY LOVE BIRD CANDLE,282
Regular Customers,IVORY PANTRY HANGING LAMP ,2
Regular Customers,IVORY PAPER CUP CAKE CASES ,485
Regular Customers,IVORY PILLAR CANDLE GOLD FLOCK,89
Regular Customers,IVORY PILLAR CANDLE SILVER FLOCK,183
Regular Customers,IVORY REFECTORY CLOCK,98
Regular Customers,IVORY RETRO KITCHEN WALL CLOCK,37
Regular Customers,IVORY SCULPTED RND CANDLE ,4
Regular Customers,IVORY SHELL HEART EARRINGS,2
Regular Customers,IVORY SHELL HEART NECKLACE,10
Regular Customers,IVORY STRING CURTAIN WITH POLE ,58
Regular Customers,IVORY SWEETHEART SOAP DISH,85
Regular Customers,IVORY SWEETHEART WIRE LETTER RACK ,342
Regular Customers,IVORY WICKER HEART LARGE,1638
Regular Customers,IVORY WICKER HEART MEDIUM,1429
Regular Customers,IVORY WICKER HEART SMALL,1580
Regular Customers,IVORY WIRE KITCHEN ORGANISER,27
Regular Customers,IVORY WIRE SWEETHEART LETTER TRAY,80
Regular Customers,IVY HEART WREATH,5
Regular Customers,JADE CRYSTAL+GLASS BRACELET,1
Regular Customers,JADE DROP EARRINGS W FILIGREE,20
Regular Customers,JAM CLOCK MAGNET,171
Regular Customers,JAM JAR WITH GREEN LID,1212
Regular Customers,JAM JAR WITH PINK LID,1563
Regular Customers,JAM MAKING SET PRINTED,7396
Regular Customers,JAM MAKING SET WITH JARS,3102
Regular Customers,JARDIN ETCHED GLASS CHEESE DISH,87
Regular Customers,JARDIN ETCHED GLASS FRUITBOWL,44
Regular Customers,JARDIN ETCHED GLASS LARGE BELL JAR,16
Regular Customers,JARDIN ETCHED GLASS SMALL BELL JAR,30
Regular Customers,JASMINE VOTIVE CANDLE,194
Regular Customers,JAZZ HEARTS ADDRESS BOOK,2398
Regular Customers,JAZZ HEARTS PURSE NOTEBOOK,3124
Regular Customers,JIGSAW RABBIT AND BIRDHOUSE,297
Regular Customers,JIGSAW TOADSTOOLS 3 PIECE,413
Regular Customers,JIGSAW TREE WITH BIRDHOUSE,506
Regular Customers,JIGSAW TREE WITH WATERING CAN,566
Regular Customers,JINGLE BELL HEART ANTIQUE GOLD,639
Regular Customers,JINGLE BELL HEART ANTIQUE SILVER,1889
Regular Customers,JINGLE BELL HEART DECORATION,2883
Regular Customers,JINGLE BELLS TREE DECORATION,29
Regular Customers,JOY LARGE WOOD LETTERS,17
Regular Customers,JOY WOODEN BLOCK LETTERS,142
Regular Customers,JUMBO  BAG BAROQUE BLACK WHITE,4710
Regular Customers,JUMBO BAG 50'S CHRISTMAS ,4962
Regular Customers,JUMBO BAG ALPHABET,5042
Regular Customers,JUMBO BAG APPLES,5366
Regular Customers,JUMBO BAG CHARLIE AND LOLA TOYS,258
Regular Customers,JUMBO BAG DOILEY PATTERNS,3697
Regular Customers,JUMBO BAG DOLLY GIRL DESIGN,1302
Regular Customers,JUMBO BAG OWLS,1614
Regular Customers,JUMBO BAG PAISLEY PARK,2085
Regular Customers,JUMBO BAG PEARS,3524
Regular Customers,JUMBO BAG PINK POLKADOT,5340
Regular Customers,JUMBO BAG PINK VINTAGE PAISLEY,3911
Regular Customers,JUMBO BAG RED RETROSPOT,18078
Regular Customers,JUMBO BAG SCANDINAVIAN BLUE PAISLEY,2794
Regular Customers,JUMBO BAG SCANDINAVIAN PAISLEY,421
Regular Customers,JUMBO BAG SPACEBOY DESIGN,2160
Regular Customers,JUMBO BAG STRAWBERRY,5000
Regular Customers,JUMBO BAG TOYS ,932
Regular Customers,JUMBO BAG VINTAGE CHRISTMAS ,2698
Regular Customers,JUMBO BAG VINTAGE DOILEY ,13
Regular Customers,JUMBO BAG VINTAGE DOILY ,4518
Regular Customers,JUMBO BAG VINTAGE LEAF,5277
Regular Customers,JUMBO BAG WOODLAND ANIMALS,2941
Regular Customers,JUMBO SHOPPER VINTAGE RED PAISLEY,4211
Regular Customers,JUMBO STORAGE BAG SKULLS,1968
Regular Customers,JUMBO STORAGE BAG SUKI,4263
Regular Customers,JUNGLE POPSICLES ICE LOLLY HOLDERS,66
Regular Customers,JUNGLE POPSICLES ICE LOLLY MOULDS,453
Regular Customers,KEEP CALM BIRTHDAY WRAP,50
Regular Customers,KEEP CALM WALL ART ,61
Regular Customers,KEEP OUT BOYS DOOR HANGER ,70
Regular Customers,KENSINGTON COFFEE SET,36
Regular Customers,KEY CABINET MA CAMPAGNE,115
Regular Customers,"KEY FOB , BACK DOOR ",1210
Regular Customers,"KEY FOB , FRONT  DOOR ",869
Regular Customers,"KEY FOB , GARAGE DESIGN",636
Regular Customers,"KEY FOB , SHED",1525
Regular Customers,KEY RING BASEBALL BOOT ASSORTED ,1238
Regular Customers,KEY RING BASEBALL BOOT UNION JACK,1362
Regular Customers,KIDS CUTLERY DOLLY GIRL ,28
Regular Customers,KIDS CUTLERY SPACEBOY ,28
Regular Customers,KIDS RAIN MAC BLUE,782
Regular Customers,KIDS RAIN MAC PINK,662
Regular Customers,KINGS CHOICE BISCUIT TIN,211
Regular Customers,KINGS CHOICE GIANT TUBE MATCHES,305
Regular Customers,KINGS CHOICE MUG,562
Regular Customers,KINGS CHOICE TEA CADDY ,266
Regular Customers,KITCHEN FLOWER POTS WALL PLAQUE,17
Regular Customers,KITCHEN METAL SIGN,918
Regular Customers,KITTENS DESIGN FLANNEL,157
Regular Customers,KITTY PENCIL ERASERS,778
Regular Customers,KNEELING MAT HOUSEWORK  DESIGN,607
Regular Customers,KNICKERBOCKERGLORY MAGNET ASSORTED ,804
Regular Customers,KNITTED RABBIT DOLL ,16
Regular Customers,KNITTED UNION FLAG HOT WATER BOTTLE,1333
Regular Customers,LA JARDIN BOTANIQUE CUSHION COVER,73
Regular Customers,LA PALMIERA TILE COASTER,402
Regular Customers,LA PALMIERA TILE HOOK,21
Regular Customers,LA PALMIERA WALL THERMOMETER,13
Regular Customers,LADIES & GENTLEMEN METAL SIGN,1421
Regular Customers,LADLE LOVE HEART PINK,12
Regular Customers,LADS ONLY TISSUE BOX,552
Regular Customers,LADYBIRD + BEE RAFFIA FOOD COVER,53
Regular Customers,LANDMARK FRAME BAKER STREET ,37
Regular Customers,LANDMARK FRAME CAMDEN TOWN ,82
Regular Customers,LANDMARK FRAME COVENT GARDEN ,75
Regular Customers,LANDMARK FRAME LONDON BRIDGE ,65
Regular Customers,LANDMARK FRAME NOTTING HILL ,73
Regular Customers,LANDMARK FRAME OXFORD STREET,74
Regular Customers,LANTERN CREAM GAZEBO ,729
Regular Customers,LARGE  TALL CAMPHOR WOOD TOADSTOOL ,20
Regular Customers,LARGE ANTIQUE WHITE PHOTO FRAME,258
Regular Customers,LARGE APOTHECARY MEASURING JAR ,35
Regular Customers,LARGE BLUE PROVENCAL CERAMIC BALL,38
Regular Customers,LARGE BONNE JAM JAR  T-LIGHT HOLDER,218
Regular Customers,LARGE CAKE STAND  HANGING STRAWBERY,296
Regular Customers,LARGE CAKE STAND HANGING HEARTS,95
Regular Customers,LARGE CAKE TOWEL CHOCOLATE SPOTS,312
Regular Customers,LARGE CAKE TOWEL PINK SPOTS,308
Regular Customers,"LARGE CAKE TOWEL, CHOCOLATE SPOTS",4
Regular Customers,LARGE CAMPHOR WOOD FIELD MUSHROOM ,16
Regular Customers,LARGE CERAMIC TOP STORAGE JAR,1366
Regular Customers,LARGE CHINESE STYLE SCISSOR,711
Regular Customers,LARGE CIRCULAR MIRROR MOBILE,3577
Regular Customers,LARGE CRYSTAL DIAMANTE HAIRSLIDE,2
Regular Customers,LARGE DECO JEWELLERY STAND,119
Regular Customers,LARGE HANGING IVORY & RED WOOD BIRD,569
Regular Customers,LARGE HEART MEASURING SPOONS,1040
Regular Customers,LARGE IVORY HEART WALL ORGANISER,233
Regular Customers,LARGE JEWELLERY STAND,4
Regular Customers,LARGE MEDINA STAMPED METAL BOWL ,102
Regular Customers,LARGE MINT DIAMANTE HAIRSLIDE,12
Regular Customers,LARGE PARLOUR FRAME,3
Regular Customers,LARGE PARLOUR PICTURE FRAME,51
Regular Customers,LARGE PINK GLASS SUNDAE DISH,304
Regular Customers,LARGE POPCORN HOLDER ,338
Regular Customers,LARGE PURPLE BABUSHKA NOTEBOOK  ,399
Regular Customers,LARGE RED BABUSHKA NOTEBOOK ,402
Regular Customers,LARGE RED RETROSPOT WINDMILL,431
Regular Customers,LARGE ROUND WICKER PLATTER ,156
Regular Customers,LARGE SKULL WINDMILL,51
Regular Customers,LARGE STRIPES CHOCOLATE GIFT BAG,180
Regular Customers,LARGE WHITE HEART OF WICKER,1973
Regular Customers,LARGE WHITE HONEYCOMB PAPER BELL  ,215
Regular Customers,LARGE WHITE/PINK ROSE ART FLOWER,99
Regular Customers,LARGE YELLOW BABUSHKA NOTEBOOK ,292
Regular Customers,LARGE ZINC GLASS CANDLEHOLDER,6
Regular Customers,LARGE ZINC HEART WALL ORGANISER,38
Regular Customers,LAUNDRY 15C METAL SIGN,856
Regular Customers,LAUREL HEART ANTIQUE GOLD,417
Regular Customers,LAUREL HEART ANTIQUE SILVER,797
Regular Customers,LAUREL STAR ANTIQUE GOLD,230
Regular Customers,LAUREL STAR ANTIQUE SILVER ,255
Regular Customers,LAVENDER INCENSE 40 CONES IN TIN,73
Regular Customers,LAVENDER INCENSE IN TIN,60
Regular Customers,LAVENDER SCENT CAKE CANDLE,168
Regular Customers,LAVENDER SCENTED FABRIC HEART,824
Regular Customers,LAVENDER TOILETTE BOTTLE,395
Regular Customers,LAZER CUT NECKLACE W PASTEL BEADS,4
Regular Customers,LE GRAND TRAY CHIC SET,109
Regular Customers,LE JARDIN BOTANIQUE CUSHION COVER,423
Regular Customers,LEAVES MAGNETIC  SHOPPING LIST,12
Regular Customers,LED TEA LIGHTS,304
Regular Customers,LETS GO SHOPPING COTTON TOTE BAG,134
Regular Customers,"LETTER ""A"" BLING KEY RING",30
Regular Customers,"LETTER ""B"" BLING KEY RING",12
Regular Customers,"LETTER ""C"" BLING KEY RING",32
Regular Customers,"LETTER ""D"" BLING KEY RING",24
Regular Customers,"LETTER ""E"" BLING KEY RING",31
Regular Customers,"LETTER ""F"" BLING KEY RING",13
Regular Customers,"LETTER ""G"" BLING KEY RING",25
Regular Customers,"LETTER ""H"" BLING KEY RING",13
Regular Customers,"LETTER ""I"" BLING KEY RING",13
Regular Customers,"LETTER ""J"" BLING KEY RING",12
Regular Customers,"LETTER ""K"" BLING KEY RING",30
Regular Customers,"LETTER ""L"" BLING KEY RING",36
Regular Customers,"LETTER ""M"" BLING KEY RING",12
Regular Customers,"LETTER ""N"" BLING KEY RING",12
Regular Customers,"LETTER ""O"" BLING KEY RING",12
Regular Customers,"LETTER ""P"" BLING KEY RING",25
Regular Customers,"LETTER ""R"" BLING KEY RING",13
Regular Customers,"LETTER ""S"" BLING KEY RING",25
Regular Customers,"LETTER ""T"" BLING KEY RING",12
Regular Customers,"LETTER ""U"" BLING KEY RING",12
Regular Customers,"LETTER ""V"" BLING KEY RING",12
Regular Customers,"LETTER ""W"" BLING KEY RING",12
Regular Customers,"LETTER ""Y"" BLING KEY RING",60
Regular Customers,"LETTER ""Z"" BLING KEY RING",12
Regular Customers,LETTER HOLDER HOME SWEET HOME,212
Regular Customers,LETTER SHAPE PENCIL SHARPENER,1111
Regular Customers,LIGHT DECORATION BATTERY OPERATED,2
Regular Customers,LIGHT GARLAND BUTTERFILES PINK,321
Regular Customers,LIGHT PINK FLOCK GLASS CANDLEHOLDER,36
Regular Customers,LIGHTHOUSE PRINTED METAL SIGN,4
Regular Customers,LILAC DIAMANTE PEN IN GIFT BOX,17
Regular Customers,LILAC FEATHERS CURTAIN,12
Regular Customers,LILAC GAUZE BUTTERFLY LAMPSHADE,11
Regular Customers,LILAC VOTIVE CANDLE,24
Regular Customers,LILY BROOCH AMETHYST COLOUR,13
Regular Customers,LILY BROOCH OLIVE COLOUR,10
Regular Customers,LIPSTICK PEN BABY PINK,577
Regular Customers,LIPSTICK PEN FUSCHIA,1079
Regular Customers,LIPSTICK PEN RED,1188
Regular Customers,LITTLE GREEN MONSTER SOFT TOY,11
Regular Customers,LITTLE PINK MONSTER SOFT TOY,10
Regular Customers,LOCAL CAFE MUG,438
Regular Customers,LOLITA  DESIGN  COTTON TOTE BAG,121
Regular Customers,LONDON BUS COFFEE MUG,1511
Regular Customers,LONG SILVER NECKLACE PASTEL FLOWER,4
Regular Customers,LOVE BUILDING BLOCK WORD,1089
Regular Customers,LOVE GARLAND PAINTED ZINC ,220
Regular Customers,LOVE HEART NAPKIN BOX ,78
Regular Customers,LOVE HEART POCKET WARMER,717
Regular Customers,LOVE HEART SOCK HANGER,76
Regular Customers,LOVE HEART TRINKET POT,1510
Regular Customers,LOVE HOT WATER BOTTLE,1306
Regular Customers,LOVE LARGE WOOD LETTERS ,54
Regular Customers,LOVE POTION MASALA INCENSE,125
Regular Customers,LOVE SEAT ANTIQUE WHITE METAL,45
Regular Customers,LOVEBIRD HANGING DECORATION WHITE ,1790
Regular Customers,LOVELY BONBON STICKER SHEET,126
Regular Customers,LUNCH BAG  BLACK SKULL.,5342
Regular Customers,LUNCH BAG ALPHABET DESIGN,3705
Regular Customers,LUNCH BAG APPLE DESIGN,5203
Regular Customers,LUNCH BAG CARS BLUE,6180
Regular Customers,LUNCH BAG DOILEY PATTERN ,2834
Regular Customers,LUNCH BAG DOLLY GIRL DESIGN,2883
Regular Customers,LUNCH BAG PAISLEY PARK  ,1752
Regular Customers,LUNCH BAG PINK POLKADOT,5097
Regular Customers,LUNCH BAG RED RETROSPOT,7871
Regular Customers,LUNCH BAG RED VINTAGE DOILY,649
Regular Customers,LUNCH BAG SPACEBOY DESIGN ,4980
Regular Customers,LUNCH BAG SUKI  DESIGN ,768
Regular Customers,LUNCH BAG SUKI DESIGN ,5473
Regular Customers,LUNCH BAG VINTAGE DOILEY ,10
Regular Customers,LUNCH BAG VINTAGE DOILY ,3236
Regular Customers,LUNCH BAG VINTAGE LEAF DESIGN,3193
Regular Customers,LUNCH BAG WOODLAND,4501
Regular Customers,LUNCH BOX I LOVE LONDON,2701
Regular Customers,LUNCH BOX WITH CUTLERY FAIRY CAKES ,21
Regular Customers,LUNCH BOX WITH CUTLERY RETROSPOT ,1156
Regular Customers,LUSH GREENS RIBBONS,36
Regular Customers,M/COLOUR POM-POM CURTAIN,2
Regular Customers,MA CAMPAGNE CUTLERY BOX,48
Regular Customers,MADRAS NOTEBOOK LARGE ,91
Regular Customers,MADRAS NOTEBOOK MEDIUM,604
Regular Customers,MAGAZINE RACK GEBRA ASSORTED ,117
Regular Customers,MAGIC DRAWING SLATE BAKE A CAKE ,979
Regular Customers,MAGIC DRAWING SLATE BUNNIES ,1565
Regular Customers,MAGIC DRAWING SLATE CIRCUS PARADE  ,2217
Regular Customers,MAGIC DRAWING SLATE DINOSAUR,1569
Regular Customers,MAGIC DRAWING SLATE DOLLY GIRL ,1999
Regular Customers,MAGIC DRAWING SLATE GO TO THE FAIR ,681
Regular Customers,MAGIC DRAWING SLATE LEAP FROG ,1036
Regular Customers,MAGIC DRAWING SLATE PURDEY,1874
Regular Customers,MAGIC DRAWING SLATE SPACEBOY ,2726
Regular Customers,MAGIC GARDEN FELT GARLAND ,206
Regular Customers,MAGIC SHEEP WOOL GROWING FROM PAPER,955
Regular Customers,MAGIC TREE -PAPER FLOWERS,453
Regular Customers,MAGNETS PACK OF 4 CHILDHOOD MEMORY,333
Regular Customers,MAGNETS PACK OF 4 HOME SWEET HOME,763
Regular Customers,MAGNETS PACK OF 4 RETRO PHOTO,602
Regular Customers,MAGNETS PACK OF 4 SWALLOWS,1562
Regular Customers,MAGNETS PACK OF 4 VINTAGE COLLAGE,706
Regular Customers,MAGNETS PACK OF 4 VINTAGE LABELS ,589
Regular Customers,MAKE YOUR OWN FLOWERPOWER CARD KIT,489
Regular Customers,MAKE YOUR OWN MONSOON CARD KIT,438
Regular Customers,MAKE YOUR OWN PLAYTIME CARD KIT,297
Regular Customers,MAN FLU METAL SIGN,485
Regular Customers,MARIE ANTOINETTE TRINKET BOX GOLD,67
Regular Customers,MARIE ANTOINETTE TRINKET BOX SILVER,79
Regular Customers,MAXWELL 2 TONE BLUE 60 PAGE PHOTO A,3
Regular Customers,MEASURING TAPE BABUSHKA BLUE,163
Regular Customers,MEASURING TAPE BABUSHKA PINK,194
Regular Customers,MEASURING TAPE BABUSHKA RED,53
Regular Customers,MEDINA STAMPED METAL STOOL,2
Regular Customers,MEDIUM CERAMIC TOP STORAGE JAR,1565
Regular Customers,MEDIUM CHINESE STYLE SCISSOR,278
Regular Customers,MEDIUM MEDINA STAMPED METAL BOWL ,237
Regular Customers,MEDIUM PARLOUR FRAME ,4
Regular Customers,MEDIUM PARLOUR PICTURE FRAME ,87
Regular Customers,MEDIUM PINK BUDDHA HEAD ,28
Regular Customers,MEDIUM WHITE/PINK ROSE ART FLOWER,49
Regular Customers,MEMO BOARD COTTAGE DESIGN,580
Regular Customers,MEMO BOARD RETROSPOT  DESIGN,657
Regular Customers,METAL 4 HOOK HANGER FRENCH CHATEAU,1163
Regular Customers,METAL BASE FOR CANDLES,1
Regular Customers,METAL DECORATION NAUGHTY CHILDREN ,694
Regular Customers,METAL HERB GERDEN CONTAINER,21
Regular Customers,METAL MERRY CHRISTMAS WREATH,404
Regular Customers,METAL RABBIT LADDER EASTER ,42
Regular Customers,METAL SIGN CUPCAKE SINGLE HOOK,289
Regular Customers,METAL SIGN DROP YOUR PANTS,632
Regular Customers,METAL SIGN EMPIRE TEA,869
Regular Customers,METAL SIGN HER DINNER IS SERVED ,197
Regular Customers,METAL SIGN HIS DINNER IS SERVED,323
Regular Customers,METAL SIGN NEIGHBOURHOOD WITCH ,421
Regular Customers,METAL SIGN TAKE IT OR LEAVE IT ,2483
Regular Customers,"METAL SIGN,CUPCAKE SINGLE HOOK",435
Regular Customers,METAL TUBE CHIME ON BAMBOO,12
Regular Customers,METALIC LEAVES BAG CHARMS,7
Regular Customers,MIDNIGHT BLUE CRYSTAL DROP EARRINGS,1
Regular Customers,MIDNIGHT BLUE DROP CRYSTAL NECKLACE,8
Regular Customers,MIDNIGHT BLUE GLASS/SILVER BRACELET,4
Regular Customers,MIDNIGHT BLUE PAIR HEART HAIR SLIDE,7
Regular Customers,MIDNIGHT BLUE VINTAGE EARRINGS,8
Regular Customers,MIDNIGHT GLAMOUR SCARF KNITTING KIT,192
Regular Customers,MILK BOTTLE WITH GLASS STOPPER ,17
Regular Customers,MILK MAIDS MUG ,162
Regular Customers,MILK PAN BLUE POLKADOT,56
Regular Customers,MILK PAN PINK POLKADOT,16
Regular Customers,MILK PAN RED RETROSPOT,169
Regular Customers,MINI  ZINC GARDEN DECORATIONS ,196
Regular Customers,MINI CAKE STAND  HANGING STRAWBERY,774
Regular Customers,MINI CAKE STAND T-LIGHT HOLDER,754
Regular Customers,MINI CAKE STAND WITH HANGING CAKES,689
Regular Customers,MINI FUNKY DESIGN TAPES,526
Regular Customers,MINI HIGHLIGHTER PENS,360
Regular Customers,MINI JIGSAW BAKE A CAKE ,293
Regular Customers,MINI JIGSAW BUNNIES,375
Regular Customers,MINI JIGSAW CIRCUS PARADE ,1010
Regular Customers,MINI JIGSAW DINOSAUR ,433
Regular Customers,MINI JIGSAW DOLLY GIRL,1044
Regular Customers,MINI JIGSAW GO TO THE FAIR,226
Regular Customers,MINI JIGSAW LEAP FROG,134
Regular Customers,MINI JIGSAW PURDEY,461
Regular Customers,MINI JIGSAW SPACEBOY,1557
Regular Customers,MINI LADLE LOVE HEART PINK,146
Regular Customers,MINI LADLE LOVE HEART RED ,199
Regular Customers,MINI LIGHTS WOODLAND MUSHROOMS,879
Regular Customers,MINI PAINT SET VINTAGE ,9504
Regular Customers,MINI PAINTED GARDEN DECORATION ,1243
Regular Customers,MINI PLAYING CARDS BUFFALO BILL ,874
Regular Customers,MINI PLAYING CARDS DOLLY GIRL ,1140
Regular Customers,MINI PLAYING CARDS FUN FAIR ,369
Regular Customers,MINI PLAYING CARDS GYMKHANA,855
Regular Customers,MINI PLAYING CARDS SPACEBOY ,1208
Regular Customers,MINI WOODEN HAPPY BIRTHDAY GARLAND,1353
Regular Customers,MINIATURE ANTIQUE ROSE HOOK IVORY,1234
Regular Customers,MINITURE ANTIQUE ROSE HOOK IVORY,12
Regular Customers,MINT DINER CLOCK,2
Regular Customers,MINT DINER WALL CLOCK,237
Regular Customers,MINT GREEN ROSE TOWEL,46
Regular Customers,MINT KITCHEN SCALES,403
Regular Customers,MIRROR CORNICE,62
Regular Customers,MIRROR LOVE BIRD T-LIGHT HOLDER,16
Regular Customers,MIRROR MOSAIC CANDLE PLATE,44
Regular Customers,MIRROR MOSAIC GOBLET CANDLE HOLDER,22
Regular Customers,MIRROR MOSAIC HURRICANE LAMP ,20
Regular Customers,MIRROR MOSAIC T-LIGHT HOLDER ,36
Regular Customers,MIRROR MOSAIC T-LIGHT HOLDER ROUND,48
Regular Customers,MIRROR MOSAIC VOTIVE HOLDER,100
Regular Customers,MIRRORED DISCO BALL ,232
Regular Customers,MIRRORED DOVE WALL DECORATION,61
Regular Customers,MIRRORED WALL ART FOXY,8
Regular Customers,MIRRORED WALL ART GENTS,93
Regular Customers,MIRRORED WALL ART LADIES,94
Regular Customers,MIRRORED WALL ART PHOTO FRAMES,13
Regular Customers,MIRRORED WALL ART POPPIES,229
Regular Customers,MIRRORED WALL ART SKULLS,159
Regular Customers,MIRRORED WALL ART SNOWFLAKES,380
Regular Customers,MIRRORED WALL ART SPLODGES,70
Regular Customers,MIRRORED WALL ART STARS,298
Regular Customers,MIRRORED WALL ART TABLE LAMP,46
Regular Customers,MISELTOE HEART WREATH ,32
Regular Customers,MISELTOE HEART WREATH WHITE,30
Regular Customers,MISTLETOE HEART WREATH CREAM,381
Regular Customers,MISTLETOE HEART WREATH GREEN,545
Regular Customers,MIXED NUTS LIGHT GREEN BOWL,114
Regular Customers,MOBILE VINTAGE HEARTS ,99
Regular Customers,MOCK LOBSTER FRIDGE MAGNET,161
Regular Customers,MODERN FLORAL STATIONERY SET,808
Regular Customers,MODERN VINTAGE COTTON SHOPPING BAG,16
Regular Customers,MONEY BOX BISCUITS DESIGN,95
Regular Customers,MONEY BOX CONFECTIONERY DESIGN,127
Regular Customers,MONEY BOX FIRST ADE DESIGN,16
Regular Customers,MONEY BOX FIRST AID DESIGN,34
Regular Customers,MONEY BOX HOUSEKEEPING DESIGN,109
Regular Customers,MONEY BOX KINGS CHOICE DESIGN,205
Regular Customers,MONEY BOX POCKET MONEY DESIGN,210
Regular Customers,MONSTERS STENCIL CRAFT,968
Regular Customers,MOODY BOY  DOOR HANGER ,612
Regular Customers,MOODY GIRL DOOR HANGER ,873
Regular Customers,MOP PENDANT SHELL NECKLACE,5
Regular Customers,MORE BUTTER METAL SIGN ,314
Regular Customers,MOROCCAN BEATEN METAL DISH,8
Regular Customers,MOROCCAN BEATEN METAL DISH LARGE,8
Regular Customers,MOROCCAN BEATEN METAL MIRROR,7
Regular Customers,MOROCCAN TEA GLASS,2266
Regular Customers,MOTHER'S KITCHEN SPOON REST ,104
Regular Customers,MOTORING TISSUE BOX,1288
Regular Customers,MOUSE TOY WITH PINK T-SHIRT,217
Regular Customers,MOUSEY LONG LEGS SOFT TOY,26
Regular Customers,MR ROBOT SOFT TOY,152
Regular Customers,MRS ROBOT SOFT TOY,97
Regular Customers,MULTI COLOUR SILVER T-LIGHT HOLDER,4826
Regular Customers,MULTI HEARTS  STICKERS,136
Regular Customers,MULTICOLOUR  CONFETTI IN TUBE,123
Regular Customers,MULTICOLOUR 3D BALLS GARLAND,125
Regular Customers,MULTICOLOUR EASTER RABBIT ,6
Regular Customers,MULTICOLOUR HONEYCOMB FAN,381
Regular Customers,MULTICOLOUR HONEYCOMB PAPER GARLAND,203
Regular Customers,MULTICOLOUR POLKADOT PLATE,12
Regular Customers,MULTICOLOUR RABBIT EGG WARMER,140
Regular Customers,MULTICOLOUR SPRING FLOWER MUG,1338
Regular Customers,MUM'S KITCHEN CLOCK,73
Regular Customers,MURANO STYLE GLASS BRACELET GOLD,7
Regular Customers,MURANO STYLE GLASS BRACELET RED,3
Regular Customers,MUSICAL ZINC HEART DECORATION ,1836
Regular Customers,Manual,1038
Regular Customers,N0 SINGING METAL SIGN,193
Regular Customers,NAMASTE SWAGAT INCENSE,819
Regular Customers,NATURAL HANGING QUILTED HEARTS ,1241
Regular Customers,NATURAL SLATE CHALKBOARD LARGE ,801
Regular Customers,NATURAL SLATE HEART CHALKBOARD ,5028
Regular Customers,NATURAL SLATE RECTANGLE CHALKBOARD,1919
Regular Customers,NECKLACE+BRACELET PINK BUTTERFLY,26
Regular Customers,NECKLACE+BRACELET SET BLUE BLOSSOM,7
Regular Customers,NECKLACE+BRACELET SET BLUE HIBISCUS,17
Regular Customers,NECKLACE+BRACELET SET FRUIT SALAD ,8
Regular Customers,NECKLACE+BRACELET SET PINK DAISY,1
Regular Customers,NEW BAROQUE B'FLY NECKLACE PINK,1
Regular Customers,NEW BAROQUE B'FLY NECKLACE RED,2
Regular Customers,NEW BAROQUE BLACK BOXES,2
Regular Customers,NEW BAROQUE BLACK PHOTO ALBUM,16
Regular Customers,NEW BAROQUE JEWELLERY BOX ,25
Regular Customers,NEW BAROQUE LARGE NECKLACE BLK/WHIT,2
Regular Customers,NEW BAROQUE SMALL NECKLACE BLACK,1
Regular Customers,NEW ENGLAND MUG W GIFT BOX,1
Regular Customers,NINJA RABBIT BLACK,52
Regular Customers,NINJA RABBIT PINK,55
Regular Customers,NO JUNK MAIL METAL SIGN,922
Regular Customers,NO SINGING METAL SIGN,1948
Regular Customers,NOEL GARLAND PAINTED ZINC ,824
Regular Customers,NOEL WOODEN BLOCK LETTERS ,221
Regular Customers,NOVELTY BISCUITS CAKE STAND 3 TIER,151
Regular Customers,NUMBER TILE COTTAGE GARDEN 0 ,37
Regular Customers,NUMBER TILE COTTAGE GARDEN 1,48
Regular Customers,NUMBER TILE COTTAGE GARDEN 2,49
Regular Customers,NUMBER TILE COTTAGE GARDEN 3 ,35
Regular Customers,NUMBER TILE COTTAGE GARDEN 4,36
Regular Customers,NUMBER TILE COTTAGE GARDEN 5,29
Regular Customers,NUMBER TILE COTTAGE GARDEN 6,36
Regular Customers,NUMBER TILE COTTAGE GARDEN 7,31
Regular Customers,NUMBER TILE COTTAGE GARDEN 8,35
Regular Customers,NUMBER TILE COTTAGE GARDEN 9,35
Regular Customers,NUMBER TILE COTTAGE GARDEN No,39
Regular Customers,NUMBER TILE VINTAGE FONT 0,10
Regular Customers,NUMBER TILE VINTAGE FONT 1,18
Regular Customers,NUMBER TILE VINTAGE FONT 2,25
Regular Customers,NUMBER TILE VINTAGE FONT 3,26
Regular Customers,NUMBER TILE VINTAGE FONT 4,26
Regular Customers,NUMBER TILE VINTAGE FONT 5,18
Regular Customers,NUMBER TILE VINTAGE FONT 6 ,27
Regular Customers,NUMBER TILE VINTAGE FONT 7,18
Regular Customers,NUMBER TILE VINTAGE FONT 8,14
Regular Customers,NUMBER TILE VINTAGE FONT 9 ,11
Regular Customers,NUMBER TILE VINTAGE FONT No ,10
Regular Customers,NURSE'S BAG SOFT TOY,29
Regular Customers,"NURSERY A,B,C PAINTED LETTERS",125
Regular Customers,Next Day Carriage,64
Regular Customers,OCEAN SCENT CANDLE IN JEWELLED BOX,372
Regular Customers,OFFICE MUG WARMER BLACK+SILVER ,318
Regular Customers,OFFICE MUG WARMER CHOC+BLUE,205
Regular Customers,OFFICE MUG WARMER PINK,157
Regular Customers,OFFICE MUG WARMER POLKADOT,275
Regular Customers,OLD DOC RUSSEL METAL SIGN,1
Regular Customers,OPEN CLOSED METAL SIGN,579
Regular Customers,OPIUM SCENTED VOTIVE CANDLE,288
Regular Customers,ORANGE FLOWER MUG ,4
Regular Customers,ORANGE SCENTED SET/9 T-LIGHTS,318
Regular Customers,ORANGE TV TRAY TABLE ,44
Regular Customers,ORANGE VOTIVE CANDLE,312
Regular Customers,ORGANISER WOOD ANTIQUE WHITE ,72
Regular Customers,ORIENTAL RED CUSHION COVER ,13
Regular Customers,ORIGAMI JASMINE INCENSE/CANDLE SET,221
Regular Customers,ORIGAMI LAVENDER INCENSE/CANDL SET ,296
Regular Customers,ORIGAMI OPIUM INCENSE/CANDLE SET ,5
Regular Customers,ORIGAMI ROSE INCENSE IN TUBE,231
Regular Customers,ORIGAMI ROSE INCENSE/CANDLE SET ,273
Regular Customers,ORIGAMI SANDLEWOOD INCENSE+FLOWER,56
Regular Customers,ORIGAMI SANDLEWOOD INCENSE/CAND SET,299
Regular Customers,ORIGAMI VANILLA INCENSE CONES,30
Regular Customers,ORIGAMI VANILLA INCENSE/CANDLE SET ,209
Regular Customers,OVAL  MINI PORTRAIT FRAME,196
Regular Customers,OVEN MITT APPLES DESIGN,712
Regular Customers,OVERNIGHT BAG VINTAGE ROSE PAISLEY,162
Regular Customers,OWL DOORSTOP,326
Regular Customers,OYSTER TRINKET BOX,17
Regular Customers,PACK 20 ENGLISH ROSE PAPER NAPKINS,276
Regular Customers,PACK 3 BOXES BIRD PANETTONE ,70
Regular Customers,PACK 3 BOXES BIRD PANNETONE ,879
Regular Customers,PACK 3 BOXES CHRISTMAS PANETTONE,12
Regular Customers,PACK 3 BOXES CHRISTMAS PANNETONE,943
Regular Customers,PACK 3 FIRE ENGINE/CAR PATCHES,55
Regular Customers,PACK 3 IRON ON DOG PATCHES,151
Regular Customers,PACK 6 HEART/ICE-CREAM PATCHES,218
Regular Customers,PACK OF 12 50'S CHRISTMAS TISSUES,2720
Regular Customers,PACK OF 12 BLUE PAISLEY TISSUES ,1521
Regular Customers,PACK OF 12 CHRISTMAS FUN CARDS,47
Regular Customers,PACK OF 12 CIRCUS PARADE TISSUES ,949
Regular Customers,PACK OF 12 COLOURED PENCILS,2432
Regular Customers,PACK OF 12 DOILEY TISSUES,24
Regular Customers,PACK OF 12 DOLLY GIRL TISSUES,1073
Regular Customers,PACK OF 12 HEARTS DESIGN TISSUES ,6376
Regular Customers,PACK OF 12 LONDON TISSUES ,9305
Regular Customers,PACK OF 12 PAISLEY PARK TISSUES ,1303
Regular Customers,PACK OF 12 PINK PAISLEY TISSUES ,1632
Regular Customers,PACK OF 12 PINK POLKADOT TISSUES,2772
Regular Customers,PACK OF 12 RED APPLE TISSUES,1110
Regular Customers,PACK OF 12 RED RETROSPOT TISSUES ,2960
Regular Customers,PACK OF 12 SKULL TISSUES,4029
Regular Customers,PACK OF 12 SPACEBOY TISSUES,2092
Regular Customers,PACK OF 12 STICKY BUNNIES,493
Regular Customers,PACK OF 12 SUKI TISSUES ,4745
Regular Customers,PACK OF 12 TRADITIONAL CRAYONS,4668
Regular Customers,PACK OF 12 VINTAGE CHRISTMAS TISSUE,2108
Regular Customers,PACK OF 12 VINTAGE DOILY TISSUES,1642
Regular Customers,PACK OF 12 VINTAGE LEAF TISSUES ,1382
Regular Customers,PACK OF 12 WOODLAND TISSUES ,3710
Regular Customers,PACK OF 20 NAPKINS PANTRY DESIGN,2748
Regular Customers,PACK OF 20 NAPKINS RED APPLES,1639
Regular Customers,PACK OF 20 SKULL PAPER NAPKINS,780
Regular Customers,PACK OF 20 SPACEBOY NAPKINS,565
Regular Customers,PACK OF 6 BIRDY GIFT TAGS,3785
Regular Customers,PACK OF 6 COCKTAIL PARASOL STRAWS,753
Regular Customers,PACK OF 6 HANDBAG GIFT BOXES,224
Regular Customers,PACK OF 6 LARGE FRUIT STRAWS ,1054
Regular Customers,PACK OF 6 PANETTONE GIFT BOXES,75
Regular Customers,PACK OF 6 PANNETONE GIFT BOXES,676
Regular Customers,PACK OF 6 SANDCASTLE FLAGS ASSORTED,998
Regular Customers,PACK OF 6 SKULL PAPER CUPS,721
Regular Customers,PACK OF 6 SKULL PAPER PLATES,667
Regular Customers,PACK OF 6 SMALL FRUIT STRAWS,683
Regular Customers,PACK OF 6 SWEETIE GIFT BOXES,345
Regular Customers,PACK OF 60 DINOSAUR CAKE CASES,7838
Regular Customers,PACK OF 60 MUSHROOM CAKE CASES,2278
Regular Customers,PACK OF 60 PINK PAISLEY CAKE CASES,10429
Regular Customers,PACK OF 60 SPACEBOY CAKE CASES,3537
Regular Customers,PACK OF 72 RETROSPOT CAKE CASES,16616
Regular Customers,PACK OF 72 SKULL CAKE CASES,8581
Regular Customers,PACK OF SIX LED TEA LIGHTS,1331
Regular Customers,PACK/12 BLUE FOLKART CARDS,19
Regular Customers,PACK/12 XMAS FUN CARD,3
Regular Customers,PACKING CHARGE,12
Regular Customers,PADS TO MATCH ALL CUSHIONS,2
Regular Customers,PAINT YOUR OWN CANVAS SET,1258
Regular Customers,PAINT YOUR OWN EGGS IN CRATE,20
Regular Customers,PAINTED HEART WREATH WITH BELL,12
Regular Customers,PAINTED LIGHTBULB RAINBOW DESIGN,13
Regular Customers,PAINTED LIGHTBULB STAR+ MOON,57
Regular Customers,PAINTED METAL HEART WITH HOLLY BELL,906
Regular Customers,PAINTED METAL PEARS ASSORTED,2683
Regular Customers,PAINTED METAL STAR WITH HOLLY BELLS,1109
Regular Customers,PAINTED PINK RABBIT ,235
Regular Customers,PAINTED SEA SHELL METAL WINDCHIME,26
Regular Customers,PAINTED YELLOW WOODEN DAISY,213
Regular Customers,PAIR BUTTERFLY HAIR CLIPS,4
Regular Customers,PAIR OF ENAMEL BUTTERFLY HAIRCLIP,6
Regular Customers,PAIR OF PINK FLOWER CLUSTER SLIDE,3
Regular Customers,PAIR PADDED HANGERS PINK CHECK,49
Regular Customers,PAISLEY PARK CARD,204
Regular Customers,PAISLEY PATTERN  STICKERS,79
Regular Customers,PANDA AND BUNNIES STICKER SHEET,166
Regular Customers,PANTRY 3 HOOK ROLLING PIN HANGER,154
Regular Customers,PANTRY APPLE CORER,167
Regular Customers,PANTRY CHOPPING BOARD,125
Regular Customers,PANTRY HOOK BALLOON WHISK ,160
Regular Customers,PANTRY HOOK SPATULA,139
Regular Customers,PANTRY HOOK TEA STRAINER ,146
Regular Customers,PANTRY KITCHEN THERMOMETER ,76
Regular Customers,PANTRY MAGNETIC  SHOPPING LIST,2032
Regular Customers,PANTRY PASTRY BRUSH,678
Regular Customers,PANTRY ROLLING PIN,570
Regular Customers,PANTRY SCRUBBING BRUSH,985
Regular Customers,PANTRY WASHING UP BRUSH,1486
Regular Customers,PAPER BUNTING COLOURED LACE,377
Regular Customers,PAPER BUNTING PAISLEY PARK,116
Regular Customers,PAPER BUNTING RETROSPOT,2135
Regular Customers,PAPER BUNTING VINTAGE PAISLEY,505
Regular Customers,PAPER BUNTING VINTAGE PARTY,149
Regular Customers,PAPER BUNTING WHITE LACE,1163
Regular Customers,PAPER CHAIN KIT 50'S CHRISTMAS ,8459
Regular Customers,PAPER CHAIN KIT EMPIRE,2201
Regular Customers,PAPER CHAIN KIT LONDON,211
Regular Customers,PAPER CHAIN KIT RETROSPOT,2374
Regular Customers,PAPER CHAIN KIT SKULLS ,292
Regular Customers,PAPER CHAIN KIT VINTAGE CHRISTMAS,5101
Regular Customers,PAPER LANTERN 5 POINT SEQUIN STAR,37
Regular Customers,PAPER LANTERN 5 POINT STAR MOON ,97
Regular Customers,PAPER LANTERN 5 POINT STAR MOON 30,4
Regular Customers,PAPER LANTERN 5 POINT STUDDED STAR,4
Regular Customers,PAPER LANTERN 6 POINT SNOW STAR,18
Regular Customers,PAPER LANTERN 7 POINT SNOW STAR,81
Regular Customers,PAPER LANTERN 9 POINT DELUXE STAR,61
Regular Customers,PAPER LANTERN 9 POINT HOLLY STAR 23,12
Regular Customers,PAPER LANTERN 9 POINT HOLLY STAR L,57
Regular Customers,PAPER LANTERN 9 POINT HOLLY STAR S,62
Regular Customers,PAPER LANTERN 9 POINT SNOW STAR,227
Regular Customers,PAPER LANTERN 9 POINT SNOW STAR ,86
Regular Customers,PAPER POCKET TRAVELING FAN ,3439
Regular Customers,PAPERWEIGHT CHILDHOOD MEMORIES,164
Regular Customers,PAPERWEIGHT HOME SWEET HOME,80
Regular Customers,PAPERWEIGHT KINGS CHOICE ,84
Regular Customers,PAPERWEIGHT SAVE THE PLANET,180
Regular Customers,PAPERWEIGHT VINTAGE COLLAGE,281
Regular Customers,PAPERWEIGHT VINTAGE PAISLEY,93
Regular Customers,PARISIENNE CURIO CABINET,268
Regular Customers,PARISIENNE JEWELLERY DRAWER ,410
Regular Customers,PARISIENNE KEY CABINET ,342
Regular Customers,PARISIENNE SEWING BOX,149
Regular Customers,PARLOUR CERAMIC WALL HOOK,325
Regular Customers,PARTY BUNTING,7220
Regular Customers,PARTY CHARMS 50 PIECES,1127
Regular Customers,PARTY CONE CHRISTMAS DECORATION ,1085
Regular Customers,PARTY CONES CANDY ASSORTED,1027
Regular Customers,PARTY CONES CANDY DECORATION,48
Regular Customers,PARTY CONES CANDY TREE DECORATION,438
Regular Customers,PARTY CONES CARNIVAL ASSORTED,138
Regular Customers,PARTY FOOD SHOPPER BAG,113
Regular Customers,PARTY INVITES BALLOON GIRL,262
Regular Customers,PARTY INVITES DINOSAURS,458
Regular Customers,PARTY INVITES FOOTBALL,299
Regular Customers,PARTY INVITES JAZZ HEARTS,367
Regular Customers,PARTY INVITES SPACEMAN,348
Regular Customers,PARTY INVITES WOODLAND,400
Regular Customers,PARTY METAL SIGN ,1450
Regular Customers,PARTY PIZZA DISH BLUE POLKADOT,270
Regular Customers,PARTY PIZZA DISH GREEN POLKADOT,238
Regular Customers,PARTY PIZZA DISH PINK POLKADOT,274
Regular Customers,PARTY PIZZA DISH RED RETROSPOT,561
Regular Customers,PARTY TIME DESIGN FLANNEL,22
Regular Customers,PARTY TIME PENCIL ERASERS,814
Regular Customers,PASTEL COLOUR HONEYCOMB FAN,438
Regular Customers,PEACE SMALL WOOD LETTERS,10
Regular Customers,PEACE WOODEN BLOCK LETTERS,227
Regular Customers,PEACH KNITTED HEN ,18
Regular Customers,"PEARL & SHELL 42""NECKL. IVORY",2
Regular Customers,PEARL AND CHERRY QUARTZ BRACLET,2
Regular Customers,PEARL CRYSTAL PUMPKIN T-LIGHT HLDR,942
Regular Customers,PEARLISED IVORY HEART LARGE ,178
Regular Customers,PEARLISED IVORY HEART SMALL ,133
Regular Customers,PEG BAG APPLES DESIGN,815
Regular Customers,PENCIL CASE LIFE IS BEAUTIFUL,280
Regular Customers,PENNY FARTHING BIRTHDAY CARD,1500
Regular Customers,PENS ASSORTED FUNKY JEWELED ,1980
Regular Customers,PENS ASSORTED FUNNY FACE,5042
Regular Customers,PENS ASSORTED SPACEBALL,2952
Regular Customers,PERIWINKLE T-LIGHT HOLDER,28
Regular Customers,"PET MUG, GOLDFISH",13
Regular Customers,PETIT TRAY CHIC,648
Regular Customers,PHARMACIE FIRST AID TIN,137
Regular Customers,PHOTO CLIP LINE,149
Regular Customers,PHOTO CUBE,788
Regular Customers,PHOTO FRAME 3 CLASSIC HANGING,297
Regular Customers,PHOTO FRAME CORNICE,1427
Regular Customers,PHOTO FRAME LINEN AND LACE LARGE,149
Regular Customers,PHOTO FRAME LINEN AND LACE SMALL,215
Regular Customers,PICNIC BASKET WICKER LARGE,287
Regular Customers,PICNIC BASKET WICKER SMALL,519
Regular Customers,PICNIC BOXES SET OF 3 RETROSPOT ,258
Regular Customers,PICTURE DOMINOES,1777
Regular Customers,PICTURE FRAME WOOD TRIPLE PORTRAIT,461
Regular Customers,PIECE OF CAMO STATIONERY SET,1752
Regular Customers,PIG KEYRING WITH LIGHT & SOUND ,986
Regular Customers,PIG MUG IN TWO COLOUR DESIGNS,102
Regular Customers,PIGGY BANK RETROSPOT ,898
Regular Customers,PIN CUSHION BABUSHKA BLUE,60
Regular Customers,PIN CUSHION BABUSHKA PINK,94
Regular Customers,PIN CUSHION BABUSHKA RED,114
Regular Customers,PING MICROWAVE APRON,282
Regular Customers,PING! MICROWAVE PLATE,54
Regular Customers,PINK  HEART CONFETTI IN TUBE,341
Regular Customers,PINK  HEART SHAPE LOVE BUCKET ,381
Regular Customers,PINK  HONEYCOMB PAPER BALL ,255
Regular Customers,PINK  HONEYCOMB PAPER FAN,261
Regular Customers,PINK  POLKADOT CUP,1096
Regular Customers,PINK  POLKADOT PLATE ,781
Regular Customers,PINK & WHITE BREAKFAST TRAY,25
Regular Customers,PINK & WHITE ROSEBUD RING,5
Regular Customers,PINK 3 PIECE POLKADOT CUTLERY SET,797
Regular Customers,PINK ACRYLIC JEWEL SNOWFLAKE,12
Regular Customers,PINK AND BLACK STRING CURTAIN,38
Regular Customers,PINK AND WHITE CHRISTMAS TREE 120CM,144
Regular Customers,PINK B'FLY C/COVER W BOBBLES,4
Regular Customers,PINK BABY BUNTING,1121
Regular Customers,PINK BERTIE GLASS BEAD BAG CHARM,12
Regular Customers,PINK BITTY LIGHT CHAIN,52
Regular Customers,PINK BLUE FELT CRAFT TRINKET BOX,3073
Regular Customers,PINK BOUDICCA LARGE BRACELET,27
Regular Customers,PINK BOUDOIR T-LIGHT HOLDER,12
Regular Customers,PINK BREAKFAST CUP AND SAUCER ,10
Regular Customers,PINK BUNNY EASTER EGG BASKET,13
Regular Customers,PINK BUTTERFLY WASHBAG,7
Regular Customers,PINK CANDYSTUFT ARTIFICIAL FLOWER,59
Regular Customers,PINK CAT BOWL,106
Regular Customers,PINK CAT FLORAL CUSHION COVER ,6
Regular Customers,PINK CHICK EGG WARMER + EGG CUP,88
Regular Customers,PINK CLEAR GLASS CANDLE PLATE,22
Regular Customers,PINK CREAM FELT CRAFT TRINKET BOX ,4295
Regular Customers,PINK CRYSTAL GUITAR PHONE CHARM,1
Regular Customers,PINK CRYSTAL SKULL PHONE CHARM,12
Regular Customers,PINK CRYSTAL+GLASS BRACELET,8
Regular Customers,PINK DIAMANTE PEN IN GIFT BOX,25
Regular Customers,PINK DINER WALL CLOCK,208
Regular Customers,PINK DISCO HANDBAG,56
Regular Customers,PINK DOG BOWL,166
Regular Customers,PINK DOG CANNISTER,2
Regular Customers,PINK DOUGHNUT TRINKET POT ,915
Regular Customers,PINK DRAWER KNOB ACRYLIC EDWARDIAN,1518
Regular Customers,PINK EASTER HENS+FLOWER,3
Regular Customers,PINK ENAMEL FLOWER HAIR TIE,6
Regular Customers,PINK ENAMEL+GLASS HAIR COMB,228
Regular Customers,PINK FAIRY CAKE CHILDRENS APRON,1779
Regular Customers,PINK FAIRY CAKE CUSHION COVER,86
Regular Customers,PINK FEATHERS CURTAIN,32
Regular Customers,PINK FELT EASTER EGG BASKET,11
Regular Customers,PINK FELT EASTER RABBIT GARLAND,62
Regular Customers,PINK FELT HANGING HEART W FLOWER,42
Regular Customers,PINK FLOCK GLASS CANDLEHOLDER,32
Regular Customers,PINK FLOCK SUEDE CUSHION COVER ,6
Regular Customers,PINK FLORAL FELTCRAFT SHOULDER BAG,850
Regular Customers,PINK FLOWER CROCHET FOOD COVER,121
Regular Customers,PINK FLOWER FABRIC PONY,45
Regular Customers,PINK FLOWERS RABBIT EASTER,13
Regular Customers,PINK FLY SWAT,44
Regular Customers,PINK FOXGLOVE ARTIIFCIAL FLOWER,11
Regular Customers,PINK GAUZE BUTTERFLY LAMPSHADE,13
Regular Customers,PINK GINGHAM CAT WITH SCARF,54
Regular Customers,PINK GLASS CANDLEHOLDER,113
Regular Customers,PINK GLASS TASSLE BAG CHARM ,6
Regular Customers,PINK GOOSE FEATHER TREE 60CM,108
Regular Customers,PINK GREEN EMBROIDERY COSMETIC BAG,6
Regular Customers,PINK HANGING GINGHAM EASTER HEN,26
Regular Customers,PINK HANGING HEART T-LIGHT HOLDER,157
Regular Customers,PINK HAPPY BIRTHDAY BUNTING,795
Regular Customers,PINK HAWAIIAN PICNIC HAMPER FOR 2,8
Regular Customers,PINK HEART DOTS HOT WATER BOTTLE,3
Regular Customers,PINK HEART OF GLASS BRACELET,9
Regular Customers,PINK HEART RED HANDBAG,1
Regular Customers,PINK HEART SHAPE EGG FRYING PAN,823
Regular Customers,PINK HEART SHAPE PHOTO FRAME,98
Regular Customers,PINK HEARTS LIGHT CHAIN ,64
Regular Customers,PINK HEARTS PAPER GARLAND,2
Regular Customers,PINK HORSE SOCK PUPPET,193
Regular Customers,PINK HORSE SOCK PUPPET KIT,41
Regular Customers,PINK HYDRANGEA ART FLOWER,24
Regular Customers,PINK JEWELLED MIRROR TRINKET TRAY,12
Regular Customers,PINK JEWELLED PHOTO FRAME,8
Regular Customers,PINK JEWELLED PHOTO FRAME ,43
Regular Customers,PINK KNITTED EGG COSY,113
Regular Customers,PINK LOVE BIRD CANDLE,110
Regular Customers,PINK LOVE HEART SHAPE CUP,257
Regular Customers,PINK METAL CHICKEN HEART ,157
Regular Customers,PINK METAL SWINGING BUNNY,42
Regular Customers,PINK MONTE CARLO HANDBAG,62
Regular Customers,PINK MURANO TWIST NECKLACE,6
Regular Customers,PINK NEW BAROQUE FLOCK CANDLESTICK,3
Regular Customers,PINK NEW BAROQUECANDLESTICK CANDLE,328
Regular Customers,PINK OVAL JEWELLED MIRROR,16
Regular Customers,PINK OVAL SHAPE TRINKET BOX,15
Regular Customers,PINK OWL SOFT TOY,402
Regular Customers,PINK PADDED MOBILE,88
Regular Customers,PINK PAINTED KASHMIRI CHAIR,4
Regular Customers,PINK PAISLEY CUSHION COVER ,8
Regular Customers,PINK PAISLEY ROSE GIFT WRAP,800
Regular Customers,PINK PAISLEY SQUARE TISSUE BOX ,906
Regular Customers,PINK PAPER PARASOL ,184
Regular Customers,PINK PARTY BAGS,659
Regular Customers,PINK PARTY SUNGLASSES,11
Regular Customers,PINK PILLAR CANDLE SILVER FLOCK,78
Regular Customers,PINK POLKADOT BOWL,1029
Regular Customers,PINK POLKADOT CHILDRENS UMBRELLA,66
Regular Customers,PINK POLKADOT GARDEN PARASOL,63
Regular Customers,PINK POLKADOT PLATE ,50
Regular Customers,PINK POLKADOT WRAP ,3950
Regular Customers,PINK POT PLANT CANDLE,118
Regular Customers,PINK REGENCY TEACUP AND SAUCER,2295
Regular Customers,PINK RETRO BIG FLOWER BAG,20
Regular Customers,PINK RIVIERA HANDBAG,3
Regular Customers,PINK ROSE FABRIC MIRROR,82
Regular Customers,PINK ROSE WASHBAG,46
Regular Customers,PINK ROSEBUD & PEARL NECKLACE,2
Regular Customers,PINK ROSEBUD PEARL BRACELET,17
Regular Customers,PINK ROUND COMPACT MIRROR,12
Regular Customers,PINK SCOTTIE DOG W FLOWER PATTERN,64
Regular Customers,PINK SMALL GLASS CAKE STAND,24
Regular Customers,PINK SMALL JEWELLED PHOTOFRAME,11
Regular Customers,PINK SPOTS CHOCOLATE NESTING BOXES ,25
Regular Customers,PINK SQUARE TABLE CLOCK,62
Regular Customers,PINK STITCHED WALL CLOCK,190
Regular Customers,PINK STOCKING CHRISTMAS DECORATION,157
Regular Customers,PINK STRAWBERRY HANDBAG ,9
Regular Customers,PINK STRING CURTAIN WITH POLE,18
Regular Customers,PINK SWEETHEART BRACELET,78
Regular Customers,PINK TALL PORCELAIN T-LIGHT HOLDER ,1
Regular Customers,PINK UNION JACK  LUGGAGE TAG,130
Regular Customers,PINK UNION JACK  PASSPORT COVER ,94
Regular Customers,PINK VINTAGE PAISLEY PICNIC BAG,1110
Regular Customers,PINK VINTAGE SPOT BEAKER,674
Regular Customers,PINK VINTAGE VICTORIAN EARRINGS,9
Regular Customers,PINK YELLOW PATCH CUSHION COVER,2
Regular Customers,PINK/BLUE DISC/MIRROR STRING,55
Regular Customers,PINK/BLUE STRING CURTAIN ,8
Regular Customers,PINK/GREEN FLOWER DESIGN BIG MUG,32
Regular Customers,PINK/PURPLE CIRCLE CURTAIN,23
Regular Customers,PINK/PURPLE RETRO RADIO,118
Regular Customers,"PINK/WHITE ""KEEP CLEAN"" BULLET BIN",37
Regular Customers,PINK/WHITE CHRISTMAS TREE 30CM,46
Regular Customers,PINK/WHITE CHRISTMAS TREE 60CM,341
Regular Customers,PINK/WHITE GLASS DEMI CHOKER,2
Regular Customers,PINK/WHITE RIBBED MELAMINE JUG,2
Regular Customers,PINK/YELLOW FLOWERS HANDBAG,36
Regular Customers,PIZZA PLATE IN BOX,106
Regular Customers,PLACE SETTING WHITE HEART,6472
Regular Customers,PLACE SETTING WHITE STAR,866
Regular Customers,PLASMATRONIC LAMP,33
Regular Customers,PLASTERS IN TIN CIRCUS PARADE ,2999
Regular Customers,PLASTERS IN TIN SKULLS,2393
Regular Customers,PLASTERS IN TIN SPACEBOY,3404
Regular Customers,PLASTERS IN TIN STRONGMAN,2457
Regular Customers,PLASTERS IN TIN VINTAGE PAISLEY ,2422
Regular Customers,PLASTERS IN TIN WOODLAND ANIMALS,3788
Regular Customers,PLAYING CARDS I LOVE LONDON ,546
Regular Customers,PLAYING CARDS JUBILEE UNION JACK,1361
Regular Customers,PLAYING CARDS KEEP CALM & CARRY ON,2929
Regular Customers,PLAYING CARDS VINTAGE DOILY ,479
Regular Customers,PLEASE ONE PERSON METAL SIGN,4732
Regular Customers,POCKET BAG BLUE PAISLEY RED SPOT,374
Regular Customers,POCKET BAG PINK PAISELY BROWN SPOT,138
Regular Customers,"POCKET MIRROR ""GLAMOROUS""",4
Regular Customers,POCKET MIRROR WOODLAND,8
Regular Customers,POLKA DOT RAFFIA FOOD COVER,106
Regular Customers,POLKADOT COFFEE CUP & SAUCER PINK,823
Regular Customers,POLKADOT MUG PINK ,22
Regular Customers,POLKADOT PEN,3800
Regular Customers,POLKADOT RAIN HAT ,843
Regular Customers,POLYESTER FILLER PAD 30CMx30CM,67
Regular Customers,POLYESTER FILLER PAD 40x40cm,1119
Regular Customers,POLYESTER FILLER PAD 45x30cm,51
Regular Customers,POLYESTER FILLER PAD 45x45cm,608
Regular Customers,POLYESTER FILLER PAD 65CMx65CM,11
Regular Customers,POMPOM CURTAIN,260
Regular Customers,POPART RECT PENCIL SHARPENER ASST,764
Regular Customers,POPART WOODEN PENCILS ASST,6600
Regular Customers,POPCORN HOLDER,9418
Regular Customers,POPPY FIELDS CHOPPING BOARD,73
Regular Customers,POPPY'S PLAYHOUSE BATHROOM,386
Regular Customers,POPPY'S PLAYHOUSE BEDROOM ,889
Regular Customers,POPPY'S PLAYHOUSE KITCHEN,990
Regular Customers,POPPY'S PLAYHOUSE LIVINGROOM ,598
Regular Customers,PORCELAIN BUDAH INCENSE HOLDER,691
Regular Customers,PORCELAIN BUTTERFLY OIL BURNER,41
Regular Customers,PORCELAIN ROSE LARGE ,57
Regular Customers,PORCELAIN ROSE SMALL,743
Regular Customers,PORCELAIN T-LIGHT HOLDERS ASSORTED,529
Regular Customers,POSTAGE,2131
Regular Customers,POSTE FRANCE CUSHION COVER,303
Regular Customers,POSY CANDY BAG,29
Regular Customers,POTTERING IN THE SHED METAL SIGN,1599
Regular Customers,POTTERING MUG,1126
Regular Customers,POTTING SHED ROSE CANDLE,4
Regular Customers,POTTING SHED SEED ENVELOPES,302
Regular Customers,POTTING SHED TEA MUG,1391
Regular Customers,POTTING SHED TWINE,200
Regular Customers,PRETTY HANGING QUILTED HEARTS,996
Regular Customers,PSYCHEDELIC METAL SIGN CALENDAR,10
Regular Customers,PSYCHEDELIC TILE COASTER,262
Regular Customers,PSYCHEDELIC TILE HOOK,277
Regular Customers,PSYCHEDELIC WALL THERMOMETER,70
Regular Customers,PURPLE ACRYLIC FACETED BANGLE,32
Regular Customers,PURPLE AMETHYST NECKLACE W TASSEL,1
Regular Customers,PURPLE ANEMONE ARTIFICIAL FLOWER,4
Regular Customers,PURPLE BERTIE GLASS BEAD BAG CHARM,1
Regular Customers,PURPLE BOUDICCA LARGE BRACELET,28
Regular Customers,PURPLE CHUNKY GLASS+BEAD NECKLACE,1
Regular Customers,PURPLE DRAWERKNOB ACRYLIC EDWARDIAN,985
Regular Customers,PURPLE ENAMEL FLOWER RING,34
Regular Customers,PURPLE ENAMEL+GLASS HAIR COMB,78
Regular Customers,PURPLE FOXGLOVE ARTIIFCIAL FLOWER,1
Regular Customers,PURPLE GEMSTONE BRACELET,15
Regular Customers,PURPLE GEMSTONE NECKLACE 45CM,7
Regular Customers,PURPLE GLASS TASSLE BAG CHARM,6
Regular Customers,PURPLE LAS VEGAS BRACELET ROUND,3
Regular Customers,PURPLE PAPER PARASOL,114
Regular Customers,PURPLE SWEETHEART BRACELET,38
Regular Customers,PURPLE/BLUE CERAMIC CANDLE HOLDER,2
Regular Customers,PURPLE/COPPER HANGING LAMPSHADE,14
Regular Customers,PURPLE/TURQ FLOWERS HANDBAG,2
Regular Customers,QUEEN OF SKIES LUGGAGE TAG,22
Regular Customers,QUEEN OF THE SKIES HOLIDAY PURSE ,1
Regular Customers,QUEEN OF THE SKIES PASSPORT COVER ,35
Regular Customers,QUEENS GUARD COFFEE MUG,1180
Regular Customers,RABBIT  DESIGN  COTTON TOTE BAG,80
Regular Customers,RABBIT EASTER DECORATION,7
Regular Customers,RABBIT NIGHT LIGHT,12153
Regular Customers,RAIN PONCHO ,1
Regular Customers,RAIN PONCHO RETROSPOT,1863
Regular Customers,RAINBOW PEGS PHOTO CLIP STRING,41
Regular Customers,RAINY LADIES BIRTHDAY CARD,1081
Regular Customers,RASPBERRY ANT COPPER FLOWER NECKLAC,7
Regular Customers,RASTA IN BATH W SPLIFF ASHTRAY,6
Regular Customers,RATTLE SNAKE EGGS,494
Regular Customers,RECIPE BOX BLUE SKETCHBOOK DESIGN,701
Regular Customers,RECIPE BOX PANTRY YELLOW DESIGN,2264
Regular Customers,RECIPE BOX RETROSPOT ,978
Regular Customers,RECIPE BOX WITH METAL HEART,5
Regular Customers,"RECORD FRAME 7"" SINGLE SIZE ",1079
Regular Customers,RECTANGULAR SHAPED MIRROR,285
Regular Customers,RECYCLED ACAPULCO MAT BLUE,164
Regular Customers,RECYCLED ACAPULCO MAT GREEN,234
Regular Customers,RECYCLED ACAPULCO MAT LAVENDER,160
Regular Customers,RECYCLED ACAPULCO MAT PINK,179
Regular Customers,RECYCLED ACAPULCO MAT RED,180
Regular Customers,RECYCLED ACAPULCO MAT TURQUOISE,296
Regular Customers,RECYCLED PENCIL WITH RABBIT ERASER,1381
Regular Customers,RECYCLING BAG RETROSPOT ,1582
Regular Customers,RED   ACRYLIC FACETED BANGLE,12
Regular Customers,RED  EGG  SPOON,813
Regular Customers,RED  HARMONICA IN BOX ,5619
Regular Customers,RED 3 PIECE RETROSPOT CUTLERY SET,556
Regular Customers,RED APPLES CHOPPING BOARD   ,125
Regular Customers,RED BABY BUNTING ,620
Regular Customers,RED BOUDICCA LARGE BRACELET,18
Regular Customers,RED CHARLIE+LOLA PERSONAL DOORSIGN,644
Regular Customers,RED COAT RACK PARIS FASHION,127
Regular Customers,RED DAISY PAPER LAMPSHADE,39
Regular Customers,RED DAISY POCKET BOOK ,120
Regular Customers,RED DINER WALL CLOCK,694
Regular Customers,RED DRAGONFLY HELICOPTER,65
Regular Customers,RED DRAWER KNOB ACRYLIC EDWARDIAN,791
Regular Customers,RED ENAMEL FLOWER RING,39
Regular Customers,RED ENCHANTED FOREST PLACEMAT,277
Regular Customers,RED FLOCK LOVE HEART PHOTO FRAME,586
Regular Customers,RED FLORAL FELTCRAFT SHOULDER BAG,929
Regular Customers,RED FLOWER CROCHET FOOD COVER,144
Regular Customers,RED GINGHAM ROSE JEWELLERY BOX,964
Regular Customers,RED GINGHAM TEDDY BEAR ,352
Regular Customers,RED GLASS TASSLE BAG CHARM,15
Regular Customers,RED HANGING HEART T-LIGHT HOLDER,2662
Regular Customers,RED HEART LUGGAGE TAG,101
Regular Customers,RED HEART SHAPE LOVE BUCKET ,515
Regular Customers,RED HEARTS LIGHT CHAIN ,186
Regular Customers,RED KITCHEN SCALES,777
Regular Customers,RED KUKUI COCONUT SEED NECKLACE,78
Regular Customers,RED LOVE HEART SHAPE CUP,398
Regular Customers,RED METAL BEACH SPADE ,690
Regular Customers,RED METAL BOX TOP SECRET,373
Regular Customers,RED PAPER PARASOL,263
Regular Customers,RED PEONY CUSHION COVER ,14
Regular Customers,RED PEONY TABLE CLOCK,14
Regular Customers,RED POLKADOT BEAKER ,2372
Regular Customers,RED POLKADOT COFFEE  MUG,712
Regular Customers,RED POLKADOT PUDDING BOWL,7
Regular Customers,RED PUDDING SPOON,632
Regular Customers,RED PURSE WITH PINK HEART,2
Regular Customers,RED REFECTORY CLOCK ,128
Regular Customers,RED RETRO KITCHEN WALL CLOCK,34
Regular Customers,RED RETROSPOT APRON ,167
Regular Customers,RED RETROSPOT BIG BOWL,88
Regular Customers,RED RETROSPOT BOWL,1563
Regular Customers,RED RETROSPOT BUTTER DISH,468
Regular Customers,RED RETROSPOT CAKE STAND,604
Regular Customers,RED RETROSPOT CHARLOTTE BAG,5865
Regular Customers,RED RETROSPOT CHILDRENS UMBRELLA,700
Regular Customers,RED RETROSPOT CUP,1415
Regular Customers,RED RETROSPOT LUGGAGE TAG,131
Regular Customers,RED RETROSPOT MINI CASES,915
Regular Customers,RED RETROSPOT MUG,625
Regular Customers,RED RETROSPOT OVEN GLOVE ,1238
Regular Customers,RED RETROSPOT OVEN GLOVE DOUBLE,206
Regular Customers,RED RETROSPOT PEG BAG,1177
Regular Customers,RED RETROSPOT PICNIC BAG,1227
Regular Customers,RED RETROSPOT PLATE ,1134
Regular Customers,RED RETROSPOT PUDDING BOWL,135
Regular Customers,RED RETROSPOT PURSE ,239
Regular Customers,RED RETROSPOT ROUND CAKE TINS,287
Regular Customers,RED RETROSPOT SHOPPER BAG,2265
Regular Customers,RED RETROSPOT SHOPPING BAG,227
Regular Customers,RED RETROSPOT SMALL MILK JUG,1015
Regular Customers,RED RETROSPOT STORAGE JAR,114
Regular Customers,RED RETROSPOT SUGAR JAM BOWL,650
Regular Customers,RED RETROSPOT TAPE,941
Regular Customers,RED RETROSPOT TEA CUP AND SAUCER ,396
Regular Customers,RED RETROSPOT TISSUE BOX,1321
Regular Customers,RED RETROSPOT TRADITIONAL TEAPOT ,183
Regular Customers,RED RETROSPOT UMBRELLA,862
Regular Customers,RED RETROSPOT WASHBAG,24
Regular Customers,RED RETROSPOT WRAP ,6350
Regular Customers,RED ROCKING HORSE HAND PAINTED,1653
Regular Customers,RED ROSE AND LACE C/COVER,3
Regular Customers,RED SHARK HELICOPTER,22
Regular Customers,RED SPOT CERAMIC DRAWER KNOB,2128
Regular Customers,RED SPOT PAPER GIFT BAG,1397
Regular Customers,RED SPOTTY BISCUIT TIN,572
Regular Customers,RED STAR CARD HOLDER,575
Regular Customers,RED STRIPE CERAMIC DRAWER KNOB,2052
Regular Customers,RED TEA TOWEL CLASSIC DESIGN,300
Regular Customers,RED TOADSTOOL LED NIGHT LIGHT,4208
Regular Customers,RED VICTORIAN FABRIC OVAL BOX,324
Regular Customers,RED VINTAGE SPOT BEAKER,884
Regular Customers,RED WOOLLY HOTTIE WHITE HEART.,1312
Regular Customers,RED/CREAM STRIPE CUSHION COVER ,273
Regular Customers,REGENCY CAKE FORK,1002
Regular Customers,REGENCY CAKE SLICE,208
Regular Customers,REGENCY CAKESTAND 3 TIER,3943
Regular Customers,REGENCY MILK JUG PINK ,937
Regular Customers,REGENCY MIRROR WITH SHUTTERS,9
Regular Customers,REGENCY SUGAR BOWL GREEN,842
Regular Customers,REGENCY SUGAR TONGS,805
Regular Customers,REGENCY TEA PLATE GREEN ,2054
Regular Customers,REGENCY TEA PLATE PINK,1699
Regular Customers,REGENCY TEA PLATE ROSES ,2342
Regular Customers,REGENCY TEA SPOON,718
Regular Customers,REGENCY TEA STRAINER,641
Regular Customers,REGENCY TEAPOT ROSES ,827
Regular Customers,REINDEER HEART DECORATION GOLD,567
Regular Customers,REINDEER HEART DECORATION SILVER,1018
Regular Customers,RELAX LARGE WOOD LETTERS,57
Regular Customers,RESIN BRACELET W PASTEL BEADS,3
Regular Customers,RESIN NECKLACE W PASTEL BEADS,3
Regular Customers,RETO LEAVES MAGNETIC SHOPPING LIST,24
Regular Customers,"RETRO ""TEA FOR ONE"" ",8
Regular Customers,RETRO BROWN BALL ASHTRAY ,39
Regular Customers,RETRO COFFEE MUGS ASSORTED,549
Regular Customers,RETRO LEAVES MAGNETIC NOTEPAD,54
Regular Customers,RETRO LONGBOARD IRONING BOARD COVER,142
Regular Customers,RETRO MOD TRAY,572
Regular Customers,"RETRO PILL BOX , REVOLUTIONARY",64
Regular Customers,"RETRO PILL BOX KEY CHAIN,THE KING",94
Regular Customers,RETRO PINK BALL ASHTRAY ,39
Regular Customers,RETRO PLASTIC 70'S TRAY,232
Regular Customers,RETRO PLASTIC DAISY TRAY,119
Regular Customers,RETRO PLASTIC ELEPHANT TRAY,433
Regular Customers,RETRO PLASTIC POLKA TRAY,320
Regular Customers,"RETRO TIN ASHTRAY,REVOLUTIONARY",36
Regular Customers,RETROSPOT BABUSHKA DOORSTOP,126
Regular Customers,RETROSPOT CANDLE  LARGE,110
Regular Customers,RETROSPOT CANDLE  MEDIUM,242
Regular Customers,RETROSPOT CANDLE  SMALL,134
Regular Customers,RETROSPOT CHILDRENS APRON,1250
Regular Customers,RETROSPOT CIGAR BOX MATCHES ,1180
Regular Customers,RETROSPOT GIANT TUBE MATCHES,574
Regular Customers,RETROSPOT HEART HOT WATER BOTTLE,1516
Regular Customers,RETROSPOT LAMP,135
Regular Customers,RETROSPOT LARGE MILK JUG,647
Regular Customers,RETROSPOT PADDED SEAT CUSHION,205
Regular Customers,RETROSPOT PARTY BAG + STICKER SET,1342
Regular Customers,RETROSPOT RED WASHING UP GLOVES,465
Regular Customers,RETROSPOT SMALL TUBE MATCHES,860
Regular Customers,RETROSPOT TEA SET CERAMIC 11 PC ,2326
Regular Customers,RETROSPOT WOODEN HEART DECORATION,1467
Regular Customers,REVOLVER WOODEN RULER ,1923
Regular Customers,REX CASH+CARRY JUMBO SHOPPER,1336
Regular Customers,RIBBON REEL CHRISTMAS PRESENT ,899
Regular Customers,RIBBON REEL CHRISTMAS SOCK BAUBLE,1079
Regular Customers,RIBBON REEL FLORA + FAUNA ,443
Regular Customers,RIBBON REEL HEARTS DESIGN ,1040
Regular Customers,RIBBON REEL LACE DESIGN ,553
Regular Customers,RIBBON REEL MAKING SNOWMEN ,780
Regular Customers,RIBBON REEL POLKADOTS ,719
Regular Customers,RIBBON REEL SNOWY VILLAGE,1229
Regular Customers,RIBBON REEL SOCKS AND MITTENS,444
Regular Customers,RIBBON REEL STRIPES DESIGN ,1640
Regular Customers,RIBBONS PURSE ,58
Regular Customers,RIDGED BONNE JAM JAR T-LIGHT HOLDER,222
Regular Customers,RIDGED GLASS FINGER BOWL,480
Regular Customers,RIDGED GLASS POSY VASE ,42
Regular Customers,RIDGED GLASS STORAGE JAR CREAM LID,75
Regular Customers,RIDGED GLASS T-LIGHT HOLDER,198
Regular Customers,RING OF ROSES BIRTHDAY CARD,900
Regular Customers,RIVIERA NECKLACE,5
Regular Customers,ROBOT BIRTHDAY CARD,2340
Regular Customers,ROBOT MUG IN DISPLAY BOX,3
Regular Customers,ROCKING HORSE GREEN CHRISTMAS ,1010
Regular Customers,ROCKING HORSE RED CHRISTMAS ,1518
Regular Customers,ROCOCO WALL MIROR,2
Regular Customers,ROCOCO WALL MIRROR WHITE,44
Regular Customers,ROLL WRAP 50'S CHRISTMAS,2246
Regular Customers,ROLL WRAP 50'S RED CHRISTMAS ,1246
Regular Customers,ROLL WRAP VINTAGE CHRISTMAS,2199
Regular Customers,ROLL WRAP VINTAGE SPOT ,1992
Regular Customers,ROMANTIC IMAGES GIFT WRAP SET,559
Regular Customers,ROMANTIC IMAGES NOTEBOOK SET,344
Regular Customers,ROMANTIC IMAGES SCRAP BOOK SET,5
Regular Customers,ROMANTIC PINKS RIBBONS ,789
Regular Customers,ROSE 1 WICK MORRIS BOXED CANDLE,244
Regular Customers,ROSE 3 WICK MORRIS BOX CANDLE,813
Regular Customers,ROSE CARAVAN DOORSTOP,372
Regular Customers,ROSE COLOUR PAIR HEART HAIR SLIDES,1
Regular Customers,ROSE COTTAGE KEEPSAKE BOX ,312
Regular Customers,ROSE DU SUD COSMETICS BAG,29
Regular Customers,ROSE DU SUD CUSHION COVER,9
Regular Customers,ROSE DU SUD CUSHION COVER ,9
Regular Customers,ROSE DU SUD DRAWSTRING BAG,10
Regular Customers,ROSE DU SUD OVEN GLOVE,66
Regular Customers,ROSE DU SUD WASHBAG ,14
Regular Customers,ROSE FLOWER CANDLE+INCENSE 16X16CM,4
Regular Customers,ROSE FOLKART HEART DECORATIONS,252
Regular Customers,ROSE SCENT CANDLE IN JEWELLED BOX,101
Regular Customers,ROSE SCENT CANDLE JEWELLED DRAWER,78
Regular Customers,ROSES REGENCY TEACUP AND SAUCER ,3248
Regular Customers,ROTATING LEAVES T-LIGHT HOLDER,844
Regular Customers,ROTATING SILVER ANGELS T-LIGHT HLDR,3203
Regular Customers,ROUND ARTICULATED PINK CLOCK W/SUCK,8
Regular Customers,ROUND BLUE CLOCK WITH SUCKER,85
Regular Customers,ROUND CACTUS CANDLE,5
Regular Customers,ROUND CAKE TIN VINTAGE GREEN,221
Regular Customers,ROUND CAKE TIN VINTAGE RED,401
Regular Customers,ROUND CONTAINER SET OF 5 RETROSPOT,500
Regular Customers,ROUND PINK HEART MIRROR,58
Regular Customers,ROUND PURPLE CLOCK WITH SUCKER,145
Regular Customers,ROUND SNACK BOXES SET OF 4 FRUITS ,1808
Regular Customers,ROUND SNACK BOXES SET OF 4 SKULLS,437
Regular Customers,ROUND SNACK BOXES SET OF4 WOODLAND ,3224
Regular Customers,ROUND STORAGE TIN VINTAGE LEAF,407
Regular Customers,ROUND WHITE CONFETTI IN TUBE,39
Regular Customers,RUBY GLASS CLUSTER BRACELET,6
Regular Customers,RUBY GLASS CLUSTER EARRINGS,1
Regular Customers,RUSTIC  SEVENTEEN DRAWER SIDEBOARD,28
Regular Customers,RUSTIC MIRROR WITH LACE HEART,105
Regular Customers,RUSTIC STRAWBERRY JAM POT LARGE ,162
Regular Customers,RUSTIC STRAWBERRY JAM POT SMALL,178
Regular Customers,RUSTIC STRAWBERRY JAMPOT LARGE ,84
Regular Customers,RUSTIC STRAWBERRY JAMPOT SMALL,24
Regular Customers,"RUSTIC WOODEN CABINET, GLASS DOORS",2
Regular Customers,S/12 MINI RABBIT EASTER,187
Regular Customers,S/12 VANILLA  BOTANICAL T-LIGHTS,172
Regular Customers,S/15 SILVER GLASS BAUBLES IN BAG,282
Regular Customers,S/2 ZINC HEART DESIGN PLANTERS,30
Regular Customers,S/3 PINK SQUARE PLANTERS ROSES,1
Regular Customers,S/4 BLACK MINI ROSE CANDLE IN BOWL,65
Regular Customers,S/4 CACTI CANDLES,326
Regular Customers,S/4 GROOVY CAT MAGNETS,79
Regular Customers,"S/4 ICON COASTER,ELVIS LIVES",6
Regular Customers,S/4 IVORY MINI ROSE CANDLE IN BOWL,241
Regular Customers,S/4 PINK FLOWER CANDLES IN BOWL,608
Regular Customers,S/4 VALENTINE DECOUPAGE HEART BOX,487
Regular Customers,S/6 SEW ON CROCHET FLOWERS,63
Regular Customers,S/6 WOODEN SKITTLES IN COTTON BAG,890
Regular Customers,SALLE DE BAIN HOOK,194
Regular Customers,SANDALWOOD FAN,916
Regular Customers,SANDWICH BATH SPONGE,78
Regular Customers,SAVE THE PLANET COTTON TOTE BAG,370
Regular Customers,SAVE THE PLANET MUG,993
Regular Customers,SAVOY ART DECO CLOCK,133
Regular Customers,SCALLOP SHELL SOAP DISH,1
Regular Customers,SCANDINAVIAN 3 HEARTS NAPKIN RING,837
Regular Customers,SCANDINAVIAN PAISLEY PICNIC BAG,1266
Regular Customers,SCANDINAVIAN REDS RIBBONS,2037
Regular Customers,SCENTED CANDLE IN DIGITALIS TIN,43
Regular Customers,SCENTED VELVET LOUNGE CANDLE ,1108
Regular Customers,SCHOOL DESK AND CHAIR ,11
Regular Customers,SCOTTIE DOG HOT WATER BOTTLE,2371
Regular Customers,SCOTTIE DOGS BABY BIB,826
Regular Customers,SCOTTIES CHILDRENS APRON,19
Regular Customers,SCOTTIES DESIGN WASHBAG,79
Regular Customers,SEASIDE FLYING DISC,182
Regular Customers,SET 10 CARDS HANGING BAUBLES 17080,1
Regular Customers,SET 10 LIGHTS NIGHT OWL,213
Regular Customers,SET 10 NIGHT OWL LIGHTS,235
Regular Customers,SET 12 COLOUR PENCILS DOILEY,32
Regular Customers,SET 12 COLOUR PENCILS DOLLY GIRL ,1452
Regular Customers,SET 12 COLOUR PENCILS LOVE LONDON,1358
Regular Customers,SET 12 COLOUR PENCILS SPACEBOY ,1956
Regular Customers,SET 12 COLOURING PENCILS DOILY,1597
Regular Customers,SET 12 KIDS  WHITE CHALK STICKS,2193
Regular Customers,SET 12 KIDS COLOUR  CHALK STICKS,3790
Regular Customers,SET 12 LAVENDER  BOTANICAL T-LIGHTS,623
Regular Customers,SET 12 RETRO WHITE CHALK STICKS,2045
Regular Customers,SET 12 VINTAGE DOILY CHALK ,772
Regular Customers,SET 2 PANTRY DESIGN TEA TOWELS,920
Regular Customers,SET 2 TEA TOWELS I LOVE LONDON ,1017
Regular Customers,SET 20 NAPKINS FAIRY CAKES DESIGN ,1357
Regular Customers,SET 3 PAPER VINTAGE CHICK PAPER EGG,608
Regular Customers,"SET 3 RETROSPOT TEA,COFFEE,SUGAR",734
Regular Customers,SET 3 SONG BIRD PAPER EGGS ASSORTED,412
Regular Customers,SET 3 WICKER OVAL BASKETS W LIDS,35
Regular Customers,SET 3 WICKER STORAGE BASKETS ,96
Regular Customers,SET 36 COLOUR PENCILS DOILEY,16
Regular Customers,SET 36 COLOUR PENCILS DOLLY GIRL,727
Regular Customers,SET 36 COLOUR PENCILS LOVE LONDON,609
Regular Customers,SET 36 COLOUR PENCILS SPACEBOY ,912
Regular Customers,SET 36 COLOURING PENCILS DOILY,806
Regular Customers,SET 4 NURSERY DES ROUND BOXES,14
Regular Customers,SET 4 PICNIC CUTLERY BLUEBERRY,33
Regular Customers,SET 4 PICNIC CUTLERY CHERRY ,47
Regular Customers,SET 4 PICNIC CUTLERY FONDANT,29
Regular Customers,SET 4 VALENTINE DECOUPAGE HEART BOX,102
Regular Customers,SET 40 HEART SHAPE PETIT FOUR CASES,1297
Regular Customers,SET 6 FOOTBALL CELEBRATION CANDLES,419
Regular Customers,SET 6 PAPER TABLE LANTERN HEARTS ,1205
Regular Customers,SET 6 PAPER TABLE LANTERN STARS ,1179
Regular Customers,SET 6 SCHOOL MILK BOTTLES IN CRATE,1078
Regular Customers,SET 7 BABUSHKA NESTING BOXES,693
Regular Customers,SET 8 CANDLES VINTAGE DOILEY,48
Regular Customers,SET 8 CANDLES VINTAGE DOILY,689
Regular Customers,SET OF 10 LANTERNS FAIRY LIGHT STAR,510
Regular Customers,SET OF 10 LED DOLLY LIGHTS,870
Regular Customers,SET OF 12  VINTAGE POSTCARD SET,1669
Regular Customers,SET OF 12 FAIRY CAKE BAKING CASES,3615
Regular Customers,SET OF 12 FORK CANDLES,664
Regular Customers,SET OF 12 MINI BUNNIES IN A BUCKET,28
Regular Customers,SET OF 12 MINI LOAF BAKING CASES,3261
Regular Customers,SET OF 12 ROSE BOTANICAL T-LIGHTS,4
Regular Customers,SET OF 12 T-LIGHTS VINTAGE DOILEY,48
Regular Customers,SET OF 12 T-LIGHTS VINTAGE DOILY,591
Regular Customers,SET OF 16 VINTAGE BLACK CUTLERY,57
Regular Customers,SET OF 16 VINTAGE IVORY CUTLERY,1
Regular Customers,SET OF 16 VINTAGE PISTACHIO CUTLERY,60
Regular Customers,SET OF 16 VINTAGE RED CUTLERY,34
Regular Customers,SET OF 16 VINTAGE ROSE CUTLERY,103
Regular Customers,SET OF 16 VINTAGE SKY BLUE CUTLERY,60
Regular Customers,SET OF 2 CERAMIC CHRISTMAS REINDEER,767
Regular Customers,SET OF 2 CERAMIC CHRISTMAS TREES,665
Regular Customers,SET OF 2 CERAMIC PAINTED HEARTS ,725
Regular Customers,SET OF 2 CHRISTMAS DECOUPAGE CANDLE,664
Regular Customers,SET OF 2 ROUND TINS CAMEMBERT ,196
Regular Customers,SET OF 2 ROUND TINS DUTCH CHEESE,205
Regular Customers,SET OF 2 TEA TOWELS APPLE AND PEARS,856
Regular Customers,SET OF 2 TEA TOWELS PING MICROWAVE,41
Regular Customers,SET OF 2 TINS JARDIN DE PROVENCE,171
Regular Customers,SET OF 2 TINS VINTAGE BATHROOM ,110
Regular Customers,SET OF 2 TRAYS HOME SWEET HOME,181
Regular Customers,SET OF 2 WOODEN MARKET CRATES,253
Regular Customers,SET OF 20 KIDS COOKIE CUTTERS,2577
Regular Customers,SET OF 20 VINTAGE CHRISTMAS NAPKINS,4407
Regular Customers,SET OF 3 BABUSHKA STACKING TINS,7
Regular Customers,SET OF 3 BIRD LIGHT PINK FEATHER ,1091
Regular Customers,SET OF 3 BLACK FLYING DUCKS,228
Regular Customers,SET OF 3 BUTTERFLY COOKIE CUTTERS,2795
Regular Customers,SET OF 3 CAKE TINS PANTRY DESIGN ,2699
Regular Customers,SET OF 3 CAKE TINS SKETCHBOOK,501
Regular Customers,SET OF 3 COLOURED  FLYING DUCKS,126
Regular Customers,SET OF 3 CONEY ISLAND OVAL BOXES,7
Regular Customers,SET OF 3 GOLD FLYING DUCKS,39
Regular Customers,SET OF 3 HANGING OWLS OLLIE BEAK,1769
Regular Customers,SET OF 3 HEART COOKIE CUTTERS,2712
Regular Customers,SET OF 3 MINI HANGING PORTRAITS,8
Regular Customers,SET OF 3 NOTEBOOKS IN PARCEL,2046
Regular Customers,SET OF 3 PANTRY WOODEN SPOONS,115
Regular Customers,SET OF 3 REGENCY CAKE TINS,2227
Regular Customers,SET OF 3 WOODEN HEART DECORATIONS,2506
Regular Customers,SET OF 3 WOODEN SLEIGH DECORATIONS,1234
Regular Customers,SET OF 3 WOODEN STOCKING DECORATION,1300
Regular Customers,SET OF 3 WOODEN TREE DECORATIONS,1171
Regular Customers,SET OF 36 DINOSAUR PAPER DOILIES,187
Regular Customers,SET OF 36 DOILIES PANTRY DESIGN,1250
Regular Customers,SET OF 36 DOILIES SPACEBOY DESIGN ,267
Regular Customers,SET OF 36 DOLLY GIRL PAPER DOILIES,30
Regular Customers,SET OF 36 MUSHROOM PAPER DOILIES,129
Regular Customers,SET OF 36 PAISLEY FLOWER DOILIES,1125
Regular Customers,SET OF 36 PANTRY PAPER DOILIES,35
Regular Customers,SET OF 36 SPACEBOY PAPER DOILIES,38
Regular Customers,SET OF 36 TEATIME PAPER DOILIES,1305
Regular Customers,SET OF 36 VINTAGE CHRISTMAS DOILIES,26
Regular Customers,SET OF 4 BLACK LOVEBIRD COASTERS,230
Regular Customers,SET OF 4 CAROUSEL PLACEMATS ,20
Regular Customers,SET OF 4 DIAMOND NAPKIN RINGS,71
Regular Customers,SET OF 4 ENGLISH ROSE COASTERS,602
Regular Customers,SET OF 4 ENGLISH ROSE PLACEMATS,339
Regular Customers,SET OF 4 FAIRY CAKE PLACEMATS,92
Regular Customers,SET OF 4 FAIRY CAKE PLACEMATS ,150
Regular Customers,SET OF 4 GREEN CAROUSEL COASTERS,24
Regular Customers,SET OF 4 JAM JAR MAGNETS,1231
Regular Customers,SET OF 4 KNICK KNACK TINS  DOILEY ,6
Regular Customers,SET OF 4 KNICK KNACK TINS DOILEY ,645
Regular Customers,SET OF 4 KNICK KNACK TINS DOILY ,1207
Regular Customers,SET OF 4 KNICK KNACK TINS LEAF,445
Regular Customers,SET OF 4 KNICK KNACK TINS LEAVES ,160
Regular Customers,SET OF 4 KNICK KNACK TINS LONDON ,814
Regular Customers,SET OF 4 KNICK KNACK TINS POPPIES,438
Regular Customers,SET OF 4 NAPKIN CHARMS 3 KEYS ,103
Regular Customers,SET OF 4 NAPKIN CHARMS CROWNS ,122
Regular Customers,SET OF 4 NAPKIN CHARMS CUTLERY,365
Regular Customers,SET OF 4 NAPKIN CHARMS HEARTS,519
Regular Customers,SET OF 4 NAPKIN CHARMS INSTRUMENT,82
Regular Customers,SET OF 4 NAPKIN CHARMS LEAVES   ,163
Regular Customers,SET OF 4 NAPKIN CHARMS STARS   ,201
Regular Customers,SET OF 4 PANTRY JELLY MOULDS,4989
Regular Customers,SET OF 4 PISTACHIO LOVEBIRD COASTER,233
Regular Customers,SET OF 4 POLKADOT COASTERS,60
Regular Customers,SET OF 4 POLKADOT PLACEMATS ,40
Regular Customers,SET OF 4 ROSE BOTANICAL CANDLES,639
Regular Customers,SET OF 4 SANTA PLACE SETTINGS,907
Regular Customers,SET OF 5 LUCKY CAT MAGNETS ,973
Regular Customers,SET OF 5 MINI GROCERY MAGNETS,680
Regular Customers,SET OF 5 PANCAKE DAY MAGNETS,893
Regular Customers,SET OF 6 3D KIT CARDS FOR KIDS,746
Regular Customers,SET OF 6 CAKE CHOPSTICKS,173
Regular Customers,SET OF 6 EASTER RAINBOW CHICKS,12
Regular Customers,SET OF 6 FUNKY BEAKERS,193
Regular Customers,SET OF 6 GIRLS CELEBRATION CANDLES,349
Regular Customers,SET OF 6 HALLOWEEN GHOST T-LIGHTS,269
Regular Customers,SET OF 6 HEART CHOPSTICKS,256
Regular Customers,SET OF 6 HERB TINS SKETCHBOOK,594
Regular Customers,SET OF 6 ICE CREAM SKITTLES,12
Regular Customers,SET OF 6 KASHMIR FOLKART BAUBLES,290
Regular Customers,SET OF 6 NATIVITY MAGNETS ,1222
Regular Customers,SET OF 6 RIBBONS COUNTRY STYLE,45
Regular Customers,SET OF 6 RIBBONS PARTY,47
Regular Customers,SET OF 6 RIBBONS PERFECTLY PRETTY  ,117
Regular Customers,SET OF 6 RIBBONS VINTAGE CHRISTMAS,2405
Regular Customers,SET OF 6 SNACK LOAF BAKING CASES,2099
Regular Customers,SET OF 6 SOLDIER SKITTLES,1376
Regular Customers,SET OF 6 SPICE TINS PANTRY DESIGN,1761
Regular Customers,SET OF 6 STRAWBERRY CHOPSTICKS,350
Regular Customers,SET OF 6 T-LIGHTS CACTI ,174
Regular Customers,SET OF 6 T-LIGHTS EASTER CHICKS,195
Regular Customers,SET OF 6 T-LIGHTS SANTA,827
Regular Customers,SET OF 6 T-LIGHTS SNOWMEN,612
Regular Customers,SET OF 6 T-LIGHTS TOADSTOOLS,359
Regular Customers,SET OF 6 T-LIGHTS WEDDING CAKE ,149
Regular Customers,SET OF 6 TEA TIME BAKING CASES,2628
Regular Customers,SET OF 6 VINTAGE NOTELETS KIT,261
Regular Customers,SET OF 60 I LOVE LONDON CAKE CASES ,2751
Regular Customers,SET OF 60 PANTRY DESIGN CAKE CASES ,5636
Regular Customers,SET OF 60 VINTAGE LEAF CAKE CASES ,2878
Regular Customers,SET OF 72 GREEN PAPER DOILIES,9
Regular Customers,SET OF 72 PINK HEART PAPER DOILIES,1934
Regular Customers,SET OF 72 RETROSPOT PAPER  DOILIES,2226
Regular Customers,SET OF 72 SKULL PAPER  DOILIES,270
Regular Customers,SET OF 9 BLACK SKULL BALLOONS,1543
Regular Customers,SET OF 9 HEART SHAPED BALLOONS,1092
Regular Customers,SET OF PICTURE FRAME  STICKERS,31
Regular Customers,SET OF SALT AND PEPPER TOADSTOOLS,1270
Regular Customers,SET OF SKULL WALL STICKERS,84
Regular Customers,SET OF TEA COFFEE SUGAR TINS PANTRY,1074
Regular Customers,SET/10 BLUE POLKADOT PARTY CANDLES,1928
Regular Customers,SET/10 IVORY POLKADOT PARTY CANDLES,552
Regular Customers,SET/10 PINK POLKADOT PARTY CANDLES,2522
Regular Customers,SET/10 RED POLKADOT PARTY CANDLES,2975
Regular Customers,SET/12 FUNKY FELT FLOWER PEG IN BAG,54
Regular Customers,SET/12 TAPER CANDLES,214
Regular Customers,SET/2 RED RETROSPOT TEA TOWELS ,693
Regular Customers,SET/20 RED RETROSPOT PAPER NAPKINS ,4260
Regular Customers,SET/20 STRAWBERRY PAPER NAPKINS ,891
Regular Customers,SET/3 CHRISTMAS DECOUPAGE CANDLES,582
Regular Customers,SET/3 DECOUPAGE STACKING TINS,110
Regular Customers,SET/3 FLORAL GARDEN TOOLS IN BAG,1
Regular Customers,SET/3 OCEAN SCENT CANDLE JEWEL BOX,203
Regular Customers,SET/3 POLKADOT STACKING TINS,29
Regular Customers,SET/3 POT PLANT CANDLES,43
Regular Customers,SET/3 RABBITS FLOWER SKIPPPING ROPE,106
Regular Customers,SET/3 RED GINGHAM ROSE STORAGE BOX,566
Regular Customers,SET/3 ROSE CANDLE IN JEWELLED BOX,180
Regular Customers,SET/3 TALL GLASS CANDLE HOLDER PINK,1
Regular Customers,SET/3 VANILLA SCENTED CANDLE IN BOX,478
Regular Customers,SET/4 BADGES BALLOON GIRL,242
Regular Customers,SET/4 BADGES BEETLES,125
Regular Customers,SET/4 BADGES CUTE CREATURES,160
Regular Customers,SET/4 BADGES DOGS,140
Regular Customers,SET/4 BIRD MIRROR MAGNETS ,216
Regular Customers,SET/4 BLUE FLOWER CANDLES IN BOWL,90
Regular Customers,SET/4 BUTTERFLY MIRROR MAGNETS,29
Regular Customers,SET/4 COLOURFUL MIXING BOWLS,34
Regular Customers,SET/4 DAISY MIRROR MAGNETS,450
Regular Customers,SET/4 GARDEN ROSE DINNER CANDLE,2
Regular Customers,SET/4 MODERN VINTAGE COTTON NAPKINS,45
Regular Customers,SET/4 RED MINI ROSE CANDLE IN BOWL,267
Regular Customers,SET/4 SKULL BADGES,471
Regular Customers,SET/4 SPRING FLOWER DECORATION,860
Regular Customers,SET/4 WHITE RETRO STORAGE CUBES ,254
Regular Customers,SET/5 RED RETROSPOT LID GLASS BOWLS,3041
Regular Customers,SET/6 BEAD COASTERS GAUZE BAG GOLD,113
Regular Customers,SET/6 BLACK BIRD T-LIGHT CANDLES,30
Regular Customers,SET/6 COLLAGE PAPER CUPS,1249
Regular Customers,SET/6 COLLAGE PAPER PLATES,814
Regular Customers,SET/6 EAU DE NIL BIRD T-LIGHTS,109
Regular Customers,SET/6 FROG PRINCE T-LIGHT CANDLES,238
Regular Customers,SET/6 FRUIT SALAD  PAPER PLATES,422
Regular Customers,SET/6 FRUIT SALAD PAPER CUPS,727
Regular Customers,SET/6 GREEN SPRING PAPER CUPS,187
Regular Customers,SET/6 PINK  BUTTERFLY T-LIGHTS,747
Regular Customers,SET/6 PINK BIRD T-LIGHT CANDLES,115
Regular Customers,SET/6 POSIES PAPER CUPS,72
Regular Customers,SET/6 POSIES PAPER PLATES,58
Regular Customers,SET/6 PURPLE BUTTERFLY T-LIGHTS,455
Regular Customers,SET/6 RED SPOTTY PAPER CUPS,2218
Regular Customers,SET/6 RED SPOTTY PAPER PLATES,2459
Regular Customers,SET/6 TURQUOISE BUTTERFLY T-LIGHTS,413
Regular Customers,SET/9 CHRISTMAS T-LIGHTS SCENTED ,16
Regular Customers,SET3 BOOK BOX GREEN GINGHAM FLOWER ,326
Regular Customers,SEWING BOX RETROSPOT DESIGN ,112
Regular Customers,SEWING SUSAN 21 NEEDLE SET,466
Regular Customers,SHELF WITH 4 HOOKS HOME SWEET HOME,124
Regular Customers,SHOE SHINE BOX ,10
Regular Customers,"SILICON CUBE 25W, BLUE",10
Regular Customers,SILICON STAR BULB  BLUE,15
Regular Customers,SILK PURSE BABUSHKA BLUE,105
Regular Customers,SILK PURSE BABUSHKA PINK,266
Regular Customers,SILK PURSE BABUSHKA RED,134
Regular Customers,SILVER  CANDLEPOT JARDIN ,22
Regular Customers,SILVER 2 STRAND NECKLACE-LEAF CHARM,1
Regular Customers,SILVER AND BLACK ORBIT NECKLACE,1
Regular Customers,SILVER APERITIF GLASS,90
Regular Customers,SILVER BELLS TABLE DECORATION,1432
Regular Customers,SILVER BLACK ORBIT BRACELET,4
Regular Customers,SILVER BLACK ORBIT DROP EARRINGS,4
Regular Customers,SILVER BOOK MARK WITH BEADS,10
Regular Customers,SILVER BRACELET W PASTEL FLOWER,5
Regular Customers,SILVER CHRISTMAS TREE BAUBLE STAND ,12
Regular Customers,SILVER DIAMANTE PEN IN GIFT BOX,25
Regular Customers,SILVER DISCO HANDBAG,87
Regular Customers,SILVER DROP EARRINGS WITH FLOWER,2
Regular Customers,SILVER FABRIC MIRROR,347
Regular Customers,SILVER FISHING GNOME ,31
Regular Customers,SILVER GLASS T-LIGHT SET,174
Regular Customers,SILVER GLITTER FLOWER VOTIVE HOLDER,1083
Regular Customers,SILVER HANGING T-LIGHT HOLDER,1988
Regular Customers,SILVER HEARTS TABLE DECORATION,683
Regular Customers,SILVER HOOP EARRINGS WITH FLOWER,12
Regular Customers,SILVER JEWELLED MIRROR TRINKET TRAY,46
Regular Customers,SILVER LARIAT 40CM,9
Regular Customers,SILVER LARIAT BLACK STONE EARRINGS,8
Regular Customers,SILVER LATTICE VANILLA CANDLE POT,16
Regular Customers,SILVER LOOKING MIRROR,5
Regular Customers,SILVER M.O.P ORBIT BRACELET,14
Regular Customers,SILVER M.O.P ORBIT DROP EARRINGS,15
Regular Customers,SILVER M.O.P. ORBIT NECKLACE,8
Regular Customers,SILVER MUG BONE CHINA TREE OF LIFE,813
Regular Customers,SILVER OVAL SHAPE TRINKET BOX,11
Regular Customers,SILVER PHOTO FRAME,54
Regular Customers,SILVER PLATE CANDLE BOWL SMALL,232
Regular Customers,SILVER RECORD COVER FRAME,131
Regular Customers,SILVER ROCCOCO CHANDELIER,8
Regular Customers,SILVER ROCOCO CANDLE STICK,38
Regular Customers,SILVER STANDING GNOME   ,22
Regular Customers,SILVER STARS TABLE DECORATION,1205
Regular Customers,SILVER T-LIGHT SETTING,52
Regular Customers,SILVER TEDDY BEAR,40
Regular Customers,SILVER VANILLA  FLOWER CANDLE POT,63
Regular Customers,SILVER/AMETHYST DROP EARRINGS LEAF,4
Regular Customers,SILVER/BLACK ORBIT NECKLACE,1
Regular Customers,SILVER/M.O.P PENDANT ORBIT NECKLACE,4
Regular Customers,SILVER/MOP ORBIT NECKLACE,8
Regular Customers,SILVER/NAT SHELL NECKLACE W PENDANT,1
Regular Customers,SILVER/NATURAL SHELL NECKLACE,8
Regular Customers,SINGLE ANTIQUE ROSE HOOK IVORY,1114
Regular Customers,SINGLE HEART ZINC T-LIGHT HOLDER,3389
Regular Customers,SINGLE WIRE HOOK IVORY HEART,396
Regular Customers,SINGLE WIRE HOOK PINK HEART,89
Regular Customers,SIX DRAWER OFFICE TIDY,58
Regular Customers,SKETCHBOOK MAGNETIC SHOPPING LIST,652
Regular Customers,SKULL AND CROSSBONES  GARLAND ,398
Regular Customers,SKULL DESIGN TV DINNER TRAY,76
Regular Customers,SKULL LUNCH BOX WITH CUTLERY ,983
Regular Customers,SKULL SHOULDER BAG,586
Regular Customers,SKULLS  DESIGN  COTTON TOTE BAG,123
Regular Customers,SKULLS  STICKERS,618
Regular Customers,SKULLS  WATER TRANSFER TATTOOS ,1153
Regular Customers,SKULLS AND CROSSBONES WRAP,4175
Regular Customers,SKULLS DESIGN FLANNEL,67
Regular Customers,SKULLS GREETING CARD,1020
Regular Customers,SKULLS PARTY BAG + STICKER SET,481
Regular Customers,SKULLS SQUARE TISSUE BOX,238
Regular Customers,SKULLS STORAGE BOX LARGE,36
Regular Customers,SKULLS STORAGE BOX SMALL,56
Regular Customers,SKULLS TAPE,240
Regular Customers,SKULLS WRITING SET ,396
Regular Customers,SLATE TILE NATURAL HANGING,1035
Regular Customers,SLEEPING CAT ERASERS,2467
Regular Customers,SMALL APOTHECARY MEASURING JAR ,61
Regular Customers,SMALL BLUE PROVENCAL CERAMIC BALL,61
Regular Customers,SMALL BONNE JAM JAR  T-LIGHT HOLDER,326
Regular Customers,SMALL CAMPHOR WOOD FIELD  MUSHROOM,77
Regular Customers,SMALL CERAMIC TOP STORAGE JAR ,1847
Regular Customers,SMALL CHINESE STYLE SCISSOR,13084
Regular Customers,SMALL CHOCOLATES PINK BOWL,569
Regular Customers,SMALL CHUNKY GLASS ROMAN  BOWL,22
Regular Customers,SMALL DECO JEWELLERY STAND,119
Regular Customers,SMALL DOLLY MIX DESIGN ORANGE BOWL,1947
Regular Customers,SMALL FOLDING SCISSOR(POINTED EDGE),2238
Regular Customers,SMALL FOLKART STAR CHRISTMAS DEC,847
Regular Customers,SMALL GLASS HEART TRINKET POT,1519
Regular Customers,SMALL GLASS SUNDAE DISH CLEAR,338
Regular Customers,SMALL HAMMERED SILVER CANDLEPOT ,224
Regular Customers,SMALL HANGING GLASS+ZINC LANTERN,18
Regular Customers,SMALL HANGING IVORY/RED WOOD BIRD,1769
Regular Customers,SMALL HEART FLOWERS HOOK ,1010
Regular Customers,SMALL HEART MEASURING SPOONS,1169
Regular Customers,SMALL IVORY HEART WALL ORGANISER,292
Regular Customers,SMALL JEWELLERY STAND,6
Regular Customers,SMALL KITCHEN FLOWER POTS PLAQUE,12
Regular Customers,SMALL LICORICE DES PINK BOWL,74
Regular Customers,SMALL MARSHMALLOWS PINK BOWL,1391
Regular Customers,SMALL MEDINA STAMPED METAL BOWL ,285
Regular Customers,SMALL PARISIENNE HEART PHOTO FRAME ,510
Regular Customers,SMALL PARLOUR FRAME,6
Regular Customers,SMALL PARLOUR PICTURE FRAME,126
Regular Customers,SMALL PINK GLASS SUNDAE DISH,289
Regular Customers,SMALL PINK MAGIC CHRISTMAS TREE,351
Regular Customers,SMALL POLKADOT CHOCOLATE GIFT BAG ,528
Regular Customers,SMALL POP BOX FUNKY MONKEY,50
Regular Customers,"SMALL POP BOX,FUNKY MONKEY",34
Regular Customers,SMALL POPCORN HOLDER,3753
Regular Customers,SMALL PURPLE BABUSHKA NOTEBOOK ,800
Regular Customers,SMALL RED BABUSHKA NOTEBOOK ,785
Regular Customers,SMALL RED RETROSPOT MUG IN BOX ,280
Regular Customers,SMALL RED RETROSPOT WINDMILL,1747
Regular Customers,SMALL REGAL  SILVER CANDLEPOT ,267
Regular Customers,SMALL ROUND CUT GLASS CANDLESTICK,100
Regular Customers,SMALL SILVER FLOWER CANDLE POT,229
Regular Customers,SMALL SILVER TRELLIS CANDLEPOT,146
Regular Customers,SMALL SINGLE FLAME CANDLE HOLDER,10
Regular Customers,SMALL SKULL WINDMILL,330
Regular Customers,SMALL SQUARE CUT GLASS CANDLESTICK,49
Regular Customers,SMALL STRIPES CHOCOLATE GIFT BAG ,268
Regular Customers,SMALL TALL CAMPHOR WOOD TOADSTOOL,77
Regular Customers,SMALL WHITE HEART OF WICKER,3029
Regular Customers,SMALL WHITE RETROSPOT MUG IN BOX ,210
Regular Customers,SMALL WHITE/PINK ROSE ART FLOWER,65
Regular Customers,SMALL YELLOW BABUSHKA NOTEBOOK ,518
Regular Customers,SMALL ZINC HEART WALL ORGANISER,73
Regular Customers,SMALL ZINC/GLASS CANDLEHOLDER,13
Regular Customers,SMALLFOLKART BAUBLE CHRISTMAS DEC,222
Regular Customers,SMOKEY GREY COLOUR D.O.F. GLASS,318
Regular Customers,SMOKEY GREY COLOUR GLASS,172
Regular Customers,SNACK TRAY HAPPY FOREST  ,69
Regular Customers,SNACK TRAY I LOVE LONDON,53
Regular Customers,SNACK TRAY PAISLEY PARK,96
Regular Customers,SNACK TRAY RED GINGHAM,26
Regular Customers,SNACK TRAY RED VINTAGE DOILY,85
Regular Customers,SNOWFLAKE PORTABLE TABLE LIGHT ,255
Regular Customers,SNOWSTORM PHOTO FRAME FRIDGE MAGNET,453
Regular Customers,SOAP DISH BROCANTE,314
Regular Customers,SOFT PINK ROSE TOWEL ,17
Regular Customers,SOLDIERS EGG CUP ,2464
Regular Customers,SOMBRERO ,3749
Regular Customers,SPACE BOY CHILDRENS CUP,16
Regular Customers,SPACE CADET BLACK,36
Regular Customers,SPACE CADET RED,82
Regular Customers,SPACE CADET WHITE,37
Regular Customers,SPACE FROG,37
Regular Customers,SPACE OWL,86
Regular Customers,SPACEBOY BEAKER,801
Regular Customers,SPACEBOY BIRTHDAY CARD,3468
Regular Customers,SPACEBOY CHILDRENS BOWL,1093
Regular Customers,SPACEBOY CHILDRENS CUP,866
Regular Customers,SPACEBOY CHILDRENS EGG CUP,655
Regular Customers,SPACEBOY GIFT WRAP,3877
Regular Customers,SPACEBOY LUNCH BOX ,3402
Regular Customers,SPACEBOY MINI BACKPACK,495
Regular Customers,SPACEBOY MINI RUCKSACK,8
Regular Customers,SPACEBOY ROCKET LOLLY MAKERS,243
Regular Customers,SPACEBOY TV DINNER TRAY,83
Regular Customers,SPACEBOY WALL ART,48
Regular Customers,SPOTS ON RED BOOKCOVER TAPE,13
Regular Customers,SPOTTED WHITE NATURAL SEED NECKLACE,60
Regular Customers,SPOTTY BUNTING,3695
Regular Customers,SPOTTY PINK DUCK DOORSTOP,132
Regular Customers,SPRIG LAVENDER ARTIFICIAL FLOWER,134
Regular Customers,SQUARE CHERRY BLOSSOM CABINET,88
Regular Customers,SQUARE FLOOR CUSHION VINTAGE RED,12
Regular Customers,SQUARE METAL CANDLEHOLDER BASE,10
Regular Customers,SQUARE MINI PORTRAIT FRAME,189
Regular Customers,SQUARECUSHION COVER PINK UNION FLAG,34
Regular Customers,SQUARECUSHION COVER PINK UNION JACK,119
Regular Customers,ST GEORGE SET OF 10 PARTY LIGHTS,1
Regular Customers,ST TROPEZ NECKLACE,9
Regular Customers,STANDING FAIRY POLE SUPPORT ,232
Regular Customers,STAR  T-LIGHT HOLDER ,78
Regular Customers,STAR DECORATION PAINTED ZINC ,2956
Regular Customers,STAR DECORATION RUSTIC,1898
Regular Customers,STAR PORTABLE TABLE LIGHT ,208
Regular Customers,STAR T-LIGHT HOLDER WILLIE WINKIE,849
Regular Customers,STAR WOODEN CHRISTMAS DECORATION,1747
Regular Customers,STAR WREATH DECORATION WITH BELL,1261
Regular Customers,STARFISH SOAP DISH,50
Regular Customers,STARS GIFT TAPE ,791
Regular Customers,STEEL SWEETHEART ROUND TABLE CREAM,22
Regular Customers,STOOL HOME SWEET HOME ,194
Regular Customers,STOP FOR TEA WALL ART,112
Regular Customers,STORAGE TIN HOME SWEET HOME,176
Regular Customers,STORAGE TIN VINTAGE DOILEY ,6
Regular Customers,STORAGE TIN VINTAGE DOILY ,598
Regular Customers,STORAGE TIN VINTAGE LEAF,416
Regular Customers,STRAWBERRIES  DESIGN FLANNEL ,113
Regular Customers,STRAWBERRY   PICNIC BAG,580
Regular Customers,STRAWBERRY BATH SPONGE ,588
Regular Customers,STRAWBERRY CERAMIC TRINKET BOX,3997
Regular Customers,STRAWBERRY CERAMIC TRINKET POT,529
Regular Customers,STRAWBERRY CHARLOTTE BAG,2996
Regular Customers,STRAWBERRY DREAM CHILDS UMBRELLA,61
Regular Customers,STRAWBERRY FAIRY CAKE TEAPOT,464
Regular Customers,STRAWBERRY HONEYCOMB  GARLAND ,362
Regular Customers,STRAWBERRY LUNCH BOX WITH CUTLERY,1581
Regular Customers,STRAWBERRY RAFFIA FOOD COVER,186
Regular Customers,STRAWBERRY SHOPPER BAG,1168
Regular Customers,STRAWBRY SCENTED VOTIVE CANDLE,240
Regular Customers,"STRING OF 8 BUTTERFLIES,PINK",19
Regular Customers,STRING OF STARS CARD HOLDER,65
Regular Customers,STRIPES DESIGN MONKEY DOLL,14
Regular Customers,STRIPES DESIGN TEDDY,38
Regular Customers,STRIPEY CHOCOLATE NESTING BOXES,162
Regular Customers,STRIPY DESIGN SHOWER CAP,68
Regular Customers,SUKI  SHOULDER BAG,810
Regular Customers,SUMMER DAISIES BAG CHARM,59
Regular Customers,SUMMER FUN DESIGN SHOWER CAP,81
Regular Customers,SUNFLOWER DECORATIVE PARASOL,24
Regular Customers,SUNSET CHECK HAMMOCK,91
Regular Customers,SUNSET COLOUR CHUNKY KNITTED THROW,20
Regular Customers,SWALLOW SQUARE TISSUE BOX,922
Regular Customers,SWALLOW WOODEN CHRISTMAS DECORATION,919
Regular Customers,SWALLOWS GREETING CARD,2016
Regular Customers,SWEET HEART CAKE CARRIER,50
Regular Customers,SWEET PUDDING STICKER SHEET,46
Regular Customers,SWEETHEART 3 TIER CAKE STAND ,157
Regular Customers,SWEETHEART BIRD HOUSE,794
Regular Customers,SWEETHEART CAKESTAND 3 TIER,487
Regular Customers,SWEETHEART CARRY-ALL BASKET,2
Regular Customers,SWEETHEART CERAMIC TRINKET BOX,2588
Regular Customers,SWEETHEART CREAM STEEL TABLE RECT,19
Regular Customers,SWEETHEART RECIPE BOOK STAND,557
Regular Customers,SWEETHEART WALL TIDY ,66
Regular Customers,SWEETHEART WIRE FRUIT BOWL,134
Regular Customers,SWEETHEART WIRE MAGAZINE RACK,161
Regular Customers,SWEETHEART WIRE WALL TIDY,96
Regular Customers,SWEETIES  STICKERS,192
Regular Customers,SWIRLY CIRCULAR RUBBERS IN BAG,378
Regular Customers,SWISS CHALET TREE DECORATION ,1008
Regular Customers,SWISS ROLL TOWEL PINK  SPOTS,295
Regular Customers,"SWISS ROLL TOWEL, CHOCOLATE  SPOTS",367
Regular Customers,"SWISS ROLL TOWEL, PINK  SPOTS",194
Regular Customers,T-LIGHT GLASS FLUTED ANTIQUE,4211
Regular Customers,T-LIGHT HOLDER HANGING LACE,602
Regular Customers,T-LIGHT HOLDER HANGING LOVE BIRD,394
Regular Customers,T-LIGHT HOLDER SILVER HEART HANDLE,132
Regular Customers,T-LIGHT HOLDER SILVER PETIT FOUR ,145
Regular Customers,T-LIGHT HOLDER SILVER SAUCER,24
Regular Customers,T-LIGHT HOLDER SWEETHEART HANGING,536
Regular Customers,T-LIGHT HOLDER WHITE LACE,117
Regular Customers,TABLE LAMP WHITE SHADE WOOD BASE,31
Regular Customers,TABLECLOTH RED APPLES DESIGN ,125
Regular Customers,TALL ROCOCO CANDLE HOLDER,48
Regular Customers,TEA BAG PLATE RED RETROSPOT,1603
Regular Customers,TEA COSY BLUE STRIPE,47
Regular Customers,TEA COSY RED  STRIPE,237
Regular Customers,TEA FOR ONE POLKADOT,167
Regular Customers,TEA PARTY  WRAPPING PAPER ,1375
Regular Customers,TEA PARTY BIRTHDAY CARD,2232
Regular Customers,TEA TIME DES TEA COSY,105
Regular Customers,TEA TIME KITCHEN APRON,378
Regular Customers,TEA TIME OVEN GLOVE,965
Regular Customers,TEA TIME PARTY BUNTING,734
Regular Customers,TEA TIME TABLE CLOTH,24
Regular Customers,TEA TIME TEA SET IN GIFT BOX,65
Regular Customers,TEA TIME TEAPOT IN GIFT BOX,206
Regular Customers,TEAL/FUSCHIA COL BEAD NECKLACE,5
Regular Customers,TEATIME FUNKY FLOWER BACKPACK FOR 2,1
Regular Customers,TEATIME GEL PENS ASST,360
Regular Customers,TEATIME PEN CASE & PENS,42
Regular Customers,TEATIME PUSH DOWN RUBBER,96
Regular Customers,TEATIME ROUND PENCIL SHARPENER ,836
Regular Customers,THE KING GIFT BAG,16
Regular Customers,THE KING GIFT BAG 25x24x12cm,22
Regular Customers,THREE CANVAS LUGGAGE TAGS,25
Regular Customers,THREE MINI HANGING FRAMES,107
Regular Customers,TIGRIS EYE CHUNKY CHARM BRACELET,3
Regular Customers,TINY CRYSTAL BRACELET GREEN,6
Regular Customers,TOADSTOOL BEDSIDE LIGHT ,187
Regular Customers,TOADSTOOL MONEY BOX,433
Regular Customers,TOAST ITS - BEST MUM,266
Regular Customers,TOAST ITS - DINOSAUR,9
Regular Customers,TOAST ITS - FAIRY FLOWER,148
Regular Customers,TOAST ITS - HAPPY BIRTHDAY,187
Regular Customers,TOAST ITS - I LOVE YOU ,357
Regular Customers,TOILET METAL SIGN,1658
Regular Customers,TOILET SIGN OCCUPIED OR VACANT,1959
Regular Customers,TOMATO CHARLIE+LOLA COASTER SET,214
Regular Customers,TOOL BOX SOFT TOY ,96
Regular Customers,TOOTHPASTE TUBE PEN,788
Regular Customers,TOP SECRET PEN SET,40
Regular Customers,TOTE BAG I LOVE LONDON,451
Regular Customers,TOXIC AREA  DOOR HANGER ,757
Regular Customers,TOY TIDY DOLLY GIRL DESIGN,255
Regular Customers,TOY TIDY PINK POLKADOT,833
Regular Customers,TOY TIDY SPACEBOY  ,535
Regular Customers,TOYBOX  WRAP ,325
Regular Customers,TRADITIONAL CHRISTMAS RIBBONS,2422
Regular Customers,TRADITIONAL KNITTING NANCY,3772
Regular Customers,TRADITIONAL MODELLING CLAY,3892
Regular Customers,TRADITIONAL NAUGHTS & CROSSES,1699
Regular Customers,TRADITIONAL PICK UP STICKS GAME ,1381
Regular Customers,TRADITIONAL WOODEN CATCH CUP GAME ,2182
Regular Customers,TRADITIONAL WOODEN SKIPPING ROPE,3492
Regular Customers,TRADTIONAL ALPHABET STAMP SET,616
Regular Customers,TRANQUILITY MASALA INCENSE,150
Regular Customers,TRANSPARENT ACRYLIC TAPE DISPENSER,29
Regular Customers,TRAVEL CARD WALLET FLOWER MEADOW,1130
Regular Customers,TRAVEL CARD WALLET I LOVE LONDON,2157
Regular Customers,TRAVEL CARD WALLET KEEP CALM,4644
Regular Customers,TRAVEL CARD WALLET PANTRY,1177
Regular Customers,TRAVEL CARD WALLET RETRO PETALS,924
Regular Customers,TRAVEL CARD WALLET RETROSPOT,1409
Regular Customers,TRAVEL CARD WALLET SKULLS,1510
Regular Customers,TRAVEL CARD WALLET SUKI,1351
Regular Customers,TRAVEL CARD WALLET TRANSPORT,2030
Regular Customers,TRAVEL CARD WALLET UNION JACK,1502
Regular Customers,TRAVEL CARD WALLET VINTAGE LEAF,988
Regular Customers,TRAVEL CARD WALLET VINTAGE ROSE ,304
Regular Customers,TRAVEL CARD WALLET VINTAGE TICKET,2946
Regular Customers,TRAVEL SEWING KIT,1982
Regular Customers,"TRAY, BREAKFAST IN BED",66
Regular Customers,TREASURE AHOY WALL ART,60
Regular Customers,TREASURE ISLAND BOOK BOX,698
Regular Customers,TREASURE TIN BUFFALO BILL ,650
Regular Customers,TREASURE TIN GYMKHANA DESIGN,987
Regular Customers,TREE T-LIGHT HOLDER WILLIE WINKIE,249
Regular Customers,TRIANGULAR POUFFE VINTAGE ,5
Regular Customers,TRIPLE HOOK ANTIQUE IVORY ROSE,478
Regular Customers,TRIPLE PHOTO FRAME CORNICE ,319
Regular Customers,TRIPLE WIRE HOOK IVORY HEART,86
Regular Customers,TRIPLE WIRE HOOK PINK HEART,31
Regular Customers,TROPICAL  HONEYCOMB PAPER GARLAND ,223
Regular Customers,TROPICAL HOLIDAY PURSE ,5
Regular Customers,TROPICAL LUGGAGE TAG,36
Regular Customers,TROPICAL PASSPORT COVER ,41
Regular Customers,TUB 24 PINK FLOWER PEGS,59
Regular Customers,TUMBLER BAROQUE,204
Regular Customers,TUMBLER NEW ENGLAND,550
Regular Customers,"TUMBLER, BAROQUE",18
Regular Customers,"TUMBLER, NEW ENGLAND",102
Regular Customers,TURQ ICE CREAM BUM BAG ,12
Regular Customers,TURQ STONE/CRYSTAL EARRINGS,9
Regular Customers,TURQ+RED BOUDICCA LARGE BRACELET,35
Regular Customers,TURQUOISE CHRISTMAS TREE ,4
Regular Customers,TURQUOISE CRYSTAL+GLASS BRACELET,17
Regular Customers,TURQUOISE GLASS TASSLE BAG CHARM ,21
Regular Customers,TURQUOISE HEART OF GLASS BRACELET,8
Regular Customers,TUSCAN VILLA BIRD FEEDER,16
Regular Customers,TUSCAN VILLA BIRD TABLE ,15
Regular Customers,TUSCAN VILLA DOVECOTE,6
Regular Customers,TUSCAN VILLA DOVECOTE BIRD FEEDER,28
Regular Customers,TUSCAN VILLA FEEDING STATION,10
Regular Customers,TV DINNER TRAY AIR HOSTESS ,109
Regular Customers,TV DINNER TRAY DOLLY GIRL,71
Regular Customers,TV DINNER TRAY VINTAGE PAISLEY,207
Regular Customers,TWO DOOR CURIO CABINET,102
Regular Customers,UBO-LIGHT TRIOBASE BLUE,4
Regular Customers,UBO-LIGHT TRIOBASE PURPLE,5
Regular Customers,UNION FLAG WINDSOCK,9
Regular Customers,UNION JACK FLAG LUGGAGE TAG,277
Regular Customers,UNION JACK FLAG PASSPORT COVER ,219
Regular Customers,UNION JACK HOT WATER BOTTLE ,4
Regular Customers,UNION STRIPE CUSHION COVER ,258
Regular Customers,UNION STRIPE WITH FRINGE  HAMMOCK,342
Regular Customers,URBAN BLACK RIBBONS ,295
Regular Customers,UTILTY CABINET WITH HOOKS,2
Regular Customers,VANILLA INCENSE 40 CONES IN TIN,13
Regular Customers,VANILLA INCENSE IN TIN,1078
Regular Customers,VANILLA SCENT CANDLE JEWELLED BOX,497
Regular Customers,VEGETABLE GARDEN CHOPPING BOARD,62
Regular Customers,VEGETABLE MAGNETIC  SHOPPING LIST,12
Regular Customers,VICTORIAN  METAL POSTCARD SPRING,1045
Regular Customers,VICTORIAN GLASS HANGING T-LIGHT,8397
Regular Customers,VICTORIAN SEWING BOX LARGE,79
Regular Customers,VICTORIAN SEWING BOX MEDIUM,292
Regular Customers,VICTORIAN SEWING BOX SMALL ,311
Regular Customers,VICTORIAN SEWING KIT,992
Regular Customers,VILLAGE SHOW WALL ART,52
Regular Customers,VINTAGE  2 METER FOLDING RULER,1282
Regular Customers,VINTAGE  2 METRE FOLDING RULER,892
Regular Customers,VINTAGE BEAD COSMETIC BAG ,14
Regular Customers,VINTAGE BEAD NOTEBOOK,29
Regular Customers,VINTAGE BEAD PINK EVENING BAG,374
Regular Customers,VINTAGE BEAD PINK JEWEL BOX,3
Regular Customers,VINTAGE BEAD PINK PURSE ,687
Regular Customers,VINTAGE BEAD PINK SCARF ,286
Regular Customers,VINTAGE BEAD PINK SHADE ,12
Regular Customers,VINTAGE BELLS GARLAND,544
Regular Customers,VINTAGE BILLBOARD DRINK ME MUG,442
Regular Customers,VINTAGE BILLBOARD LOVE/HATE MUG,635
Regular Customers,VINTAGE BILLBOARD MUG ,364
Regular Customers,VINTAGE BILLBOARD TEA MUG,110
Regular Customers,VINTAGE BLUE KITCHEN CABINET,19
Regular Customers,VINTAGE CARAVAN GIFT WRAP,371
Regular Customers,VINTAGE CARAVAN GREETING CARD ,744
Regular Customers,VINTAGE CHRISTMAS BUNTING,1741
Regular Customers,VINTAGE CHRISTMAS CAKE FRILL,1535
Regular Customers,VINTAGE CHRISTMAS GIFT BAG LARGE ,1029
Regular Customers,VINTAGE CHRISTMAS GIFT SACK,828
Regular Customers,VINTAGE CHRISTMAS PAPER GIFT BAG,978
Regular Customers,VINTAGE CHRISTMAS STOCKING ,1636
Regular Customers,VINTAGE CHRISTMAS TABLECLOTH,190
Regular Customers,VINTAGE COFFEE GRINDER BOX,61
Regular Customers,VINTAGE CREAM 3 BASKET CAKE STAND,211
Regular Customers,VINTAGE CREAM CAT FOOD CONTAINER,260
Regular Customers,VINTAGE CREAM DOG FOOD CONTAINER,343
Regular Customers,VINTAGE DOILY DELUXE SEWING KIT ,414
Regular Customers,VINTAGE DOILY JUMBO BAG RED ,2845
Regular Customers,VINTAGE DOILY TRAVEL SEWING KIT,2555
Regular Customers,VINTAGE DONKEY TAIL GAME ,971
Regular Customers,VINTAGE EMBOSSED HEART,653
Regular Customers,VINTAGE ENAMEL & CRYSTAL EARRINGS,5
Regular Customers,VINTAGE ENAMEL & CRYSTAL NECKLACE,1
Regular Customers,VINTAGE ENGRAVED HEART,48
Regular Customers,VINTAGE GLASS COFFEE CADDY,61
Regular Customers,VINTAGE GLASS T-LIGHT HOLDER,1375
Regular Customers,VINTAGE HEADS AND TAILS CARD GAME ,3983
Regular Customers,VINTAGE JINGLE BELLS HEART,206
Regular Customers,VINTAGE JINGLE BELLS WREATH,58
Regular Customers,VINTAGE KEEPSAKE BOX PARIS DAYS,2
Regular Customers,VINTAGE KEEPSAKE BOX PINK FLOWER,3
Regular Customers,VINTAGE KEEPSAKE BOX TRAVELOGUE,10
Regular Customers,VINTAGE KID DOLLY CARD ,1140
Regular Customers,VINTAGE KITCHEN PRINT FRUITS,59
Regular Customers,VINTAGE KITCHEN PRINT PUDDINGS,24
Regular Customers,VINTAGE KITCHEN PRINT SEAFOOD,23
Regular Customers,VINTAGE KITCHEN PRINT VEGETABLES,46
Regular Customers,VINTAGE LEAF CHOPPING BOARD  ,86
Regular Customers,VINTAGE LEAF MAGNETIC NOTEPAD,1133
Regular Customers,VINTAGE NOTEBOOK PARIS DAYS,59
Regular Customers,VINTAGE NOTEBOOK TRAVELOGUE,18
Regular Customers,VINTAGE PAISLEY STATIONERY SET,875
Regular Customers,VINTAGE PHOTO ALBUM PARIS DAYS,2
Regular Customers,VINTAGE PINK DECORATIVE PARASOL,24
Regular Customers,VINTAGE RED ENAMEL TRIM JUG ,364
Regular Customers,VINTAGE RED ENAMEL TRIM MUG ,1078
Regular Customers,VINTAGE RED ENAMEL TRIM PLATE,508
Regular Customers,VINTAGE RED KITCHEN CABINET,40
Regular Customers,VINTAGE RED MUG,113
Regular Customers,VINTAGE RED TEATIME MUG,70
Regular Customers,VINTAGE RED TRIM ENAMEL BOWL ,778
Regular Customers,VINTAGE ROSE BEAD BRACELET BLACK,29
Regular Customers,VINTAGE ROSE BEAD BRACELET RASPBERR,28
Regular Customers,VINTAGE SEASIDE JIGSAW PUZZLES,196
Regular Customers,VINTAGE SHELLS PRINT,15
Regular Customers,VINTAGE SNAKES & LADDERS,1259
Regular Customers,VINTAGE SNAP CARDS,7512
Regular Customers,VINTAGE UNION JACK APRON,218
Regular Customers,VINTAGE UNION JACK BUNTING,978
Regular Customers,VINTAGE UNION JACK CUSHION COVER,156
Regular Customers,VINTAGE UNION JACK DOORSTOP,121
Regular Customers,VINTAGE UNION JACK MEMOBOARD,214
Regular Customers,VINTAGE UNION JACK PENNANT,437
Regular Customers,VINTAGE UNION JACK SHOPPING BAG,114
Regular Customers,VINTAGE ZINC PLANTER  ,17
Regular Customers,VINTAGE ZINC WATERING CAN,12
Regular Customers,VINTAGE ZINC WATERING CAN SMALL,16
Regular Customers,VINYL RECORD FRAME SILVER,684
Regular Customers,VIP HOLIDAY PURSE,6
Regular Customers,VIP PASSPORT COVER ,21
Regular Customers,VIPPASSPORT COVER ,45
Regular Customers,WAKE UP COCKEREL CALENDAR SIGN ,49
Regular Customers,WAKE UP COCKEREL TILE COASTER,332
Regular Customers,WAKE UP COCKEREL TILE HOOK,24
Regular Customers,"WALL ART , LOVES' SECRET ",4
Regular Customers,"WALL ART , THE MAGIC FOREST ",2
Regular Customers,WALL ART 70'S ALPHABET ,88
Regular Customers,WALL ART ANIMALS AND NATURE ,47
Regular Customers,WALL ART BICYCLE SAFETY,252
Regular Customers,WALL ART BICYCLE SAFTEY ,2
Regular Customers,WALL ART BIG LOVE ,179
Regular Customers,WALL ART BUFFALO BILL ,51
Regular Customers,WALL ART CAT AND BIRD ,69
Regular Customers,WALL ART CLASSIC PUDDINGS ,180
Regular Customers,WALL ART DOG AND BALL ,46
Regular Customers,WALL ART DOG LICENCE ,104
Regular Customers,WALL ART DOLLY GIRL ,35
Regular Customers,WALL ART GARDEN HAVEN ,49
Regular Customers,WALL ART HORSE & PONY ,41
Regular Customers,WALL ART I LOVE LONDON ,33
Regular Customers,WALL ART KEEP CALM ,135
Regular Customers,WALL ART LOVES' SECRET ,67
Regular Customers,WALL ART MID CENTURY MODERN ,25
Regular Customers,WALL ART ONLY ONE PERSON ,250
Regular Customers,WALL ART SPACEBOY,33
Regular Customers,WALL ART STOP FOR TEA ,316
Regular Customers,WALL ART THE MAGIC FOREST ,12
Regular Customers,WALL ART TREASURE AHOY ,43
Regular Customers,WALL ART VILLAGE SHOW ,102
Regular Customers,WALL ART VINTAGE HEART,63
Regular Customers,WALL ART WORK REST AND PLAY  ,40
Regular Customers,WALL MIRROR RECTANGLE DIAMANTE PINK,116
Regular Customers,WALL TIDY RETROSPOT ,451
Regular Customers,WASH BAG VINTAGE ROSE PAISLEY,177
Regular Customers,WASHROOM METAL SIGN,1035
Regular Customers,WATERING CAN BLUE ELEPHANT,846
Regular Customers,WATERING CAN GARDEN MARKER,347
Regular Customers,WATERING CAN GREEN DINOSAUR,622
Regular Customers,WATERING CAN PINK BUNNY,839
Regular Customers,WAY OUT METAL SIGN ,2
Regular Customers,WEEKEND BAG VINTAGE ROSE PAISLEY,69
Regular Customers,WELCOME  WOODEN BLOCK LETTERS,276
Regular Customers,WHEELBARROW FOR CHILDREN ,62
Regular Customers,WHITE  ROSEBUD PEARL BRACELET,26
Regular Customers,WHITE 3 FRAME BIRDS AND TREE ,3
Regular Customers,WHITE ALLIUM  ARTIFICIAL FLOWER,10
Regular Customers,WHITE AND BLUE CERAMIC OIL BURNER,74
Regular Customers,WHITE ANEMONE ARTIFICIAL FLOWER,2
Regular Customers,WHITE BAMBOO RIBS LAMPSHADE,327
Regular Customers,WHITE BAROQUE WALL CLOCK ,9
Regular Customers,WHITE BEADED GARLAND STRING 20LIGHT,2
Regular Customers,WHITE BELL HONEYCOMB PAPER ,137
Regular Customers,WHITE BELL HONEYCOMB PAPER GARLAND ,135
Regular Customers,WHITE BROCANTE SOAP DISH,350
Regular Customers,WHITE CANDYSTUFT ARTIFICIAL FLOWER,206
Regular Customers,WHITE CHRISTMAS GARLAND STARS TREES,125
Regular Customers,WHITE CHRISTMAS STAR DECORATION,282
Regular Customers,WHITE CHRISTMAS TREE 60CM,1
Regular Customers,WHITE CHRYSANTHEMUMS ART FLOWER,14
Regular Customers,WHITE ENAMEL FLOWER HAIR TIE,1
Regular Customers,WHITE FRANGIPANI HAIR CLIP,10
Regular Customers,WHITE FRANGIPANI NECKLACE,1
Regular Customers,WHITE GLASS CHUNKY CHARM BRACELET,9
Regular Customers,WHITE GOOSE FEATHER CHRISTMAS TREE ,202
Regular Customers,WHITE GOOSE FEATHER TREE 60CM ,195
Regular Customers,WHITE HAND TOWEL WITH BUTTERFLY,95
Regular Customers,WHITE HANGING BEADS CANDLE HOLDER,164
Regular Customers,WHITE HANGING HEART T-LIGHT HOLDER,13241
Regular Customers,WHITE HEART CONFETTI IN TUBE,482
Regular Customers,WHITE HEART OF GLASS BRACELET,3
Regular Customers,WHITE HEARTS WIRE PLANT POT HOLDER,231
Regular Customers,WHITE HONEYCOMB PAPER GARLAND ,82
Regular Customers,WHITE HYDRANGEA ART FLOWER,22
Regular Customers,WHITE JEWELLED HEART DECORATION,1457
Regular Customers,WHITE LOVEBIRD LANTERN,336
Regular Customers,WHITE METAL LANTERN,599
Regular Customers,WHITE MOROCCAN METAL LANTERN,21
Regular Customers,WHITE MURANO TWIST BRACELET,1
Regular Customers,WHITE ROCKING HORSE HAND PAINTED,1927
Regular Customers,WHITE SAGE INCENSE,1085
Regular Customers,WHITE SKULL HOT WATER BOTTLE ,1292
Regular Customers,WHITE SOAP RACK WITH 2 BOTTLES,52
Regular Customers,WHITE SPOT BLUE CERAMIC DRAWER KNOB,1838
Regular Customers,WHITE SPOT RED CERAMIC DRAWER KNOB,2151
Regular Customers,WHITE SQUARE TABLE CLOCK,69
Regular Customers,WHITE STITCHED CUSHION COVER,30
Regular Customers,WHITE STITCHED WALL CLOCK,250
Regular Customers,WHITE STONE/CRYSTAL EARRINGS,1
Regular Customers,WHITE TALL PORCELAIN T-LIGHT HOLDER,558
Regular Customers,"WHITE TEA,COFFEE,SUGAR JARS",304
Regular Customers,WHITE TISSUE REAM,9
Regular Customers,WHITE TRAVEL ALARM CLOCK,42
Regular Customers,WHITE VINT ART DECO CRYSTAL NECKLAC,7
Regular Customers,WHITE VINTAGE CRYSTAL BRACELET,3
Regular Customers,WHITE VINTAGE CRYSTAL EARRINGS,3
Regular Customers,WHITE WICKER STAR ,1167
Regular Customers,WHITE WIRE EGG HOLDER,128
Regular Customers,WHITE WIRE PLANT POT HOLDER,8
Regular Customers,WHITE WITH BLACK CATS PLATE,72
Regular Customers,WHITE WITH METAL BAG CHARM,3
Regular Customers,WHITE WOOD GARDEN PLANT LADDER,379
Regular Customers,WHITE/PINK CHICK DECORATION,45
Regular Customers,WHITE/PINK CHICK EASTER DECORATION,22
Regular Customers,WICKER STAR ,1154
Regular Customers,WICKER WREATH LARGE,476
Regular Customers,WICKER WREATH SMALL,551
Regular Customers,WINE BOTTLE DRESSING DARK BLUE,37
Regular Customers,WINE BOTTLE DRESSING LT.BLUE,14
Regular Customers,WIRE EGG BASKET ,74
Regular Customers,WISE MAN STAR SHAPE EGG PAN,13
Regular Customers,WOOD 2 DRAWER CABINET WHITE FINISH,1190
Regular Customers,WOOD AND GLASS MEDICINE CABINET,7
Regular Customers,WOOD BLACK BOARD ANT WHITE FINISH,1210
Regular Customers,WOOD S/3 CABINET ANT WHITE FINISH,690
Regular Customers,WOOD STAMP SET BEST WISHES,616
Regular Customers,WOOD STAMP SET FLOWERS,565
Regular Customers,WOOD STAMP SET HAPPY BIRTHDAY,550
Regular Customers,WOOD STAMP SET THANK YOU,932
Regular Customers,WOOD STOCKING CHRISTMAS SCANDISPOT,756
Regular Customers,WOODEN ADVENT CALENDAR CREAM,114
Regular Customers,WOODEN ADVENT CALENDAR RED,247
Regular Customers,WOODEN BOX ADVENT CALENDAR ,6
Regular Customers,WOODEN BOX OF DOMINOES,3282
Regular Customers,WOODEN CROQUET GARDEN SET,334
Regular Customers,WOODEN FRAME ANTIQUE WHITE ,3652
Regular Customers,WOODEN HAPPY BIRTHDAY GARLAND,769
Regular Customers,WOODEN HEART CHRISTMAS SCANDINAVIAN,7308
Regular Customers,WOODEN OWLS LIGHT GARLAND ,428
Regular Customers,WOODEN PICTURE FRAME WHITE FINISH,3566
Regular Customers,WOODEN REGATTA BUNTING,142
Regular Customers,WOODEN ROUNDERS GARDEN SET ,565
Regular Customers,WOODEN SCHOOL COLOURING SET,3211
Regular Customers,WOODEN SKITTLES GARDEN SET,131
Regular Customers,WOODEN STAR CHRISTMAS SCANDINAVIAN,6747
Regular Customers,WOODEN TREE CHRISTMAS SCANDINAVIAN,3594
Regular Customers,WOODEN UNION JACK BUNTING,899
Regular Customers,WOODLAND  HEIGHT CHART STICKERS ,398
Regular Customers,WOODLAND  STICKERS,589
Regular Customers,WOODLAND BUNNIES LOLLY MAKERS,246
Regular Customers,WOODLAND CHARLOTTE BAG,3629
Regular Customers,WOODLAND DESIGN  COTTON TOTE BAG,375
Regular Customers,WOODLAND LARGE BLUE FELT HEART,72
Regular Customers,WOODLAND LARGE PINK FELT HEART,73
Regular Customers,WOODLAND LARGE RED FELT HEART,185
Regular Customers,WOODLAND MINI BACKPACK,370
Regular Customers,WOODLAND PARTY BAG + STICKER SET,826
Regular Customers,WOODLAND SMALL BLUE FELT HEART,245
Regular Customers,WOODLAND SMALL PINK FELT HEART,206
Regular Customers,WOODLAND SMALL RED FELT HEART,362
Regular Customers,WOODLAND STORAGE BOX LARGE ,90
Regular Customers,WOODLAND STORAGE BOX SMALL,79
Regular Customers,WORLD WAR 2 GLIDERS ASSTD DESIGNS,22097
Regular Customers,WOVEN BERRIES CUSHION COVER ,7
Regular Customers,WOVEN BUBBLE GUM CUSHION COVER,4
Regular Customers,WOVEN CANDY CUSHION COVER ,6
Regular Customers,WOVEN FROST CUSHION COVER,9
Regular Customers,WOVEN ROSE GARDEN CUSHION COVER ,9
Regular Customers,WRAP  PINK FLOCK,25
Regular Customers,WRAP  VINTAGE DOILEY ,50
Regular Customers,WRAP  VINTAGE DOILY ,1825
Regular Customers,WRAP 50'S  CHRISTMAS,3987
Regular Customers,WRAP ALPHABET DESIGN,4775
Regular Customers,WRAP ALPHABET POSTER  ,1550
Regular Customers,WRAP BAD HAIR DAY,500
Regular Customers,WRAP BILLBOARD FONTS DESIGN,1200
Regular Customers,WRAP BIRD GARDEN ,1025
Regular Customers,WRAP BLUE RUSSIAN FOLKART,25
Regular Customers,WRAP CAROUSEL,250
Regular Customers,WRAP CHRISTMAS SCREEN PRINT,600
Regular Customers,WRAP CHRISTMAS VILLAGE,4175
Regular Customers,WRAP CIRCUS PARADE,1952
Regular Customers,WRAP COWBOYS  ,1300
Regular Customers,WRAP DAISY CARPET ,550
Regular Customers,WRAP DOILEY DESIGN,2500
Regular Customers,WRAP DOLLY GIRL,1975
Regular Customers,WRAP ENGLISH ROSE ,4651
Regular Customers,WRAP FLOWER SHOP  ,1275
Regular Customers,WRAP FOLK ART,100
Regular Customers,WRAP GINGHAM ROSE ,1776
Regular Customers,WRAP GREEN PEARS ,1275
Regular Customers,WRAP GREEN RUSSIAN FOLKART ,25
Regular Customers,WRAP I LOVE LONDON ,2425
Regular Customers,WRAP KEEP CALM BIRTHDAY,700
Regular Customers,WRAP MAGIC FOREST ,875
Regular Customers,WRAP MONSTER FUN ,925
Regular Customers,WRAP PAISLEY PARK ,2375
Regular Customers,WRAP PINK FAIRY CAKES ,2675
Regular Customers,WRAP POPPIES  DESIGN,3000
Regular Customers,WRAP RED APPLES ,2825
Regular Customers,WRAP RED DOILEY,175
Regular Customers,WRAP RED VINTAGE DOILY,1425
Regular Customers,WRAP SUKI AND FRIENDS,2775
Regular Customers,WRAP SUMMER ROSE DESIGN,50
Regular Customers,WRAP VINTAGE LEAF DESIGN,3475
Regular Customers,WRAP VINTAGE PETALS  DESIGN,1850
Regular Customers,WRAP WEDDING DAY,875
Regular Customers,"WRAP, BILLBOARD FONTS DESIGN",525
Regular Customers,"WRAP, CAROUSEL",75
Regular Customers,YELLOW BREAKFAST CUP AND SAUCER,20
Regular Customers,YELLOW COAT RACK PARIS FASHION,150
Regular Customers,YELLOW DRAGONFLY HELICOPTER,15
Regular Customers,YELLOW EASTER EGG HUNT START POST,37
Regular Customers,YELLOW FELT HANGING HEART W FLOWER,6
Regular Customers,YELLOW FLOWERS FELT HANDBAG KIT,27
Regular Customers,YELLOW GIANT GARDEN THERMOMETER,165
Regular Customers,YELLOW METAL CHICKEN HEART ,198
Regular Customers,YELLOW PINK FLOWER DESIGN BIG BOWL,6
Regular Customers,YELLOW POT PLANT CANDLE,20
Regular Customers,YELLOW SHARK HELICOPTER,39
Regular Customers,YELLOW/BLUE RETRO RADIO,16
Regular Customers,YELLOW/PINK FLOWER DESIGN BIG MUG,24
Regular Customers,YOU'RE CONFUSING ME METAL SIGN ,1950
Regular Customers,YULETIDE IMAGES GIFT WRAP SET,403
Regular Customers,YULETIDE IMAGES S/6 PAPER BOXES,8
Regular Customers,ZINC  HEART T-LIGHT HOLDER,488
Regular Customers,ZINC  STAR T-LIGHT HOLDER ,543
Regular Customers,ZINC BOX SIGN HOME,107
Regular Customers,ZINC FINISH 15CM PLANTER POTS,321
Regular Customers,ZINC FOLKART SLEIGH BELLS,3142
Regular Customers,ZINC HEART FLOWER T-LIGHT HOLDER,548
Regular Customers,ZINC HEART LATTICE 2 WALL PLANTER,11
Regular Customers,ZINC HEART LATTICE CHARGER LARGE,37
Regular Customers,ZINC HEART LATTICE CHARGER SMALL,17
Regular Customers,ZINC HEART LATTICE T-LIGHT HOLDER,308
Regular Customers,ZINC HEART LATTICE TRAY OVAL ,9
Regular Customers,ZINC HEARTS PLANT POT HOLDER,238
Regular Customers,ZINC HERB GARDEN CONTAINER,332
Regular Customers,ZINC METAL HEART DECORATION,3864
Regular Customers,ZINC SWEETHEART SOAP DISH,42
Regular Customers,ZINC SWEETHEART WIRE LETTER RACK,171
Regular Customers,ZINC T-LIGHT HOLDER STAR LARGE,1380
Regular Customers,ZINC T-LIGHT HOLDER STARS LARGE,24
Regular Customers,ZINC T-LIGHT HOLDER STARS SMALL,2224
Regular Customers,ZINC TOP  2 DOOR WOODEN SHELF ,3
Regular Customers,ZINC WILLIE WINKIE  CANDLE STICK,1747
Regular Customers,ZINC WIRE KITCHEN ORGANISER,15
Regular Customers,ZINC WIRE SWEETHEART LETTER TRAY,28
VIP Customers, 4 PURPLE FLOCK DINNER CANDLES,1
VIP Customers, 50'S CHRISTMAS GIFT BAG LARGE,56
VIP Customers, DOLLY GIRL BEAKER,37
VIP Customers, I LOVE LONDON MINI BACKPACK,11
VIP Customers, NINE DRAWER OFFICE TIDY,2
VIP Customers, OVAL WALL MIRROR DIAMANTE ,11
VIP Customers, RED SPOT GIFT BAG LARGE,88
VIP Customers, SET 2 TEA TOWELS I LOVE LONDON ,7
VIP Customers, SPACEBOY BABY GIFT SET,28
VIP Customers, TRELLIS COAT RACK,15
VIP Customers,10 COLOUR SPACEBOY PEN,48
VIP Customers,12 COLOURED PARTY BALLOONS,40
VIP Customers,12 DAISY PEGS IN WOOD BOX,86
VIP Customers,12 EGG HOUSE PAINTED WOOD,32
VIP Customers,12 IVORY ROSE PEG PLACE SETTINGS,210
VIP Customers,12 MESSAGE CARDS WITH ENVELOPES,49
VIP Customers,12 PENCIL SMALL TUBE WOODLAND,99
VIP Customers,12 PENCILS SMALL TUBE RED RETROSPOT,141
VIP Customers,12 PENCILS SMALL TUBE SKULL,50
VIP Customers,12 PENCILS TALL TUBE POSY,120
VIP Customers,12 PENCILS TALL TUBE RED RETROSPOT,61
VIP Customers,12 PENCILS TALL TUBE SKULLS,78
VIP Customers,12 PENCILS TALL TUBE WOODLAND,62
VIP Customers,12 PINK HEN+CHICKS IN BASKET,13
VIP Customers,12 PINK ROSE PEG PLACE SETTINGS,147
VIP Customers,12 RED ROSE PEG PLACE SETTINGS,91
VIP Customers,15CM CHRISTMAS GLASS BALL 20 LIGHTS,134
VIP Customers,16 PIECE CUTLERY SET PANTRY DESIGN,13
VIP Customers,2 DAISIES HAIR COMB,6
VIP Customers,2 PICTURE BOOK EGGS EASTER BUNNY,3
VIP Customers,2 PICTURE BOOK EGGS EASTER CHICKS,18
VIP Customers,20 DOLLY PEGS RETROSPOT,62
VIP Customers,200 BENDY SKULL STRAWS,106
VIP Customers,200 RED + WHITE BENDY STRAWS,116
VIP Customers,3 BLACK CATS W HEARTS BLANK CARD,12
VIP Customers,3 DRAWER ANTIQUE WHITE WOOD CABINET,78
VIP Customers,3 GARDENIA MORRIS BOXED CANDLES,1
VIP Customers,3 HEARTS HANGING DECORATION RUSTIC,26
VIP Customers,3 HOOK HANGER MAGIC GARDEN,18
VIP Customers,3 HOOK PHOTO SHELF ANTIQUE WHITE,62
VIP Customers,3 PIECE SPACEBOY COOKIE CUTTER SET,26
VIP Customers,3 PINK HEN+CHICKS IN BASKET,1
VIP Customers,3 RAFFIA RIBBONS 50'S CHRISTMAS ,41
VIP Customers,3 ROSE MORRIS BOXED CANDLES,62
VIP Customers,3 STRIPEY MICE FELTCRAFT,65
VIP Customers,3 TIER CAKE TIN GREEN AND CREAM,16
VIP Customers,3 TIER CAKE TIN RED AND CREAM,9
VIP Customers,3 TIER SWEETHEART GARDEN SHELF,1
VIP Customers,3 TRADITIONAL COOKIE CUTTERS  SET,144
VIP Customers,3 TRADITIONAl BISCUIT CUTTERS  SET,52
VIP Customers,3 WHITE CHOC MORRIS BOXED CANDLES,29
VIP Customers,36 DOILIES DOLLY GIRL,4
VIP Customers,36 DOILIES VINTAGE CHRISTMAS,1068
VIP Customers,36 FOIL HEART CAKE CASES,14
VIP Customers,36 FOIL STAR CAKE CASES ,16
VIP Customers,36 PENCILS TUBE POSY,5
VIP Customers,36 PENCILS TUBE RED RETROSPOT,51
VIP Customers,36 PENCILS TUBE SKULLS,46
VIP Customers,36 PENCILS TUBE WOODLAND,88
VIP Customers,3D CHRISTMAS STAMPS STICKERS ,22
VIP Customers,3D DOG PICTURE PLAYING CARDS,11
VIP Customers,3D HEARTS  HONEYCOMB PAPER GARLAND,32
VIP Customers,3D SHEET OF CAT STICKERS,20
VIP Customers,3D SHEET OF DOG STICKERS,12
VIP Customers,3D TRADITIONAL CHRISTMAS STICKERS,26
VIP Customers,3D VINTAGE CHRISTMAS STICKERS ,19
VIP Customers,4 BLUE DINNER CANDLES SILVER FLOCK,9
VIP Customers,4 BURGUNDY WINE DINNER CANDLES,2
VIP Customers,4 IVORY DINNER CANDLES SILVER FLOCK,72
VIP Customers,4 LAVENDER BOTANICAL DINNER CANDLES,29
VIP Customers,4 LILY  BOTANICAL DINNER CANDLES,12
VIP Customers,4 PEAR BOTANICAL DINNER CANDLES,24
VIP Customers,4 PINK DINNER CANDLE SILVER FLOCK,8
VIP Customers,4 PINK FLOCK CHRISTMAS BALLS,3
VIP Customers,4 SKY BLUE DINNER CANDLES,4
VIP Customers,4 TRADITIONAL SPINNING TOPS,215
VIP Customers,4 VANILLA BOTANICAL CANDLES,33
VIP Customers,4 WILDFLOWER BOTANICAL CANDLES,5
VIP Customers,5 HOOK HANGER MAGIC TOADSTOOL,122
VIP Customers,5 HOOK HANGER RED MAGIC TOADSTOOL,5
VIP Customers,50'S CHRISTMAS PAPER GIFT BAG,30
VIP Customers,50CM METAL STRING WITH  7 CLIPS,13
VIP Customers,6 CHOCOLATE LOVE HEART T-LIGHTS,32
VIP Customers,6 EGG HOUSE PAINTED WOOD,42
VIP Customers,6 GIFT TAGS 50'S CHRISTMAS ,57
VIP Customers,6 GIFT TAGS VINTAGE CHRISTMAS ,56
VIP Customers,6 RIBBONS ELEGANT CHRISTMAS ,15
VIP Customers,6 RIBBONS EMPIRE  ,2
VIP Customers,6 RIBBONS RUSTIC CHARM,320
VIP Customers,6 RIBBONS SHIMMERING PINKS ,5
VIP Customers,6 ROCKET BALLOONS ,71
VIP Customers,60 CAKE CASES DOLLY GIRL DESIGN,299
VIP Customers,60 CAKE CASES VINTAGE CHRISTMAS,1568
VIP Customers,60 TEATIME FAIRY CAKE CASES,523
VIP Customers,72 SWEETHEART FAIRY CAKE CASES,512
VIP Customers,75 GREEN FAIRY CAKE CASES,6
VIP Customers,75 GREEN PETIT FOUR CASES,30
VIP Customers,A PRETTY THANK YOU CARD,24
VIP Customers,A4 WALL TIDY BLUE OFFICE,48
VIP Customers,ABC TREASURE BOOK BOX ,45
VIP Customers,ABSTRACT CIRCLE JOURNAL ,3
VIP Customers,ABSTRACT CIRCLES SKETCHBOOK ,12
VIP Customers,ACRYLIC GEOMETRIC LAMP,1
VIP Customers,"ACRYLIC HANGING JEWEL,BLUE",48
VIP Customers,"ACRYLIC JEWEL ICICLE, BLUE",6
VIP Customers,"ACRYLIC JEWEL ICICLE, PINK",48
VIP Customers,"ACRYLIC JEWEL SNOWFLAKE, PINK",78
VIP Customers,ADULT APRON APPLE DELIGHT,15
VIP Customers,ADVENT CALENDAR GINGHAM SACK,53
VIP Customers,AFGHAN SLIPPER SOCK PAIR,12
VIP Customers,AGED GLASS SILVER T-LIGHT HOLDER,376
VIP Customers,AIRLINE BAG VINTAGE JET SET BROWN,37
VIP Customers,AIRLINE BAG VINTAGE JET SET RED,58
VIP Customers,AIRLINE BAG VINTAGE JET SET WHITE,23
VIP Customers,AIRLINE BAG VINTAGE TOKYO 78,78
VIP Customers,AIRLINE BAG VINTAGE WORLD CHAMPION ,10
VIP Customers,"AIRLINE LOUNGE,METAL SIGN",26
VIP Customers,ALARM CLOCK BAKELIKE CHOCOLATE,28
VIP Customers,ALARM CLOCK BAKELIKE GREEN,57
VIP Customers,ALARM CLOCK BAKELIKE IVORY,22
VIP Customers,ALARM CLOCK BAKELIKE ORANGE,33
VIP Customers,ALARM CLOCK BAKELIKE PINK,55
VIP Customers,ALARM CLOCK BAKELIKE RED ,68
VIP Customers,ALPHABET HEARTS STICKER SHEET,16
VIP Customers,ALPHABET STENCIL CRAFT,4
VIP Customers,ALUMINIUM STAMPED HEART,25
VIP Customers,AMBER CHUNKY BEAD BRACELET W STRAP,1
VIP Customers,AMBER DIAMANTE EXPANDABLE RING,6
VIP Customers,AMBER DROP EARRINGS W LONG BEADS,6
VIP Customers,AMETHYST CHUNKY BEAD BRACELET W STR,1
VIP Customers,AMETHYST DIAMANTE EXPANDABLE RING,6
VIP Customers,ANGEL DECORATION 3 BUTTONS ,20
VIP Customers,ANGEL DECORATION STARS ON DRESS,32
VIP Customers,ANIMAL STICKERS,77
VIP Customers,ANT COPPER RED BOUDICCA BRACELET,1
VIP Customers,ANT WHITE WIRE HEART SPIRAL,27
VIP Customers,ANTIQUE ALL GLASS CANDLESTICK,13
VIP Customers,ANTIQUE CREAM CUTLERY CUPBOARD,3
VIP Customers,ANTIQUE CREAM CUTLERY SHELF ,1
VIP Customers,ANTIQUE GLASS DRESSING TABLE POT,195
VIP Customers,ANTIQUE GLASS HEART DECORATION ,84
VIP Customers,ANTIQUE GLASS PEDESTAL BOWL,72
VIP Customers,ANTIQUE HEART SHELF UNIT,6
VIP Customers,ANTIQUE IVORY WIRE BOWL SMALL,10
VIP Customers,ANTIQUE SILVER BAUBLE LAMP  ,13
VIP Customers,ANTIQUE SILVER T-LIGHT GLASS,687
VIP Customers,ANTIQUE SILVER TEA GLASS ENGRAVED,459
VIP Customers,ANTIQUE SILVER TEA GLASS ETCHED,246
VIP Customers,ANTIQUE TALL SWIRLGLASS TRINKET POT,5
VIP Customers,APPLE BATH SPONGE,58
VIP Customers,APRON APPLE DELIGHT,25
VIP Customers,APRON MODERN VINTAGE COTTON,24
VIP Customers,AREA PATROLLED METAL SIGN,33
VIP Customers,"ART LIGHTS,FUNK MONKEY",18
VIP Customers,ASS DES PHONE SPONGE CRAFT STICKER,2
VIP Customers,ASS FLORAL PRINT MULTI SCREWDRIVER,145
VIP Customers,ASSORTED BOTTLE TOP  MAGNETS ,72
VIP Customers,ASSORTED CHEESE FRIDGE MAGNETS,7
VIP Customers,ASSORTED CIRCULAR MOBILE,2
VIP Customers,ASSORTED COLOUR BIRD ORNAMENT,1403
VIP Customers,ASSORTED COLOUR LIZARD SUCTION HOOK,620
VIP Customers,ASSORTED COLOUR MINI CASES,63
VIP Customers,ASSORTED COLOUR T-LIGHT HOLDER,85
VIP Customers,ASSORTED COLOURED CIRCLE MOBILE ,1
VIP Customers,ASSORTED COLOURS SILK FAN,576
VIP Customers,ASSORTED CREEPY CRAWLIES,192
VIP Customers,ASSORTED EASTER DECORATIONS  BELLS,24
VIP Customers,ASSORTED EASTER GIFT TAGS,12
VIP Customers,"ASSORTED FLOWER COLOUR ""LEIS""",78
VIP Customers,ASSORTED MINI MADRAS NOTEBOOK,72
VIP Customers,ASSORTED MONKEY SUCTION CUP HOOK,202
VIP Customers,ASSORTED SHAPES PHOTO CLIP SILVER ,2
VIP Customers,ASSORTED TUTTI FRUTTI  FOB NOTEBOOK,18
VIP Customers,ASSORTED TUTTI FRUTTI BRACELET,66
VIP Customers,ASSORTED TUTTI FRUTTI HEART BOX,3
VIP Customers,ASSORTED TUTTI FRUTTI KEYRING BALL,2
VIP Customers,ASSORTED TUTTI FRUTTI LARGE PURSE,9
VIP Customers,ASSORTED TUTTI FRUTTI MIRROR,24
VIP Customers,ASSORTED TUTTI FRUTTI NOTEBOOK,53
VIP Customers,ASSORTED TUTTI FRUTTI PEN,132
VIP Customers,ASSORTED TUTTI FRUTTI SMALL PURSE,43
VIP Customers,ASSTD COL BUTTERFLY/CRYSTAL W/CHIME,1
VIP Customers,ASSTD DESIGN RACING CAR PEN,48
VIP Customers,ASSTD FRUIT+FLOWERS FRIDGE MAGNETS,114
VIP Customers,ASSTD MULTICOLOUR CIRCLES MUG,14
VIP Customers,ASSTD RASTA KEY-CHAINS,1
VIP Customers,BABUSHKA LIGHTS STRING OF 10,20
VIP Customers,BAG 125g SWIRLY MARBLES,97
VIP Customers,BAG 250g SWIRLY MARBLES,114
VIP Customers,BAG 500g SWIRLY MARBLES,38
VIP Customers,BAG OF SILVER STONES,2
VIP Customers,BAKING MOULD CHOCOLATE CUPCAKES,43
VIP Customers,BAKING MOULD EASTER EGG MILK CHOC,294
VIP Customers,BAKING MOULD EASTER EGG WHITE CHOC,6
VIP Customers,BAKING MOULD HEART MILK CHOCOLATE,224
VIP Customers,BAKING MOULD HEART WHITE CHOCOLATE,24
VIP Customers,BAKING MOULD ROSE MILK CHOCOLATE,1
VIP Customers,BAKING MOULD ROSE WHITE CHOCOLATE,9
VIP Customers,BAKING MOULD TOFFEE CUP CHOCOLATE,213
VIP Customers,BAKING SET 9 PIECE RETROSPOT ,158
VIP Customers,BAKING SET SPACEBOY DESIGN,46
VIP Customers,BALLOON ART MAKE YOUR OWN FLOWERS,25
VIP Customers,BALLOON PUMP WITH 10 BALLOONS,20
VIP Customers,BALLOON WATER BOMB PACK OF 35,77
VIP Customers,BALLOONS  WRITING SET ,40
VIP Customers,BANK ACCOUNT  GREETING  CARD ,24
VIP Customers,BANQUET BIRTHDAY  CARD  ,120
VIP Customers,BASKET OF FLOWERS SEWING KIT,24
VIP Customers,BASKET OF TOADSTOOLS,120
VIP Customers,BATH BUILDING BLOCK WORD,29
VIP Customers,BATHROOM HOOK,12
VIP Customers,BATHROOM METAL SIGN,123
VIP Customers,BATHROOM METAL SIGN ,7
VIP Customers,BATHROOM SCALES RUBBER DUCKS,2
VIP Customers,BATHROOM SET LOVE HEART DESIGN,13
VIP Customers,BEACH HUT DESIGN BLACKBOARD,12
VIP Customers,BEACH HUT KEY CABINET,7
VIP Customers,BEACH HUT MIRROR,1
VIP Customers,BEADED CHANDELIER T-LIGHT HOLDER,144
VIP Customers,BEADED CRYSTAL HEART BLUE  LARGE,37
VIP Customers,BEADED CRYSTAL HEART BLUE SMALL,20
VIP Customers,BEADED CRYSTAL HEART GREEN LARGE,36
VIP Customers,BEADED CRYSTAL HEART GREEN SMALL,16
VIP Customers,BEADED CRYSTAL HEART PINK LARGE,7
VIP Customers,BEADED CRYSTAL HEART PINK ON STICK,12
VIP Customers,BEADED CRYSTAL HEART PINK SMALL,17
VIP Customers,BEADED PEARL HEART WHITE LARGE,12
VIP Customers,BEADED PEARL HEART WHITE ON STICK,72
VIP Customers,BELLE JARDINIERE CUSHION COVER,59
VIP Customers,BEWARE OF THE CAT METAL SIGN ,157
VIP Customers,BICYCLE PUNCTURE REPAIR KIT ,20
VIP Customers,BICYCLE SAFTEY WALL ART,4
VIP Customers,BIG DOUGHNUT FRIDGE MAGNETS,29
VIP Customers,BILI NUT AND WOOD NECKLACE,6
VIP Customers,BINGO SET,209
VIP Customers,BIRD DECORATION GREEN POLKADOT,14
VIP Customers,BIRD DECORATION RED RETROSPOT,46
VIP Customers,BIRD HOUSE HOT WATER BOTTLE,86
VIP Customers,BIRDCAGE DECORATION TEALIGHT HOLDER,67
VIP Customers,BIRDHOUSE DECORATION MAGIC GARDEN,2
VIP Customers,BIRDHOUSE GARDEN MARKER ,72
VIP Customers,BIRDS MOBILE VINTAGE DESIGN,22
VIP Customers,BIRTHDAY BANQUET GIFT WRAP,50
VIP Customers,"BIRTHDAY CARD, RETRO SPOT",60
VIP Customers,BIRTHDAY PARTY CORDON BARRIER TAPE,28
VIP Customers,BISCUIT TIN 50'S CHRISTMAS,45
VIP Customers,BISCUIT TIN VINTAGE CHRISTMAS,15
VIP Customers,BISCUIT TIN VINTAGE GREEN,11
VIP Customers,BISCUIT TIN VINTAGE RED,14
VIP Customers,BISCUITS SMALL BOWL LIGHT BLUE,35
VIP Customers,BLACK 3 BEAD DROP EARRINGS,6
VIP Customers,BLACK AND WHITE CAT BOWL,4
VIP Customers,BLACK AND WHITE DOG BOWL,2
VIP Customers,BLACK BAROQUE WALL CLOCK ,10
VIP Customers,BLACK BIRD GARDEN DESIGN MUG,18
VIP Customers,BLACK CANDELABRA T-LIGHT HOLDER,30
VIP Customers,BLACK CHRISTMAS TREE 60CM,21
VIP Customers,BLACK CHUNKY BEAD BRACELET W STRAP,1
VIP Customers,BLACK DIAMANTE EXPANDABLE RING,6
VIP Customers,BLACK DINER WALL CLOCK,3
VIP Customers,BLACK EAR MUFF HEADPHONES,11
VIP Customers,BLACK ENAMEL FLOWER RING,6
VIP Customers,BLACK ENCHANTED FOREST PLACEMAT,67
VIP Customers,BLACK FLOWER CANDLE PLATE,6
VIP Customers,BLACK GRAND BAROQUE PHOTO FRAME,3
VIP Customers,BLACK HEART CARD HOLDER,5
VIP Customers,BLACK KITCHEN SCALES,6
VIP Customers,BLACK LOVE BIRD CANDLE,9
VIP Customers,BLACK LOVE BIRD T-LIGHT HOLDER,2
VIP Customers,BLACK MINI TAPE MEASURE ,35
VIP Customers,BLACK ORANGE SQUEEZER,57
VIP Customers,BLACK PIRATE TREASURE CHEST,20
VIP Customers,BLACK RECORD COVER FRAME,399
VIP Customers,BLACK SILOUETTE CANDLE PLATE,38
VIP Customers,BLACK SMALL GLASS CAKE STAND,4
VIP Customers,BLACK SQUARE TABLE CLOCK,12
VIP Customers,BLACK TEA TOWEL CLASSIC DESIGN,55
VIP Customers,"BLACK TEA,COFFEE,SUGAR JARS",9
VIP Customers,BLACK/BLUE POLKADOT UMBRELLA,57
VIP Customers,BLOND DOLL DOORSTOP,24
VIP Customers,BLOSSOM  IMAGES NOTEBOOK SET,24
VIP Customers,BLOSSOM IMAGES GIFT WRAP SET,8
VIP Customers,BLUE  DIAMANTE PEN IN GIFT BOX,11
VIP Customers,BLUE  TILE HOOK,3
VIP Customers,BLUE  VOILE LAMPSHADE,54
VIP Customers,BLUE & WHITE BREAKFAST TRAY,2
VIP Customers,BLUE 3 PIECE POLKADOT CUTLERY SET,22
VIP Customers,BLUE BIRDHOUSE DECORATION,24
VIP Customers,BLUE BLOSSOM HAIR CLIP,12
VIP Customers,BLUE BREAKFAST CUP AND SAUCER ,3
VIP Customers,BLUE CALCULATOR RULER,42
VIP Customers,BLUE CHARLIE+LOLA PERSONAL DOORSIGN,20
VIP Customers,BLUE CHENILLE SHAGGY CUSHION COVER ,16
VIP Customers,BLUE CIRCLES DESIGN MONKEY DOLL,9
VIP Customers,BLUE CIRCLES DESIGN TEDDY,6
VIP Customers,BLUE COAT RACK PARIS FASHION,8
VIP Customers,BLUE DAISY MOBILE,12
VIP Customers,BLUE DINER WALL CLOCK,50
VIP Customers,BLUE DISCO HANDBAG,4
VIP Customers,BLUE DRAGONFLY HELICOPTER,3
VIP Customers,BLUE DRAWER KNOB ACRYLIC EDWARDIAN,387
VIP Customers,BLUE EASTER EGG HUNT START POST,1
VIP Customers,BLUE EGG  SPOON,168
VIP Customers,BLUE FELT EASTER EGG BASKET,3
VIP Customers,BLUE FLOCK CUSHION COVER ,2
VIP Customers,BLUE FLY SWAT,3
VIP Customers,BLUE GIANT GARDEN THERMOMETER,4
VIP Customers,BLUE GLASS GEMS IN BAG,307
VIP Customers,BLUE HAPPY BIRTHDAY BUNTING,105
VIP Customers,BLUE HARMONICA IN BOX ,219
VIP Customers,BLUE KNITTED EGG COSY,15
VIP Customers,BLUE KNITTED HEN ,8
VIP Customers,BLUE NETTING STORAGE HANGER,1
VIP Customers,BLUE NEW BAROQUE CANDLESTICK CANDLE,24
VIP Customers,BLUE OWL SOFT TOY,18
VIP Customers,BLUE PAISLEY JOURNAL ,14
VIP Customers,BLUE PAISLEY NOTEBOOK,4
VIP Customers,BLUE PAISLEY POCKET BOOK,16
VIP Customers,BLUE PAISLEY SKETCHBOOK,17
VIP Customers,BLUE PAISLEY TISSUE BOX,51
VIP Customers,BLUE PAPER PARASOL ,32
VIP Customers,BLUE PARTY BAGS ,55
VIP Customers,BLUE POLKADOT BOWL,180
VIP Customers,BLUE POLKADOT COFFEE MUG,50
VIP Customers,BLUE POLKADOT CUP,114
VIP Customers,BLUE POLKADOT EGG CUP ,48
VIP Customers,BLUE POLKADOT GARDEN PARASOL,3
VIP Customers,BLUE POLKADOT KIDS BAG,1
VIP Customers,BLUE POLKADOT LUGGAGE TAG ,16
VIP Customers,BLUE POLKADOT PASSPORT COVER,13
VIP Customers,BLUE POLKADOT PLATE ,125
VIP Customers,BLUE POLKADOT WASHING UP GLOVES,37
VIP Customers,BLUE POLKADOT WRAP,325
VIP Customers,BLUE POT PLANT CANDLE ,4
VIP Customers,BLUE PUDDING SPOON,120
VIP Customers,BLUE REFECTORY CLOCK ,9
VIP Customers,BLUE RETRO KITCHEN WALL CLOCK,2
VIP Customers,BLUE ROSE FABRIC MIRROR,1
VIP Customers,BLUE ROUND COMPACT MIRROR,1
VIP Customers,BLUE SCANDINAVIAN PAISLEY WRAP,25
VIP Customers,BLUE SCOTTIE DOG W FLOWER PATTERN,12
VIP Customers,BLUE SPOT CERAMIC DRAWER KNOB,453
VIP Customers,BLUE STONES ON WIRE FOR CANDLE,30
VIP Customers,BLUE STRIPE CERAMIC DRAWER KNOB,880
VIP Customers,BLUE TEA TOWEL CLASSIC DESIGN,19
VIP Customers,BLUE TRAVEL FIRST AID KIT,1
VIP Customers,BLUE VICTORIAN FABRIC OVAL BOX,24
VIP Customers,BLUE VINTAGE SPOT BEAKER,29
VIP Customers,BLUE/CREAM STRIPE CUSHION COVER ,200
VIP Customers,BLUE/YELLOW FLOWER DESIGN BIG MUG,2
VIP Customers,BOHEMIAN COLLAGE STATIONERY SET,14
VIP Customers,BOOM BOX SPEAKER BOYS,14
VIP Customers,BOOM BOX SPEAKER GIRLS,6
VIP Customers,BOTANICAL GARDENS WALL CLOCK ,5
VIP Customers,BOTANICAL LAVENDER GIFT WRAP ,75
VIP Customers,BOTANICAL LILY GIFT WRAP,25
VIP Customers,BOTANICAL LILY GREETING CARD,36
VIP Customers,BOTANICAL ROSE GIFT WRAP,75
VIP Customers,BOTTLE BAG RETROSPOT ,9
VIP Customers,BOUDOIR SQUARE TISSUE BOX,7
VIP Customers,BOX OF 24 COCKTAIL PARASOLS,305
VIP Customers,BOX OF 6 ASSORTED COLOUR TEASPOONS,32
VIP Customers,BOX OF 6 CHRISTMAS CAKE DECORATIONS,65
VIP Customers,BOX OF 6 MINI 50'S CRACKERS,60
VIP Customers,BOX OF 6 MINI VINTAGE CRACKERS,379
VIP Customers,BOX OF 9 PEBBLE CANDLES,135
VIP Customers,BOX OF VINTAGE ALPHABET BLOCKS,22
VIP Customers,BOX OF VINTAGE JIGSAW BLOCKS ,130
VIP Customers,BOYS VINTAGE TIN SEASIDE BUCKET,19
VIP Customers,BREAD BIN DINER STYLE IVORY,18
VIP Customers,BREAD BIN DINER STYLE MINT,4
VIP Customers,BREAD BIN DINER STYLE PINK,5
VIP Customers,BREAD BIN DINER STYLE RED ,23
VIP Customers,BRIGHT BLUES RIBBONS ,33
VIP Customers,BROCADE RING PURSE ,169
VIP Customers,BROCANTE COAT RACK,19
VIP Customers,BROCANTE SHELF WITH HOOKS,7
VIP Customers,BROWN  PIRATE TREASURE CHEST ,29
VIP Customers,BROWN CHECK CAT DOORSTOP ,3
VIP Customers,BROWN KUKUI COCONUT SEED NECKLACE,6
VIP Customers,BUBBLEGUM RING ASSORTED,570
VIP Customers,BUFFALO BILL TREASURE BOOK BOX,23
VIP Customers,BUFFALO BILL WALL ART ,6
VIP Customers,BULL DOG BOTTLE OPENER,23
VIP Customers,BUNDLE OF 3 ALPHABET EXERCISE BOOKS,134
VIP Customers,BUNDLE OF 3 RETRO NOTE BOOKS,69
VIP Customers,BUNDLE OF 3 SCHOOL EXERCISE BOOKS  ,10
VIP Customers,BUNNY DECORATION MAGIC GARDEN,2
VIP Customers,BUNNY EGG BOX,17
VIP Customers,BUNNY EGG GARLAND,24
VIP Customers,BUNNY WOODEN PAINTED WITH BIRD ,134
VIP Customers,BUNNY WOODEN PAINTED WITH FLOWER ,74
VIP Customers,"BUNTING , SPOTTY ",9
VIP Customers,BUTTERFLIES STICKERS,18
VIP Customers,BUTTERFLY CROCHET FOOD COVER,14
VIP Customers,BUTTERFLY HAIR BAND,6
VIP Customers,BUTTON BOX ,43
VIP Customers,Bank Charges,1
VIP Customers,CABIN BAG VINTAGE PAISLEY,1
VIP Customers,CABIN BAG VINTAGE RETROSPOT,9
VIP Customers,CACTI T-LIGHT CANDLES,228
VIP Customers,CAKE PLATE LOVEBIRD PINK,6
VIP Customers,CAKE PLATE LOVEBIRD WHITE,38
VIP Customers,CAKE SHOP  STICKER SHEET,1
VIP Customers,CAKE STAND 3 TIER MAGIC GARDEN,7
VIP Customers,CAKE STAND LOVEBIRD 2 TIER PINK,9
VIP Customers,CAKE STAND LOVEBIRD 2 TIER WHITE,10
VIP Customers,CAKE STAND VICTORIAN FILIGREE SMALL,40
VIP Customers,CAKE STAND WHITE TWO TIER LACE,6
VIP Customers,CAKES AND BOWS GIFT  TAPE,12
VIP Customers,CALENDAR FAMILY FAVOURITES,7
VIP Customers,CALENDAR IN SEASON DESIGN,26
VIP Customers,CALENDAR PAPER CUT DESIGN,70
VIP Customers,CAMOUFLAGE DESIGN TEDDY,2
VIP Customers,CAMOUFLAGE EAR MUFF HEADPHONES,4
VIP Customers,CAMOUFLAGE LED TORCH,72
VIP Customers,CANDLE PLATE LACE WHITE,11
VIP Customers,CANDLEHOLDER PINK HANGING HEART,115
VIP Customers,CANDY HEART HANGING DECORATION,386
VIP Customers,CANDY SHOP  STICKER SHEET,4
VIP Customers,CANDY SPOT EGG WARMER HARE,48
VIP Customers,CANDY SPOT EGG WARMER RABBIT,48
VIP Customers,CANDY SPOT HAND BAG,36
VIP Customers,CANDY SPOT HEART DECORATION,1
VIP Customers,CARAVAN SQUARE TISSUE BOX,17
VIP Customers,CARD BILLBOARD FONT,192
VIP Customers,CARD BIRTHDAY COWBOY,49
VIP Customers,CARD CAT AND TREE ,72
VIP Customers,CARD CHRISTMAS VILLAGE,120
VIP Customers,CARD CIRCUS PARADE,120
VIP Customers,CARD DOG AND BALL ,36
VIP Customers,CARD DOLLY GIRL ,60
VIP Customers,CARD GINGHAM ROSE ,96
VIP Customers,CARD HOLDER GINGHAM HEART,1
VIP Customers,CARD HOLDER LOVE BIRD LARGE ,4
VIP Customers,CARD HOLDER LOVE BIRD SMALL,6
VIP Customers,CARD I LOVE LONDON ,48
VIP Customers,CARD MOTORBIKE SANTA,132
VIP Customers,CARD PARTY GAMES ,12
VIP Customers,CARD PSYCHEDELIC APPLES,36
VIP Customers,CARD SUKI BIRTHDAY,96
VIP Customers,CARD WEDDING DAY,132
VIP Customers,CARDHOLDER GINGHAM CHRISTMAS TREE,10
VIP Customers,CARDHOLDER GINGHAM STAR,9
VIP Customers,CARDHOLDER HOLLY WREATH METAL,11
VIP Customers,CAROUSEL DESIGN WASHBAG,1
VIP Customers,CARRIAGE,84
VIP Customers,CARROT CHARLIE+LOLA COASTER SET,27
VIP Customers,CARTOON  PENCIL SHARPENERS,485
VIP Customers,CAT BOWL VINTAGE CREAM,6
VIP Customers,CERAMIC BOWL WITH LOVE HEART DESIGN,13
VIP Customers,CERAMIC BOWL WITH STRAWBERRY DESIGN,5
VIP Customers,CERAMIC CAKE BOWL + HANGING CAKES,6
VIP Customers,CERAMIC CAKE DESIGN SPOTTED MUG,56
VIP Customers,CERAMIC CAKE DESIGN SPOTTED PLATE,17
VIP Customers,CERAMIC CAKE STAND + HANGING CAKES,23
VIP Customers,CERAMIC CHERRY CAKE MONEY BANK,28
VIP Customers,CERAMIC HEART FAIRY CAKE MONEY BANK,89
VIP Customers,CERAMIC LOVE HEART MONEY BANK,40
VIP Customers,CERAMIC PIRATE CHEST MONEY BANK,36
VIP Customers,CERAMIC PLATE STRAWBERRY DESIGN,17
VIP Customers,CERAMIC STRAWBERRY CAKE MONEY BANK,86
VIP Customers,CERAMIC STRAWBERRY DESIGN MUG,72
VIP Customers,CERAMIC STRAWBERRY MONEY BOX,20
VIP Customers,CERAMIC STRAWBERRY TRINKET TRAY,2
VIP Customers,CHALKBOARD KITCHEN ORGANISER,4
VIP Customers,CHARLIE & LOLA WASTEPAPER BIN BLUE,39
VIP Customers,CHARLIE & LOLA WASTEPAPER BIN FLORA,39
VIP Customers,CHARLIE + LOLA BISCUITS TINS,2
VIP Customers,CHARLIE + LOLA RED HOT WATER BOTTLE,43
VIP Customers,CHARLIE AND LOLA FIGURES TINS,30
VIP Customers,CHARLIE AND LOLA TABLE TINS,14
VIP Customers,CHARLIE LOLA BLUE HOT WATER BOTTLE ,1
VIP Customers,CHARLIE+LOLA MY ROOM DOOR SIGN,19
VIP Customers,CHARLIE+LOLA PINK HOT WATER BOTTLE,45
VIP Customers,CHARLIE+LOLA RED HOT WATER BOTTLE ,51
VIP Customers,"CHARLIE+LOLA""EXTREMELY BUSY"" SIGN",17
VIP Customers,CHARLOTTE BAG ALPHABET  DESIGN,10
VIP Customers,CHARLOTTE BAG APPLES DESIGN,423
VIP Customers,CHARLOTTE BAG DOLLY GIRL DESIGN,244
VIP Customers,CHARLOTTE BAG PINK POLKADOT,272
VIP Customers,CHARLOTTE BAG SUKI DESIGN,788
VIP Customers,CHARLOTTE BAG VINTAGE ALPHABET ,246
VIP Customers,CHERRY BLOSSOM  DECORATIVE FLASK,25
VIP Customers,CHERRY BLOSSOM DECORATIVE FLASK,4
VIP Customers,CHERRY BLOSSOM PASSPORT COVER,13
VIP Customers,CHERRY CROCHET FOOD COVER,48
VIP Customers,CHERUB HEART DECORATION GOLD,45
VIP Customers,CHERUB HEART DECORATION SILVER ,228
VIP Customers,CHEST OF DRAWERS GINGHAM HEART ,8
VIP Customers,CHICK GREY HOT WATER BOTTLE,113
VIP Customers,CHILDREN'S APRON DOLLY GIRL ,27
VIP Customers,CHILDREN'S SPACEBOY MUG,37
VIP Customers,CHILDRENS APRON APPLES DESIGN,52
VIP Customers,CHILDRENS APRON SPACEBOY DESIGN,67
VIP Customers,CHILDRENS CUTLERY CIRCUS PARADE,13
VIP Customers,CHILDRENS CUTLERY DOLLY GIRL ,33
VIP Customers,CHILDRENS CUTLERY POLKADOT BLUE,21
VIP Customers,CHILDRENS CUTLERY POLKADOT GREEN ,33
VIP Customers,CHILDRENS CUTLERY POLKADOT PINK,26
VIP Customers,CHILDRENS CUTLERY RETROSPOT RED ,14
VIP Customers,CHILDRENS CUTLERY SPACEBOY ,33
VIP Customers,CHILDRENS DOLLY GIRL MUG,37
VIP Customers,CHILDRENS GARDEN GLOVES BLUE,22
VIP Customers,CHILDRENS GARDEN GLOVES PINK,42
VIP Customers,CHILDRENS TOY COOKING UTENSIL SET,55
VIP Customers,CHILDS BREAKFAST SET CIRCUS PARADE,3
VIP Customers,CHILDS BREAKFAST SET DOLLY GIRL ,25
VIP Customers,CHILDS BREAKFAST SET SPACEBOY ,13
VIP Customers,CHILDS GARDEN BRUSH BLUE,1
VIP Customers,CHILDS GARDEN BRUSH PINK,1
VIP Customers,CHILDS GARDEN FORK BLUE ,28
VIP Customers,CHILDS GARDEN FORK PINK,20
VIP Customers,CHILDS GARDEN RAKE BLUE,13
VIP Customers,CHILDS GARDEN RAKE PINK,10
VIP Customers,CHILDS GARDEN SPADE BLUE,20
VIP Customers,CHILDS GARDEN SPADE PINK,15
VIP Customers,CHILDS GARDEN TROWEL BLUE ,26
VIP Customers,CHILDS GARDEN TROWEL PINK,8
VIP Customers,CHILLI LIGHTS,1533
VIP Customers,CHINESE DRAGON PAPER LANTERNS,1848
VIP Customers,CHOC TRUFFLE GOLD TRINKET POT ,1
VIP Customers,CHOCOLATE 1 WICK MORRIS BOX CANDLE,90
VIP Customers,CHOCOLATE 3 WICK MORRIS BOX CANDLE,16
VIP Customers,CHOCOLATE BOX RIBBONS ,15
VIP Customers,CHOCOLATE CALCULATOR,45
VIP Customers,CHOCOLATE HOT WATER BOTTLE,278
VIP Customers,CHOCOLATE THIS WAY METAL SIGN,75
VIP Customers,CHRISTMAS CARD SCREEN PRINT ,72
VIP Customers,CHRISTMAS CARD STACK OF PRESENTS,48
VIP Customers,CHRISTMAS CRAFT LITTLE FRIENDS,30
VIP Customers,CHRISTMAS CRAFT TREE TOP ANGEL,163
VIP Customers,CHRISTMAS CRAFT WHITE FAIRY ,26
VIP Customers,CHRISTMAS DECOUPAGE CANDLE,95
VIP Customers,CHRISTMAS GINGHAM HEART,48
VIP Customers,CHRISTMAS GINGHAM STAR,256
VIP Customers,CHRISTMAS GINGHAM TREE,349
VIP Customers,CHRISTMAS HANGING HEART WITH BELL,3
VIP Customers,CHRISTMAS HANGING SNOWFLAKE,28
VIP Customers,CHRISTMAS HANGING STAR WITH BELL,55
VIP Customers,CHRISTMAS HANGING TREE WITH BELL,52
VIP Customers,CHRISTMAS LIGHTS 10 REINDEER,53
VIP Customers,CHRISTMAS LIGHTS 10 SANTAS ,40
VIP Customers,CHRISTMAS LIGHTS 10 VINTAGE BAUBLES,43
VIP Customers,CHRISTMAS METAL POSTCARD WITH BELLS,318
VIP Customers,CHRISTMAS METAL TAGS ASSORTED ,354
VIP Customers,CHRISTMAS MUSICAL ZINC STAR,10
VIP Customers,CHRISTMAS MUSICAL ZINC TREE,10
VIP Customers,CHRISTMAS PUDDING TRINKET POT ,222
VIP Customers,CHRISTMAS RETROSPOT ANGEL WOOD,109
VIP Customers,CHRISTMAS RETROSPOT STAR WOOD,45
VIP Customers,CHRISTMAS RETROSPOT TREE WOOD,33
VIP Customers,CHRISTMAS STAR WISH LIST CHALKBOARD,111
VIP Customers,CHRISTMAS TABLE SILVER CANDLE SPIKE,37
VIP Customers,CHRISTMAS TOILET ROLL,138
VIP Customers,CHRISTMAS TREE DECORATION WITH BELL,36
VIP Customers,CHRISTMAS TREE HANGING GOLD,34
VIP Customers,CHRISTMAS TREE HANGING SILVER ,67
VIP Customers,CHRISTMAS TREE HEART DECORATION,42
VIP Customers,CHRISTMAS TREE PAINTED ZINC ,337
VIP Customers,CHRISTMAS TREE STAR DECORATION,78
VIP Customers,CHRYSANTHEMUM  JOURNAL,18
VIP Customers,CHRYSANTHEMUM NOTEBOOK,3
VIP Customers,CHRYSANTHEMUM SKETCHBOOK ,2
VIP Customers,CHUNKY SILVER NECKLACE PASTEL FLOWE,1
VIP Customers,CINAMMON & ORANGE WREATH,24
VIP Customers,CINAMMON SET OF 9 T-LIGHTS,34
VIP Customers,CINDERELLA CHANDELIER ,2
VIP Customers,CINNAMON SCENTED VOTIVE CANDLE,24
VIP Customers,CIRCUS PARADE BABY GIFT SET,16
VIP Customers,CIRCUS PARADE CHILDRENS EGG CUP ,14
VIP Customers,CIRCUS PARADE LUNCH BOX ,77
VIP Customers,CITRONELLA CANDLE FLOWERPOT,88
VIP Customers,CITRONELLA CANDLE GARDEN POT,122
VIP Customers,CITRUS GARLAND FELT FLOWERS ,6
VIP Customers,CLAM SHELL LARGE,2
VIP Customers,CLAM SHELL SMALL ,3
VIP Customers,CLASSIC BICYCLE CLIPS ,30
VIP Customers,CLASSIC CAFE SUGAR DISPENSER,532
VIP Customers,CLASSIC CHROME BICYCLE BELL ,39
VIP Customers,CLASSIC DIAMANTE EARRINGS JET,6
VIP Customers,CLASSIC FRENCH STYLE BASKET BROWN,8
VIP Customers,CLASSIC FRENCH STYLE BASKET GREEN ,22
VIP Customers,CLASSIC FRENCH STYLE BASKET NATURAL,14
VIP Customers,CLASSIC GLASS COOKIE JAR,126
VIP Customers,CLASSIC GLASS SWEET JAR,6
VIP Customers,CLASSIC METAL BIRDCAGE PLANT HOLDER,26
VIP Customers,CLASSIC WHITE FRAME,1
VIP Customers,CLASSICAL ROSE CANDLESTAND,96
VIP Customers,CLASSICAL ROSE SMALL VASE,6
VIP Customers,CLEAR CRYSTAL STAR PHONE CHARM,1
VIP Customers,CLEAR DRAWER KNOB ACRYLIC EDWARDIAN,817
VIP Customers,CLEAR LOVE BIRD T-LIGHT HOLDER,6
VIP Customers,CLEAR MILKSHAKE GLASS,2
VIP Customers,CLOCK MAGNET MUM'S KITCHEN,9
VIP Customers,CLOTHES PEGS RETROSPOT PACK 24 ,394
VIP Customers,COCKLE SHELL DISH,5
VIP Customers,COCKTAIL SWORDS 50 PIECES,14
VIP Customers,COFFEE MUG APPLES DESIGN,26
VIP Customers,COFFEE MUG BLUE PAISLEY DESIGN,27
VIP Customers,COFFEE MUG CAT + BIRD DESIGN,16
VIP Customers,COFFEE MUG DOG + BALL DESIGN,13
VIP Customers,COFFEE MUG PEARS  DESIGN,28
VIP Customers,COFFEE MUG PINK PAISLEY DESIGN,21
VIP Customers,COFFEE SCENT PILLAR CANDLE,26
VIP Customers,COLOUR GLASS T-LIGHT HOLDER HANGING,416
VIP Customers,COLOUR GLASS. STAR T-LIGHT HOLDER,89
VIP Customers,COLOURFUL FLOWER FRUIT BOWL,1
VIP Customers,COLOURING PENCILS BROWN TUBE,151
VIP Customers,COLUMBIAN CANDLE RECTANGLE,12
VIP Customers,COLUMBIAN CANDLE ROUND,57
VIP Customers,COLUMBIAN CANDLE ROUND ,20
VIP Customers,COLUMBIAN CUBE CANDLE,12
VIP Customers,CONDIMENT TRAY 4 BOWLS AND 4 SPOONS,1
VIP Customers,CONGRATULATIONS BUNTING,9
VIP Customers,COOK WITH WINE METAL SIGN ,1139
VIP Customers,COOKING SET RETROSPOT,5
VIP Customers,CORDIAL GLASS JUG,3
VIP Customers,CORONA MEXICAN TRAY,2
VIP Customers,COSMETIC BAG VINTAGE ROSE PAISLEY,5
VIP Customers,COSY HOUR CIGAR BOX MATCHES ,3
VIP Customers,COSY SLIPPER SHOES LARGE GREEN,1
VIP Customers,COSY SLIPPER SHOES SMALL  RED ,4
VIP Customers,COSY SLIPPER SHOES SMALL GREEN,11
VIP Customers,COTTON APRON PANTRY DESIGN,21
VIP Customers,COWBOYS AND INDIANS BIRTHDAY CARD ,132
VIP Customers,CRAZY DAISY HEART DECORATION,12
VIP Customers,CREAM CUPID HEARTS COAT HANGER,148
VIP Customers,CREAM FELT EASTER EGG BASKET,14
VIP Customers,CREAM HANGING HEART T-LIGHT HOLDER,4
VIP Customers,CREAM HEART CARD HOLDER,60
VIP Customers,CREAM SLICE FLANNEL CHOCOLATE SPOT ,2
VIP Customers,CREAM SLICE FLANNEL PINK SPOT ,5
VIP Customers,CREAM SWEETHEART EGG HOLDER,135
VIP Customers,CREAM SWEETHEART LETTER RACK,8
VIP Customers,CREAM SWEETHEART MINI CHEST,23
VIP Customers,CREAM SWEETHEART WALL CABINET,1
VIP Customers,CREAM WALL PLANTER HEART SHAPED,21
VIP Customers,CRYSTAL FROG PHONE CHARM,1
VIP Customers,CRYSTAL PAIR HEART HAIR SLIDES,5
VIP Customers,CUBIC MUG FLOCK PINK ON BROWN,46
VIP Customers,CUBIC MUG PINK POLKADOT,48
VIP Customers,CUPBOARD 3 DRAWER MA CAMPAGNE,4
VIP Customers,CUPCAKE LACE PAPER SET 6,60
VIP Customers,CUPID DESIGN SCENTED CANDLES,37
VIP Customers,CURIOUS IMAGES GIFT WRAP SET,5
VIP Customers,CUSHION COVER PINK UNION JACK,4
VIP Customers,CUT GLASS T-LIGHT HOLDER OCTAGON,7
VIP Customers,CUTE CATS TAPE,38
VIP Customers,DAIRY MAID LARGE MILK JUG,22
VIP Customers,DAIRY MAID STRIPE MUG,144
VIP Customers,DAIRY MAID TOASTRACK,57
VIP Customers,DAIRY MAID TRADITIONAL TEAPOT ,20
VIP Customers,DAISIES  HONEYCOMB GARLAND ,17
VIP Customers,DAISY GARDEN MARKER,40
VIP Customers,DAISY HAIR BAND,13
VIP Customers,DAISY HAIR COMB,6
VIP Customers,DAISY JOURNAL ,16
VIP Customers,DAISY SKETCHBOOK ,4
VIP Customers,DANISH ROSE BEDSIDE CABINET,2
VIP Customers,DANISH ROSE DECORATIVE PLATE,84
VIP Customers,DANISH ROSE DELUXE COASTER,36
VIP Customers,DANISH ROSE PHOTO FRAME,84
VIP Customers,DANISH ROSE ROUND SEWING BOX,36
VIP Customers,DANISH ROSE TRINKET TRAYS,16
VIP Customers,DARK BIRD HOUSE TREE DECORATION,80
VIP Customers,DECORATION  BUTTERFLY  MAGIC GARDEN,3
VIP Customers,DECORATION  PINK CHICK MAGIC GARDEN,3
VIP Customers,"DECORATION , WOBBLY CHICKEN, METAL ",12
VIP Customers,"DECORATION , WOBBLY RABBIT , METAL ",5
VIP Customers,DECORATION SITTING BUNNY,195
VIP Customers,DECORATION WHITE CHICK MAGIC GARDEN,17
VIP Customers,DECORATION WOBBLY CHICKEN,158
VIP Customers,DECORATION WOBBLY RABBIT METAL ,175
VIP Customers,DECORATIVE CATS BATHROOM BOTTLE,501
VIP Customers,DECORATIVE FLORE BATHROOM BOTTLE,32
VIP Customers,DECORATIVE PLANT POT WITH FRIEZE,4
VIP Customers,DECORATIVE ROSE BATHROOM BOTTLE,389
VIP Customers,DECORATIVE VINTAGE COFFEE  BOX,7
VIP Customers,DECORATIVE WICKER HEART LARGE,35
VIP Customers,DECORATIVE WICKER HEART MEDIUM,126
VIP Customers,DECORATIVE WICKER HEART SMALL,54
VIP Customers,"DECOUPAGE,GREETING CARD,",48
VIP Customers,DECROTIVEVINTAGE COFFEE GRINDER BOX,4
VIP Customers,DELUXE SEWING KIT ,76
VIP Customers,DENIM PATCH PURSE PINK BUTTERFLY,10
VIP Customers,DIAMANTE BOW BROOCH BLACK COLOUR,1
VIP Customers,DIAMANTE BOW BROOCH RED COLOUR,1
VIP Customers,DIAMANTE HAIR GRIP PACK/2 BLACK DIA,7
VIP Customers,DIAMANTE HAIR GRIP PACK/2 CRYSTAL,6
VIP Customers,DIAMANTE HAIR GRIP PACK/2 LT ROSE,7
VIP Customers,DIAMANTE HAIR GRIP PACK/2 MONTANA,7
VIP Customers,DIAMANTE HAIR GRIP PACK/2 PERIDOT,6
VIP Customers,DIAMANTE HAIR GRIP PACK/2 RUBY,7
VIP Customers,"DIAMANTE HEART SHAPED WALL MIRROR, ",2
VIP Customers,DIAMANTE RING ASSORTED IN BOX.,24
VIP Customers,DIAMOND LAS VEGAS NECKLACE 45CM,1
VIP Customers,DINOSAUR HEIGHT CHART STICKER SET,12
VIP Customers,DINOSAUR KEYRINGS ASSORTED,216
VIP Customers,DINOSAUR LUNCH BOX WITH CUTLERY,148
VIP Customers,DINOSAUR PARTY BAG + STICKER SET,18
VIP Customers,DINOSAURS  WRITING SET ,31
VIP Customers,DISCO BALL CHRISTMAS DECORATION,1898
VIP Customers,DISCO BALL ROTATOR BATTERY OPERATED,55
VIP Customers,DO NOT TOUCH MY STUFF DOOR HANGER ,39
VIP Customers,DOCTOR'S BAG SOFT TOY,14
VIP Customers,DOG BOWL CHASING BALL DESIGN,11
VIP Customers,DOG BOWL VINTAGE CREAM,11
VIP Customers,DOG LICENCE WALL ART,4
VIP Customers,DOG TOY WITH PINK CROCHET SKIRT,16
VIP Customers,DOGGY RUBBER,6
VIP Customers,DOILEY BISCUIT TIN,6
VIP Customers,DOILEY STORAGE TIN,14
VIP Customers,DOILY THANK YOU CARD,24
VIP Customers,DOLLCRAFT BOY JEAN-PAUL ,4
VIP Customers,DOLLCRAFT GIRL AMELIE,4
VIP Customers,DOLLY CABINET 3 DRAWERS ,2
VIP Customers,DOLLY GIRL BABY GIFT SET,19
VIP Customers,DOLLY GIRL CHILDRENS BOWL,35
VIP Customers,DOLLY GIRL CHILDRENS CUP,49
VIP Customers,DOLLY GIRL CHILDRENS EGG CUP,24
VIP Customers,DOLLY GIRL LUNCH BOX,273
VIP Customers,DOLLY GIRL MINI BACKPACK,10
VIP Customers,DOLLY GIRL MINI RUCKSACK,4
VIP Customers,DOLLY GIRL WALL ART,6
VIP Customers,DOLLY MIXTURE CHILDREN'S UMBRELLA,4
VIP Customers,DOOR HANGER  MUM + DADS ROOM,13
VIP Customers,DOORKNOB CERAMIC IVORY,36
VIP Customers,DOORKNOB CRACKED GLAZE BLUE,6
VIP Customers,DOORKNOB CRACKED GLAZE GREEN,6
VIP Customers,DOORKNOB CRACKED GLAZE IVORY,6
VIP Customers,DOORKNOB CRACKED GLAZE PINK,6
VIP Customers,DOORMAT 3 SMILEY CATS,48
VIP Customers,DOORMAT AIRMAIL ,9
VIP Customers,DOORMAT BLACK FLOCK ,52
VIP Customers,DOORMAT CHRISTMAS VILLAGE,8
VIP Customers,DOORMAT ENGLISH ROSE ,46
VIP Customers,DOORMAT FAIRY CAKE,32
VIP Customers,DOORMAT FANCY FONT HOME SWEET HOME,131
VIP Customers,DOORMAT HEARTS,49
VIP Customers,DOORMAT HOME SWEET HOME BLUE ,22
VIP Customers,DOORMAT I LOVE LONDON,1
VIP Customers,DOORMAT KEEP CALM AND COME IN,26
VIP Customers,DOORMAT MERRY CHRISTMAS RED ,21
VIP Customers,DOORMAT MULTICOLOUR STRIPE,20
VIP Customers,DOORMAT NEIGHBOURHOOD WITCH ,9
VIP Customers,DOORMAT NEW ENGLAND,64
VIP Customers,DOORMAT PEACE ON EARTH BLUE,2
VIP Customers,DOORMAT RED RETROSPOT,76
VIP Customers,DOORMAT RESPECTABLE HOUSE,31
VIP Customers,DOORMAT SPOTTY HOME SWEET HOME,54
VIP Customers,DOORMAT TOPIARY,30
VIP Customers,DOORMAT UNION FLAG,10
VIP Customers,DOORMAT UNION JACK GUNS AND ROSES,25
VIP Customers,DOORMAT VINTAGE LEAF,18
VIP Customers,DOORMAT VINTAGE LEAVES DESIGN ,6
VIP Customers,DOORMAT WELCOME PUPPIES,27
VIP Customers,DOORMAT WELCOME SUNRISE,7
VIP Customers,DOORMAT WELCOME TO OUR HOME,55
VIP Customers,DOORSTOP FOOTBALL DESIGN,3
VIP Customers,DOORSTOP RACING CAR DESIGN,2
VIP Customers,DOORSTOP RETROSPOT HEART,19
VIP Customers,DOUGHNUT LIP GLOSS ,164
VIP Customers,DOVE DECORATION PAINTED ZINC ,120
VIP Customers,DRAWER KNOB CERAMIC BLACK,119
VIP Customers,DRAWER KNOB CERAMIC IVORY,214
VIP Customers,DRAWER KNOB CERAMIC RED,120
VIP Customers,DRAWER KNOB CRACKLE GLAZE BLUE,57
VIP Customers,DRAWER KNOB CRACKLE GLAZE GREEN,97
VIP Customers,DRAWER KNOB CRACKLE GLAZE IVORY,148
VIP Customers,DRAWER KNOB CRACKLE GLAZE PINK,138
VIP Customers,DRAWER KNOB VINTAGE GLASS BALL,6
VIP Customers,DRAWER KNOB VINTAGE GLASS HEXAGON,6
VIP Customers,DRAWER KNOB VINTAGE GLASS STAR,20
VIP Customers,DROP DIAMANTE EARRINGS BLACK DIAMON,1
VIP Customers,DROP DIAMANTE EARRINGS CRYSTAL,6
VIP Customers,DROP DIAMANTE EARRINGS GREEN,6
VIP Customers,DROP DIAMANTE EARRINGS PURPLE,13
VIP Customers,DUSTY PINK CHRISTMAS TREE 60CM,3
VIP Customers,EASTER BUNNY HANGING GARLAND,4
VIP Customers,EASTER BUNNY WITH BASKET ON BACK,2
VIP Customers,EASTER BUNNY WREATH,1
VIP Customers,EASTER CRAFT 4 CHICKS ,14
VIP Customers,EASTER DECORATION EGG BUNNY ,181
VIP Customers,EASTER DECORATION HANGING BUNNY,704
VIP Customers,EASTER DECORATION NATURAL CHICK,28
VIP Customers,EASTER DECORATION SITTING BUNNY,26
VIP Customers,EASTER TIN BUCKET,4
VIP Customers,EASTER TIN BUNNY BOUQUET,6
VIP Customers,EASTER TIN CHICKS PINK DAISY,12
VIP Customers,EASTER TIN KEEPSAKE,6
VIP Customers,EASTER TREE YELLOW BIRDS,18
VIP Customers,EAU DE NIL LOVE BIRD CANDLE,21
VIP Customers,EAU DE NILE JEWELLED PHOTOFRAME,17
VIP Customers,ECONOMY LUGGAGE TAG,2
VIP Customers,EDWARDIAN DROP EARRINGS JET BLACK,4
VIP Customers,EDWARDIAN HEART PHOTO FRAME,4
VIP Customers,EDWARDIAN PARASOL BLACK,131
VIP Customers,EDWARDIAN PARASOL NATURAL,181
VIP Customers,EDWARDIAN PARASOL PINK,39
VIP Customers,EDWARDIAN PARASOL RED,92
VIP Customers,EDWARDIAN PHOTO FRAME,2
VIP Customers,EGG CUP HENRIETTA HEN CREAM ,12
VIP Customers,EGG CUP HENRIETTA HEN PINK,12
VIP Customers,EGG CUP NATURAL CHICKEN,212
VIP Customers,EGG FRYING PAN BLUE ,9
VIP Customers,EGG FRYING PAN IVORY ,8
VIP Customers,EGG FRYING PAN MINT ,9
VIP Customers,EGG FRYING PAN PINK ,10
VIP Customers,EGG FRYING PAN RED ,11
VIP Customers,EIGHT PIECE CREEPY CRAWLIE SET,5
VIP Customers,EIGHT PIECE DINOSAUR SET,5
VIP Customers,EIGHT PIECE SNAKE  SET,27
VIP Customers,ELEPHANT BIRTHDAY CARD ,60
VIP Customers,ELEPHANT CARNIVAL POUFFE,10
VIP Customers,"ELEPHANT, BIRTHDAY CARD, ",134
VIP Customers,EMBOSSED GLASS TEALIGHT HOLDER,142
VIP Customers,EMBOSSED HEART TRINKET BOX,6
VIP Customers,EMBROIDERED RIBBON REEL DAISY ,1
VIP Customers,EMBROIDERED RIBBON REEL EMILY ,7
VIP Customers,EMBROIDERED RIBBON REEL REBECCA ,6
VIP Customers,EMBROIDERED RIBBON REEL SALLY ,12
VIP Customers,EMBROIDERED RIBBON REEL SOPHIE  ,1
VIP Customers,EMERGENCY FIRST AID TIN ,42
VIP Customers,EMPIRE BIRTHDAY CARD,12
VIP Customers,EMPIRE DESIGN ROSETTE,171
VIP Customers,EMPIRE GIFT WRAP,100
VIP Customers,EMPIRE TISSUE BOX,9
VIP Customers,EMPIRE UNION JACK TV DINNER TRAY,14
VIP Customers,ENAMEL BLUE RIM BISCUIT BIN,4
VIP Customers,ENAMEL BLUE RIM COFFEE CONTAINER,12
VIP Customers,ENAMEL BREAD BIN CREAM,50
VIP Customers,ENAMEL COLANDER CREAM,60
VIP Customers,ENAMEL FIRE BUCKET CREAM,21
VIP Customers,ENAMEL FLOWER JUG CREAM,119
VIP Customers,ENAMEL MEASURING JUG CREAM,64
VIP Customers,ENAMEL PINK COFFEE CONTAINER,24
VIP Customers,ENAMEL PINK TEA CONTAINER,3
VIP Customers,ENAMEL WASH BOWL CREAM,102
VIP Customers,ENAMEL WATERING CAN CREAM,71
VIP Customers,ENCHANTED BIRD COATHANGER 5 HOOK,39
VIP Customers,ENCHANTED BIRD PLANT CAGE,15
VIP Customers,ENGLISH ROSE GARDEN SECATEURS,41
VIP Customers,ENGLISH ROSE HOT WATER BOTTLE,177
VIP Customers,ENGLISH ROSE METAL WASTE BIN,1
VIP Customers,ENGLISH ROSE NOTEBOOK A6 SIZE,5
VIP Customers,ENGLISH ROSE NOTEBOOK A7 SIZE,112
VIP Customers,ENGLISH ROSE SPIRIT LEVEL ,29
VIP Customers,ENVELOPE 50 BLOSSOM IMAGES,26
VIP Customers,ENVELOPE 50 CURIOUS IMAGES,6
VIP Customers,ETCHED GLASS COASTER,48
VIP Customers,EUCALYPTUS & PINECONE  WREATH,15
VIP Customers,FAIRY CAKE BIRTHDAY CANDLE SET,6
VIP Customers,FAIRY CAKE DESIGN UMBRELLA,36
VIP Customers,FAIRY CAKE FLANNEL ASSORTED COLOUR,145
VIP Customers,FAIRY CAKES NOTEBOOK A6 SIZE,16
VIP Customers,FAIRY CAKES NOTEBOOK A7 SIZE,12
VIP Customers,FAIRY SOAP SOAP HOLDER,27
VIP Customers,FAIRY TALE COTTAGE NIGHT LIGHT,36
VIP Customers,FAIRY TALE COTTAGE NIGHTLIGHT,855
VIP Customers,FAMILY ALBUM WHITE PICTURE FRAME,64
VIP Customers,FAMILY PHOTO FRAME CORNICE,27
VIP Customers,FAN BLACK FRAME ,5
VIP Customers,"FANCY FONT BIRTHDAY CARD, ",144
VIP Customers,FANCY FONTS BIRTHDAY WRAP,200
VIP Customers,FANNY'S REST STOPMETAL SIGN,24
VIP Customers,FAWN BLUE HOT WATER BOTTLE,67
VIP Customers,"FEATHER PEN,COAL BLACK",218
VIP Customers,"FEATHER PEN,HOT PINK",138
VIP Customers,"FEATHER PEN,LIGHT PINK",72
VIP Customers,FELT EGG COSY BLUE RABBIT ,43
VIP Customers,FELT EGG COSY CHICKEN,137
VIP Customers,FELT EGG COSY WHITE RABBIT ,42
VIP Customers,FELT FARM ANIMAL CHICKEN,12
VIP Customers,FELT TOADSTOOL  SMALL,22
VIP Customers,FELT TOADSTOOL LARGE,34
VIP Customers,FELTCRAFT 6 FLOWER FRIENDS,1648
VIP Customers,FELTCRAFT BOY JEAN-PAUL KIT,15
VIP Customers,FELTCRAFT BUTTERFLY HEARTS,2168
VIP Customers,FELTCRAFT CHRISTMAS FAIRY,29
VIP Customers,FELTCRAFT CUSHION BUTTERFLY,671
VIP Customers,FELTCRAFT CUSHION OWL,717
VIP Customers,FELTCRAFT CUSHION RABBIT,806
VIP Customers,FELTCRAFT DOLL EMILY,128
VIP Customers,FELTCRAFT DOLL MARIA,1
VIP Customers,FELTCRAFT DOLL MOLLY,2683
VIP Customers,FELTCRAFT DOLL ROSIE,55
VIP Customers,FELTCRAFT GIRL AMELIE KIT,56
VIP Customers,FELTCRAFT GIRL NICOLE KIT,9
VIP Customers,FELTCRAFT HAIRBAND PINK AND BLUE,41
VIP Customers,FELTCRAFT HAIRBAND PINK AND PURPLE,17
VIP Customers,FELTCRAFT HAIRBAND RED AND BLUE,14
VIP Customers,FELTCRAFT HAIRBANDS PINK AND WHITE ,22
VIP Customers,FELTCRAFT PRINCESS CHARLOTTE DOLL,37
VIP Customers,FELTCRAFT PRINCESS LOLA DOLL,34
VIP Customers,FELTCRAFT PRINCESS OLIVIA DOLL,13
VIP Customers,FILIGREE HEART BIRD WHITE ,8
VIP Customers,FILIGREE HEART BUTTERFLY WHITE ,63
VIP Customers,FILIGREE HEART DAISY WHITE,110
VIP Customers,FILIGRIS HEART WITH BUTTERFLY,151
VIP Customers,FINE WICKER HEART ,60
VIP Customers,FIRST AID TIN,17
VIP Customers,FIRST CLASS HOLIDAY PURSE ,2
VIP Customers,FIRST CLASS LUGGAGE TAG ,14
VIP Customers,FIRST CLASS PASSPORT COVER ,9
VIP Customers,FIVE CATS HANGING DECORATION,19
VIP Customers,FIVE HEART HANGING DECORATION,27
VIP Customers,FLOOR CUSHION ELEPHANT CARNIVAL,10
VIP Customers,FLORAL BATHROOM SET,2
VIP Customers,FLORAL FOLK STATIONERY SET,74
VIP Customers,FLORAL SOFT CAR TOY,6
VIP Customers,FLOWER FAIRY 5 DRAWER LINERS,6
VIP Customers,"FLOWER FAIRY,5 SUMMER B'DRAW LINERS",2
VIP Customers,FLOWER VINE RAFFIA FOOD COVER,73
VIP Customers,FLOWERS  STICKERS,12
VIP Customers,FLOWERS CHANDELIER T-LIGHT HOLDER,147
VIP Customers,FLOWERS TILE COASTER,30
VIP Customers,FLUTED ANTIQUE CANDLE HOLDER,24
VIP Customers,FLYING PIG WATERING CAN,19
VIP Customers,FOLDING BUTTERFLY MIRROR HOT PINK ,100
VIP Customers,FOLDING BUTTERFLY MIRROR IVORY ,79
VIP Customers,FOLDING BUTTERFLY MIRROR RED  ,51
VIP Customers,FOLDING CAMPING SCISSOR W/KNIF & S,12
VIP Customers,FOLDING MIRROR HOT PINK ,12
VIP Customers,FOLDING MIRROR IVORY ,12
VIP Customers,FOLDING MIRROR RED  ,12
VIP Customers,FOLDING UMBRELLA BLACKBLUE POLKADOT,1
VIP Customers,FOLDING UMBRELLA CHOCOLATE POLKADOT,2
VIP Customers,FOLDING UMBRELLA CREAM POLKADOT,1
VIP Customers,FOLDING UMBRELLA PINKWHITE POLKADOT,1
VIP Customers,FOLDING UMBRELLA RED/WHITE POLKADOT,8
VIP Customers,FOLK ART METAL HEART T-LIGHT HOLDER,49
VIP Customers,FOLK ART METAL STAR T-LIGHT HOLDER,48
VIP Customers,FOLK FELT HANGING MULTICOL GARLAND,1
VIP Customers,FOLKART CLIP ON STARS,84
VIP Customers,FOLKART HEART NAPKIN RINGS,25
VIP Customers,FOLKART STAR CHRISTMAS DECORATIONS,101
VIP Customers,FOLKART ZINC HEART CHRISTMAS DEC,135
VIP Customers,FOLKART ZINC STAR CHRISTMAS DEC,4
VIP Customers,FOOD CONTAINER SET 3 LOVE HEART ,36
VIP Customers,FOOD COVER WITH BEADS SET 2 ,25
VIP Customers,FOOD/DRINK SPONGE STICKERS,24
VIP Customers,FOOT STOOL HOME SWEET HOME ,33
VIP Customers,FORKED CACTUS CANDLE,6
VIP Customers,FOUR HOOK  WHITE LOVEBIRDS,54
VIP Customers,FOUR RABBIT EASTER DECORATIONS,3
VIP Customers,FRAPPUCINO SCARF KNITTING KIT,8
VIP Customers,FRENCH BATHROOM SIGN BLUE METAL,39
VIP Customers,FRENCH BLUE METAL DOOR SIGN 0,16
VIP Customers,FRENCH BLUE METAL DOOR SIGN 1,51
VIP Customers,FRENCH BLUE METAL DOOR SIGN 2,38
VIP Customers,FRENCH BLUE METAL DOOR SIGN 3,33
VIP Customers,FRENCH BLUE METAL DOOR SIGN 4,27
VIP Customers,FRENCH BLUE METAL DOOR SIGN 5,24
VIP Customers,FRENCH BLUE METAL DOOR SIGN 6,26
VIP Customers,FRENCH BLUE METAL DOOR SIGN 7,26
VIP Customers,FRENCH BLUE METAL DOOR SIGN 8,30
VIP Customers,FRENCH BLUE METAL DOOR SIGN 9,13
VIP Customers,FRENCH BLUE METAL DOOR SIGN No,39
VIP Customers,FRENCH CARRIAGE LANTERN,9
VIP Customers,FRENCH CHATEAU LARGE PLATTER ,1
VIP Customers,FRENCH ENAMEL CANDLEHOLDER,147
VIP Customers,FRENCH ENAMEL POT W LID,28
VIP Customers,FRENCH ENAMEL UTENSIL HOLDER,24
VIP Customers,FRENCH ENAMEL WATER BASIN,34
VIP Customers,FRENCH FLORAL CUSHION COVER ,16
VIP Customers,FRENCH GARDEN SIGN BLUE METAL,18
VIP Customers,FRENCH KITCHEN SIGN BLUE METAL,46
VIP Customers,FRENCH LATTICE CUSHION COVER ,6
VIP Customers,FRENCH LAUNDRY SIGN BLUE METAL,41
VIP Customers,FRENCH LAVENDER SCENT HEART,39
VIP Customers,FRENCH PAISLEY CUSHION COVER,6
VIP Customers,FRENCH PAISLEY CUSHION COVER ,18
VIP Customers,FRENCH STYLE STORAGE JAR BONBONS,126
VIP Customers,FRENCH STYLE STORAGE JAR CAFE ,300
VIP Customers,FRENCH TOILET SIGN BLUE METAL,44
VIP Customers,FRENCH WC SIGN BLUE METAL,94
VIP Customers,FRIDGE MAGNETS LA VIE EN ROSE,66
VIP Customers,FRIDGE MAGNETS LES ENFANTS ASSORTED,36
VIP Customers,FRIDGE MAGNETS US DINER ASSORTED,95
VIP Customers,FROG KING WATERING CAN,4
VIP Customers,FROSTED WHITE BASE ,15
VIP Customers,FRYING PAN BLUE POLKADOT,7
VIP Customers,FRYING PAN PINK POLKADOT,12
VIP Customers,FRYING PAN RED RETROSPOT,21
VIP Customers,FRYING PAN UNION FLAG,537
VIP Customers,FULL ENGLISH BREAKFAST PLATE,19
VIP Customers,FUNKY DIVA PEN,144
VIP Customers,FUNKY MONKEY CUSHION COVER,13
VIP Customers,FUNKY MONKEY MUG,1
VIP Customers,FUNKY WASHING UP GLOVES ASSORTED,114
VIP Customers,FUSCHIA FLOWER PURSE WITH BEADS,12
VIP Customers,FUSCHIA TABLE RUN FLOWER ,10
VIP Customers,FUSCHIA VOILE POINTY SHOE DEC,7
VIP Customers,GAOLERS KEYS DECORATIVE GARDEN ,5
VIP Customers,GARAGE KEY FOB,43
VIP Customers,GARDEN METAL SIGN ,5
VIP Customers,GARDEN PATH JOURNAL,12
VIP Customers,GARDEN PATH NOTEBOOK ,2
VIP Customers,GARDEN PATH SKETCHBOOK,4
VIP Customers,GARDENERS KNEELING PAD CUP OF TEA ,169
VIP Customers,GARDENERS KNEELING PAD KEEP CALM ,170
VIP Customers,GARDENIA 1 WICK MORRIS BOXED CANDLE,7
VIP Customers,GARDENIA 3 WICK MORRIS BOXED CANDLE,8
VIP Customers,GARLAND WITH HEARTS AND BELLS,16
VIP Customers,GARLAND WOODEN HAPPY EASTER,423
VIP Customers,"GARLAND, MAGIC GARDEN 1.8M",12
VIP Customers,GENTLEMAN SHIRT REPAIR KIT ,14
VIP Customers,GEORGIAN TRINKET BOX,10
VIP Customers,GIANT 50'S CHRISTMAS CRACKER,227
VIP Customers,GIFT BAG BIRTHDAY,36
VIP Customers,GIFT BAG PSYCHEDELIC APPLES,132
VIP Customers,GIN & TONIC DIET GREETING CARD ,216
VIP Customers,GIN + TONIC DIET METAL SIGN,200
VIP Customers,GIN AND TONIC DIET METAL SIGN,12
VIP Customers,GIN AND TONIC MUG,113
VIP Customers,GINGERBREAD MAN COOKIE CUTTER,511
VIP Customers,GINGHAM BABUSHKA DOORSTOP,1
VIP Customers,GINGHAM HEART  DOORSTOP RED,48
VIP Customers,GINGHAM HEART DECORATION,457
VIP Customers,GINGHAM RECIPE BOOK BOX,26
VIP Customers,GINGHAM ROSE WRAP,75
VIP Customers,GIRAFFE WOODEN RULER,100
VIP Customers,GIRLS VINTAGE TIN SEASIDE BUCKET,53
VIP Customers,GIRLY PINK TOOL SET,5
VIP Customers,GLAMOROUS  MUG,149
VIP Customers,GLASS  BEURRE DISH,52
VIP Customers,GLASS APOTHECARY BOTTLE ELIXIR,17
VIP Customers,GLASS APOTHECARY BOTTLE PERFUME,31
VIP Customers,GLASS APOTHECARY BOTTLE TONIC,40
VIP Customers,GLASS BON BON JAR,58
VIP Customers,GLASS BONNE JAM JAR,4
VIP Customers,GLASS CAKE COVER AND PLATE,2
VIP Customers,GLASS CHALICE BLUE SMALL ,12
VIP Customers,GLASS CLOCHE LARGE,2
VIP Customers,GLASS CLOCHE SMALL,243
VIP Customers,GLASS HEART T-LIGHT HOLDER ,662
VIP Customers,GLASS JAR DAISY FRESH COTTON WOOL,35
VIP Customers,GLASS JAR DIGESTIVE BISCUITS,192
VIP Customers,GLASS JAR ENGLISH CONFECTIONERY,183
VIP Customers,GLASS JAR KINGS CHOICE,17
VIP Customers,GLASS JAR MARMALADE ,17
VIP Customers,GLASS JAR PEACOCK BATH SALTS,26
VIP Customers,GLASS STAR FROSTED T-LIGHT HOLDER,29
VIP Customers,GLASS TWIST BON BON JAR,3
VIP Customers,GLITTER BUTTERFLY CLIPS,52
VIP Customers,GLITTER CHRISTMAS STAR ,146
VIP Customers,GLITTER CHRISTMAS TREE,75
VIP Customers,GLITTER CHRISTMAS TREE WITH BELLS,28
VIP Customers,GLITTER HANGING BUTTERFLY STRING,156
VIP Customers,GLITTER HEART DECORATION,80
VIP Customers,GLITTER HEART GARLAND WITH BELLS ,8
VIP Customers,GLITTER STAR GARLAND WITH BELLS ,12
VIP Customers,GLOW IN DARK DOLPHINS,2
VIP Customers,GOLD COSMETIC BAG PINK STAR,1
VIP Customers,GOLD EAR MUFF HEADPHONES,3
VIP Customers,GOLD FABRIC MIRROR,20
VIP Customers,GOLD FISHING GNOME,1
VIP Customers,GOLD M.O.P ORBIT DROP EARRINGS,2
VIP Customers,GOLD MINI TAPE MEASURE ,127
VIP Customers,GOLD MUG BONE CHINA TREE OF LIFE,42
VIP Customers,GOLD PHOTO FRAME,11
VIP Customers,GOLD STANDING GNOME,16
VIP Customers,GOLD WASHBAG,1
VIP Customers,GOLDIE LOOKING MIRROR,1
VIP Customers,GRAND CHOCOLATECANDLE,136
VIP Customers,GREEN 3 PIECE POLKADOT CUTLERY SET,13
VIP Customers,GREEN BIRDHOUSE DECORATION,62
VIP Customers,GREEN BITTY LIGHT CHAIN,3
VIP Customers,GREEN CAT FLORAL CUSHION COVER ,1
VIP Customers,GREEN CHRISTMAS TREE CARD HOLDER,29
VIP Customers,GREEN CHRISTMAS TREE STRING 20LIGHT,3
VIP Customers,GREEN DRAWER KNOB ACRYLIC EDWARDIAN,328
VIP Customers,GREEN EASTER EGG HUNT START POST,7
VIP Customers,GREEN ENAMEL FLOWER HAIR TIE,6
VIP Customers,GREEN ENAMEL FLOWER RING,6
VIP Customers,GREEN FERN JOURNAL ,14
VIP Customers,GREEN FERN NOTEBOOK,3
VIP Customers,GREEN FERN SKETCHBOOK ,7
VIP Customers,GREEN GIANT GARDEN THERMOMETER,5
VIP Customers,GREEN GOOSE FEATHER CHRISTMAS TREE ,12
VIP Customers,GREEN GOOSE FEATHER TREE 60CM,22
VIP Customers,GREEN HEART COMPACT MIRROR,3
VIP Customers,GREEN JUICY FRUIT PHOTO FRAME,2
VIP Customers,GREEN METAL BOX ARMY SUPPLIES,21
VIP Customers,GREEN METAL SWINGING BUNNY,16
VIP Customers,GREEN PAIR HEART HAIR SLIDES,4
VIP Customers,GREEN PENDANT TRIPLE SHELL NECKLACE,3
VIP Customers,GREEN PEONY CUSHION COVER,3
VIP Customers,GREEN POLKADOT BOWL,108
VIP Customers,GREEN POLKADOT PLATE ,117
VIP Customers,GREEN REGENCY TEACUP AND SAUCER,467
VIP Customers,GREEN ROSE WASHBAG,12
VIP Customers,GREEN ROUND COMPACT MIRROR,24
VIP Customers,GREEN SQUARE COMPACT MIRROR,48
VIP Customers,GREEN VINTAGE SPOT BEAKER,20
VIP Customers,GREEN WIRE STANDING CANDLE HOLDER,2
VIP Customers,GREEN/BLUE FLOWER DESIGN BIG MUG,2
VIP Customers,"GREETING CARD, OVERCROWDED POOL.",24
VIP Customers,GREY FLORAL FELTCRAFT SHOULDER BAG,4
VIP Customers,GREY HEART HOT WATER BOTTLE,108
VIP Customers,GROW A FLYTRAP OR SUNFLOWER IN TIN,5040
VIP Customers,GROW YOUR OWN BASIL IN ENAMEL MUG,130
VIP Customers,GROW YOUR OWN FLOWERS SET OF 3,19
VIP Customers,GROW YOUR OWN HERBS SET OF 3,14
VIP Customers,GROW YOUR OWN PLANT IN A CAN ,48
VIP Customers,GUMBALL COAT RACK,523
VIP Customers,GUMBALL MAGAZINE RACK,8
VIP Customers,GUMBALL MONOCHROME COAT RACK,227
VIP Customers,GYMKHANA TREASURE BOOK BOX,16
VIP Customers,HAIRCLIPS FORTIES FABRIC ASSORTED,48
VIP Customers,HAND OPEN SHAPE DECO.WHITE,1
VIP Customers,HAND OPEN SHAPE GOLD,7
VIP Customers,HAND OVER THE CHOCOLATE   SIGN ,1422
VIP Customers,HAND WARMER BABUSHKA DESIGN,63
VIP Customers,HAND WARMER BIRD DESIGN,307
VIP Customers,HAND WARMER OWL DESIGN,323
VIP Customers,HAND WARMER RED LOVE HEART,127
VIP Customers,HAND WARMER RED RETROSPOT,115
VIP Customers,HAND WARMER SCOTTY DOG DESIGN,214
VIP Customers,HAND WARMER UNION JACK,71
VIP Customers,HANGING  BUTTERFLY T-LIGHT HOLDER,162
VIP Customers,HANGING BAUBLE T-LIGHT HOLDER LARGE,6
VIP Customers,HANGING BAUBLE T-LIGHT HOLDER SMALL,8
VIP Customers,HANGING CHICK CREAM DECORATION,16
VIP Customers,HANGING ENGRAVED METAL HEART,23
VIP Customers,HANGING FAIRY CAKE DECORATION,78
VIP Customers,HANGING HEART BONHEUR,26
VIP Customers,HANGING HEART JAR T-LIGHT HOLDER,961
VIP Customers,HANGING HEART MIRROR DECORATION ,323
VIP Customers,HANGING HEART WITH BELL,364
VIP Customers,HANGING HEART ZINC T-LIGHT HOLDER,341
VIP Customers,HANGING HEN ON NEST DECORATION,12
VIP Customers,HANGING JAM JAR T-LIGHT HOLDER,588
VIP Customers,HANGING JAM JAR T-LIGHT HOLDERS,120
VIP Customers,HANGING METAL HEART LANTERN,413
VIP Customers,HANGING METAL RABBIT DECORATION,25
VIP Customers,HANGING METAL STAR LANTERN,101
VIP Customers,HANGING MINI COLOURED BOTTLES,294
VIP Customers,HANGING PHOTO CLIP ROPE LADDER,36
VIP Customers,HANGING QUILTED PATCHWORK APPLES,43
VIP Customers,HANGING SPRING FLOWER EGG LARGE,40
VIP Customers,HANGING SPRING FLOWER EGG SMALL,223
VIP Customers,HANGING WOOD AND FELT BUTTERFLY ,24
VIP Customers,HANGING WOOD AND FELT FLOWER,209
VIP Customers,HANGING WOOD AND FELT HEART,17
VIP Customers,HAPPY EASTER HANGING DECORATION,5
VIP Customers,HAPPY STENCIL CRAFT,41
VIP Customers,HARDMAN MUG 3 ASSORTED,14
VIP Customers,HAWAIIAN GRASS SKIRT ,1
VIP Customers,HEADS AND TAILS SPORTING FUN,19
VIP Customers,HEART BEADED TRELLIS DECORATION,26
VIP Customers,HEART CALCULATOR,54
VIP Customers,HEART DECORATION PAINTED ZINC ,101
VIP Customers,HEART DECORATION RUSTIC HANGING ,726
VIP Customers,HEART DECORATION WITH PEARLS ,110
VIP Customers,HEART FILIGREE DOVE  SMALL,151
VIP Customers,HEART FILIGREE DOVE LARGE,54
VIP Customers,HEART GARLAND RUSTIC PADDED,8
VIP Customers,HEART IVORY TRELLIS LARGE,107
VIP Customers,HEART IVORY TRELLIS SMALL,303
VIP Customers,HEART MINI PORTRAIT FRAME,37
VIP Customers,HEART MIRROR ANTIQUE WHITE,10
VIP Customers,HEART OF WICKER LARGE,166
VIP Customers,HEART OF WICKER SMALL,514
VIP Customers,HEART SHAPE WIRELESS DOORBELL,24
VIP Customers,HEART SHAPED HOLLY WREATH,14
VIP Customers,HEART STRING MEMO HOLDER HANGING,80
VIP Customers,HEART T-LIGHT HOLDER,22
VIP Customers,HEART T-LIGHT HOLDER WILLIE WINKIE,50
VIP Customers,HEART WOODEN CHRISTMAS DECORATION,220
VIP Customers,HEART WREATH DECORATION WITH BELL,262
VIP Customers,HEARTS  STICKERS,66
VIP Customers,HEARTS GIFT TAPE,29
VIP Customers,HELLO SAILOR BLUE SOAP HOLDER,35
VIP Customers,HEN HOUSE DECORATION,76
VIP Customers,HEN HOUSE W CHICK IN NEST,1
VIP Customers,HEN HOUSE W CHICK STANDING,2
VIP Customers,HEN HOUSE W FAMILY IN BARN & NEST,36
VIP Customers,HEN PARTY CORDON BARRIER TAPE,17
VIP Customers,HERB MARKER BASIL,108
VIP Customers,HERB MARKER CHIVES ,77
VIP Customers,HERB MARKER MINT,91
VIP Customers,HERB MARKER PARSLEY,102
VIP Customers,HERB MARKER ROSEMARY,114
VIP Customers,HERB MARKER THYME,96
VIP Customers,HI TEC ALPINE HAND WARMER,14
VIP Customers,HIPPY CHIC DECORATIVE PARASOL,2
VIP Customers,HOLIDAY FUN LUDO,67
VIP Customers,HOME BUILDING BLOCK WORD,126
VIP Customers,HOME GARLAND PAINTED ZINC ,49
VIP Customers,HOME SMALL WOOD LETTERS,26
VIP Customers,HOME SWEET HOME 2 DRAWER CABINET,17
VIP Customers,HOME SWEET HOME 3 PEG HANGER ,23
VIP Customers,HOME SWEET HOME BLACKBOARD,33
VIP Customers,HOME SWEET HOME BOTTLE ,27
VIP Customers,HOME SWEET HOME CUSHION COVER ,46
VIP Customers,HOME SWEET HOME HANGING HEART,182
VIP Customers,HOME SWEET HOME HOOK,48
VIP Customers,HOME SWEET HOME KEY HOLDER,27
VIP Customers,HOME SWEET HOME METAL SIGN ,32
VIP Customers,HOME SWEET HOME MUG,28
VIP Customers,HOMEMADE JAM SCENTED CANDLES,384
VIP Customers,"HOOK, 1 HANGER ,MAGIC GARDEN",2
VIP Customers,HOT BATHS METAL SIGN,34
VIP Customers,HOT BATHS SOAP HOLDER,48
VIP Customers,HOT STUFF HOT WATER BOTTLE,90
VIP Customers,HOT WATER BOTTLE BABUSHKA ,58
VIP Customers,HOT WATER BOTTLE I AM SO POORLY,150
VIP Customers,HOT WATER BOTTLE KEEP CALM,135
VIP Customers,HOT WATER BOTTLE SEX BOMB,2
VIP Customers,HOT WATER BOTTLE TEA AND SYMPATHY,126
VIP Customers,HOUSE SHAPE PENCIL SHARPENER,143
VIP Customers,HOUSE WRECKING METAL SIGN ,1
VIP Customers,HYACINTH BULB T-LIGHT CANDLES,64
VIP Customers,I CAN ONLY PLEASE ONE PERSON MUG,74
VIP Customers,I LOVE LONDON BABY GIFT SET,1
VIP Customers,I LOVE LONDON BEAKER,17
VIP Customers,I'M ON HOLIDAY METAL SIGN,98
VIP Customers,ICE CREAM DESIGN GARDEN PARASOL,5
VIP Customers,ICE CREAM PEN LIP GLOSS ,216
VIP Customers,ICE CREAM SUNDAE LIP GLOSS,264
VIP Customers,ICON MUG REVOLUTIONARY,16
VIP Customers,ICON PLACEMAT POP ART ELVIS,24
VIP Customers,IF YOU CAN'T STAND THE HEAT MUG,55
VIP Customers,ILLUSTRATED CAT BOWL ,23
VIP Customers,INFLATABLE POLITICAL GLOBE ,13
VIP Customers,IVORY CAFE HANGING LAMP ,6
VIP Customers,IVORY CHANDELIER T-LIGHT HOLDER,144
VIP Customers,IVORY DINER WALL CLOCK,29
VIP Customers,IVORY EMBROIDERED QUILT ,1
VIP Customers,IVORY ENCHANTED FOREST PLACEMAT,60
VIP Customers,IVORY GIANT GARDEN THERMOMETER,2
VIP Customers,IVORY HANGING DECORATION  BIRD,74
VIP Customers,IVORY HANGING DECORATION  EGG,94
VIP Customers,IVORY HANGING DECORATION  HEART,30
VIP Customers,IVORY KITCHEN SCALES,84
VIP Customers,IVORY KNITTED MUG COSY ,85
VIP Customers,IVORY LOVE BIRD CANDLE,12
VIP Customers,IVORY PAPER CUP CAKE CASES ,26
VIP Customers,IVORY PENDANT TRIPLE SHELL NECKLACE,3
VIP Customers,IVORY PILLAR CANDLE GOLD FLOCK,25
VIP Customers,IVORY PILLAR CANDLE SILVER FLOCK,27
VIP Customers,IVORY REFECTORY CLOCK,62
VIP Customers,IVORY RETRO KITCHEN WALL CLOCK,2
VIP Customers,IVORY SCULPTED RND CANDLE ,18
VIP Customers,IVORY STRING CURTAIN WITH POLE ,2
VIP Customers,IVORY SWEETHEART SOAP DISH,21
VIP Customers,IVORY SWEETHEART WIRE LETTER RACK ,25
VIP Customers,IVORY WICKER HEART LARGE,69
VIP Customers,IVORY WICKER HEART MEDIUM,83
VIP Customers,IVORY WICKER HEART SMALL,52
VIP Customers,IVORY WIRE KITCHEN ORGANISER,7
VIP Customers,IVORY WIRE SWEETHEART LETTER TRAY,8
VIP Customers,JADE DROP EARRINGS W FILIGREE,3
VIP Customers,JAM CLOCK MAGNET,7
VIP Customers,JAM JAR WITH GREEN LID,134
VIP Customers,JAM JAR WITH PINK LID,129
VIP Customers,JAM MAKING SET PRINTED,1361
VIP Customers,JAM MAKING SET WITH JARS,374
VIP Customers,JARDIN ETCHED GLASS CHEESE DISH,12
VIP Customers,JAZZ HEARTS ADDRESS BOOK,404
VIP Customers,JAZZ HEARTS PURSE NOTEBOOK,223
VIP Customers,JIGSAW RABBIT AND BIRDHOUSE,82
VIP Customers,JIGSAW TOADSTOOLS 3 PIECE,48
VIP Customers,JIGSAW TREE WITH BIRDHOUSE,14
VIP Customers,JIGSAW TREE WITH WATERING CAN,120
VIP Customers,JINGLE BELL HEART ANTIQUE GOLD,17
VIP Customers,JINGLE BELL HEART ANTIQUE SILVER,37
VIP Customers,JINGLE BELL HEART DECORATION,116
VIP Customers,JINGLE BELLS TREE DECORATION,2
VIP Customers,JOY LARGE WOOD LETTERS,1
VIP Customers,JOY WOODEN BLOCK LETTERS,5
VIP Customers,JUMBO  BAG BAROQUE BLACK WHITE,1290
VIP Customers,JUMBO BAG 50'S CHRISTMAS ,83
VIP Customers,JUMBO BAG ALPHABET,576
VIP Customers,JUMBO BAG APPLES,449
VIP Customers,JUMBO BAG CHARLIE AND LOLA TOYS,215
VIP Customers,JUMBO BAG DOILEY PATTERNS,65
VIP Customers,JUMBO BAG DOLLY GIRL DESIGN,278
VIP Customers,JUMBO BAG OWLS,1363
VIP Customers,JUMBO BAG PAISLEY PARK,14
VIP Customers,JUMBO BAG PEARS,45
VIP Customers,JUMBO BAG PINK POLKADOT,2838
VIP Customers,JUMBO BAG PINK VINTAGE PAISLEY,958
VIP Customers,JUMBO BAG RED RETROSPOT,3643
VIP Customers,JUMBO BAG SCANDINAVIAN BLUE PAISLEY,634
VIP Customers,JUMBO BAG SCANDINAVIAN PAISLEY,214
VIP Customers,JUMBO BAG SPACEBOY DESIGN,303
VIP Customers,JUMBO BAG STRAWBERRY,2046
VIP Customers,JUMBO BAG TOYS ,237
VIP Customers,JUMBO BAG VINTAGE CHRISTMAS ,22
VIP Customers,JUMBO BAG VINTAGE DOILY ,180
VIP Customers,JUMBO BAG VINTAGE LEAF,297
VIP Customers,JUMBO BAG WOODLAND ANIMALS,961
VIP Customers,JUMBO SHOPPER VINTAGE RED PAISLEY,1045
VIP Customers,JUMBO STORAGE BAG SKULLS,369
VIP Customers,JUMBO STORAGE BAG SUKI,1965
VIP Customers,JUNGLE POPSICLES ICE LOLLY MOULDS,19
VIP Customers,KEEP CALM WALL ART ,2
VIP Customers,KEEP OUT BOYS DOOR HANGER ,4
VIP Customers,KENSINGTON COFFEE SET,9
VIP Customers,KEY CABINET MA CAMPAGNE,5
VIP Customers,"KEY FOB , BACK DOOR ",53
VIP Customers,"KEY FOB , FRONT  DOOR ",58
VIP Customers,"KEY FOB , GARAGE DESIGN",180
VIP Customers,"KEY FOB , SHED",212
VIP Customers,KEY RING BASEBALL BOOT ASSORTED ,49
VIP Customers,KEY RING BASEBALL BOOT UNION JACK,28
VIP Customers,KIDS RAIN MAC BLUE,4
VIP Customers,KIDS RAIN MAC PINK,8
VIP Customers,KINGS CHOICE BISCUIT TIN,8
VIP Customers,KINGS CHOICE GIANT TUBE MATCHES,1
VIP Customers,KINGS CHOICE MUG,14
VIP Customers,KINGS CHOICE TEA CADDY ,24
VIP Customers,KITCHEN FLOWER POTS WALL PLAQUE,7
VIP Customers,KITCHEN METAL SIGN,65
VIP Customers,KITTENS DESIGN FLANNEL,11
VIP Customers,KITTY PENCIL ERASERS,136
VIP Customers,KNEELING MAT HOUSEWORK  DESIGN,119
VIP Customers,KNICKERBOCKERGLORY MAGNET ASSORTED ,72
VIP Customers,KNITTED UNION FLAG HOT WATER BOTTLE,7
VIP Customers,LADIES & GENTLEMEN METAL SIGN,1150
VIP Customers,LADLE LOVE HEART PINK,1
VIP Customers,LADS ONLY TISSUE BOX,20
VIP Customers,LADYBIRD + BEE RAFFIA FOOD COVER,12
VIP Customers,LANDMARK FRAME CAMDEN TOWN ,1
VIP Customers,LANDMARK FRAME COVENT GARDEN ,4
VIP Customers,LANDMARK FRAME NOTTING HILL ,5
VIP Customers,LANDMARK FRAME OXFORD STREET,4
VIP Customers,LANTERN CREAM GAZEBO ,67
VIP Customers,LARGE ANTIQUE WHITE PHOTO FRAME,8
VIP Customers,LARGE BLACK DIAMANTE HAIRSLIDE,4
VIP Customers,LARGE BLUE PROVENCAL CERAMIC BALL,6
VIP Customers,LARGE CAKE STAND  HANGING STRAWBERY,23
VIP Customers,LARGE CAKE STAND HANGING HEARTS,6
VIP Customers,LARGE CAKE TOWEL CHOCOLATE SPOTS,16
VIP Customers,LARGE CAKE TOWEL PINK SPOTS,8
VIP Customers,LARGE CERAMIC TOP STORAGE JAR,310
VIP Customers,LARGE CHINESE STYLE SCISSOR,53
VIP Customers,LARGE CIRCULAR MIRROR MOBILE,679
VIP Customers,LARGE CRYSTAL DIAMANTE HAIRSLIDE,4
VIP Customers,LARGE DECO JEWELLERY STAND,4
VIP Customers,LARGE HANGING IVORY & RED WOOD BIRD,37
VIP Customers,LARGE HEART MEASURING SPOONS,79
VIP Customers,LARGE IVORY HEART WALL ORGANISER,33
VIP Customers,LARGE MEDINA STAMPED METAL BOWL ,6
VIP Customers,LARGE MINT DIAMANTE HAIRSLIDE,4
VIP Customers,LARGE POPCORN HOLDER ,93
VIP Customers,LARGE PURPLE BABUSHKA NOTEBOOK  ,161
VIP Customers,LARGE RED BABUSHKA NOTEBOOK ,74
VIP Customers,LARGE RED RETROSPOT WINDMILL,45
VIP Customers,LARGE ROUND WICKER PLATTER ,10
VIP Customers,LARGE SKULL WINDMILL,1
VIP Customers,LARGE STRIPES CHOCOLATE GIFT BAG,16
VIP Customers,LARGE TORTILLA DESIGN RED BOWL,13
VIP Customers,LARGE WHITE HEART OF WICKER,102
VIP Customers,LARGE WHITE HONEYCOMB PAPER BELL  ,14
VIP Customers,LARGE WHITE/PINK ROSE ART FLOWER,72
VIP Customers,LARGE YELLOW BABUSHKA NOTEBOOK ,61
VIP Customers,LARGE ZINC HEART WALL ORGANISER,10
VIP Customers,LAUNDRY 15C METAL SIGN,15
VIP Customers,LAUREL HEART ANTIQUE GOLD,6
VIP Customers,LAUREL HEART ANTIQUE SILVER,8
VIP Customers,LAUREL STAR ANTIQUE GOLD,18
VIP Customers,LAUREL STAR ANTIQUE SILVER ,9
VIP Customers,LAVENDER SCENT CAKE CANDLE,168
VIP Customers,LAVENDER SCENTED FABRIC HEART,192
VIP Customers,LAVENDER TOILETTE BOTTLE,3
VIP Customers,LAZER CUT NECKLACE W PASTEL BEADS,52
VIP Customers,LE GRAND TRAY CHIC SET,3
VIP Customers,LE JARDIN BOTANIQUE CUSHION COVER,32
VIP Customers,LED TEA LIGHTS,6
VIP Customers,LETS GO SHOPPING COTTON TOTE BAG,22
VIP Customers,"LETTER ""A"" BLING KEY RING",9
VIP Customers,"LETTER ""B"" BLING KEY RING",1
VIP Customers,"LETTER ""C"" BLING KEY RING",2
VIP Customers,"LETTER ""D"" BLING KEY RING",3
VIP Customers,"LETTER ""E"" BLING KEY RING",4
VIP Customers,"LETTER ""G"" BLING KEY RING",3
VIP Customers,"LETTER ""H"" BLING KEY RING",3
VIP Customers,"LETTER ""J"" BLING KEY RING",5
VIP Customers,"LETTER ""K"" BLING KEY RING",10
VIP Customers,"LETTER ""L"" BLING KEY RING",3
VIP Customers,"LETTER ""M"" BLING KEY RING",9
VIP Customers,"LETTER ""N"" BLING KEY RING",5
VIP Customers,"LETTER ""P"" BLING KEY RING",3
VIP Customers,"LETTER ""R"" BLING KEY RING",2
VIP Customers,"LETTER ""S"" BLING KEY RING",3
VIP Customers,"LETTER ""V"" BLING KEY RING",2
VIP Customers,"LETTER ""Y"" BLING KEY RING",1
VIP Customers,LETTER HOLDER HOME SWEET HOME,57
VIP Customers,LETTER SHAPE PENCIL SHARPENER,86
VIP Customers,LIGHT GARLAND BUTTERFILES PINK,642
VIP Customers,LILAC DIAMANTE PEN IN GIFT BOX,1
VIP Customers,LILAC GAUZE BUTTERFLY LAMPSHADE,2
VIP Customers,LIPSTICK PEN BABY PINK,514
VIP Customers,LIPSTICK PEN FUSCHIA,500
VIP Customers,LIPSTICK PEN RED,402
VIP Customers,LOCAL CAFE MUG,4
VIP Customers,LOLITA  DESIGN  COTTON TOTE BAG,16
VIP Customers,LONDON BUS COFFEE MUG,38
VIP Customers,LOVE BUILDING BLOCK WORD,85
VIP Customers,LOVE GARLAND PAINTED ZINC ,38
VIP Customers,LOVE HEART NAPKIN BOX ,4
VIP Customers,LOVE HEART POCKET WARMER,42
VIP Customers,LOVE HEART SOCK HANGER,31
VIP Customers,LOVE HEART TRINKET POT,117
VIP Customers,LOVE HOT WATER BOTTLE,132
VIP Customers,LOVE LARGE WOOD LETTERS ,11
VIP Customers,LOVE SEAT ANTIQUE WHITE METAL,1
VIP Customers,LOVEBIRD HANGING DECORATION WHITE ,187
VIP Customers,LOVELY BONBON STICKER SHEET,5
VIP Customers,LUNCH BAG  BLACK SKULL.,819
VIP Customers,LUNCH BAG ALPHABET DESIGN,182
VIP Customers,LUNCH BAG APPLE DESIGN,874
VIP Customers,LUNCH BAG CARS BLUE,523
VIP Customers,LUNCH BAG DOILEY PATTERN ,139
VIP Customers,LUNCH BAG DOLLY GIRL DESIGN,186
VIP Customers,LUNCH BAG PAISLEY PARK  ,46
VIP Customers,LUNCH BAG PINK POLKADOT,665
VIP Customers,LUNCH BAG RED RETROSPOT,803
VIP Customers,LUNCH BAG RED VINTAGE DOILY,1
VIP Customers,LUNCH BAG SPACEBOY DESIGN ,350
VIP Customers,LUNCH BAG SUKI  DESIGN ,2
VIP Customers,LUNCH BAG SUKI DESIGN ,295
VIP Customers,LUNCH BAG VINTAGE DOILY ,194
VIP Customers,LUNCH BAG VINTAGE LEAF DESIGN,156
VIP Customers,LUNCH BAG WOODLAND,419
VIP Customers,LUNCH BOX I LOVE LONDON,50
VIP Customers,LUNCH BOX WITH CUTLERY RETROSPOT ,153
VIP Customers,LUSH GREENS RIBBONS,1
VIP Customers,MA CAMPAGNE CUTLERY BOX,12
VIP Customers,MADRAS NOTEBOOK LARGE ,7
VIP Customers,MADRAS NOTEBOOK MEDIUM,29
VIP Customers,MAGIC DRAWING SLATE BAKE A CAKE ,2
VIP Customers,MAGIC DRAWING SLATE BUNNIES ,6
VIP Customers,MAGIC DRAWING SLATE CIRCUS PARADE  ,58
VIP Customers,MAGIC DRAWING SLATE DINOSAUR,20
VIP Customers,MAGIC DRAWING SLATE DOLLY GIRL ,9
VIP Customers,MAGIC DRAWING SLATE GO TO THE FAIR ,5
VIP Customers,MAGIC DRAWING SLATE LEAP FROG ,6
VIP Customers,MAGIC DRAWING SLATE PURDEY,30
VIP Customers,MAGIC DRAWING SLATE SPACEBOY ,230
VIP Customers,MAGIC SHEEP WOOL GROWING FROM PAPER,13
VIP Customers,MAGIC TREE -PAPER FLOWERS,2
VIP Customers,MAGNETS PACK OF 4 CHILDHOOD MEMORY,20
VIP Customers,MAGNETS PACK OF 4 HOME SWEET HOME,16
VIP Customers,MAGNETS PACK OF 4 RETRO PHOTO,24
VIP Customers,MAGNETS PACK OF 4 SWALLOWS,49
VIP Customers,MAGNETS PACK OF 4 VINTAGE COLLAGE,12
VIP Customers,MAGNETS PACK OF 4 VINTAGE LABELS ,8
VIP Customers,MAKE YOUR OWN FLOWERPOWER CARD KIT,32
VIP Customers,MAKE YOUR OWN MONSOON CARD KIT,79
VIP Customers,MAKE YOUR OWN PLAYTIME CARD KIT,22
VIP Customers,MAN FLU METAL SIGN,24
VIP Customers,MARIE ANTOINETTE TRINKET BOX GOLD,147
VIP Customers,MARIE ANTOINETTE TRINKET BOX SILVER,171
VIP Customers,MEASURING TAPE BABUSHKA BLUE,12
VIP Customers,MEASURING TAPE BABUSHKA PINK,16
VIP Customers,MEDINA STAMPED METAL STOOL,20
VIP Customers,MEDIUM CERAMIC TOP STORAGE JAR,464
VIP Customers,MEDIUM CHINESE STYLE SCISSOR,1
VIP Customers,MEDIUM MEDINA STAMPED METAL BOWL ,15
VIP Customers,MEDIUM PARLOUR PICTURE FRAME ,4
VIP Customers,MEDIUM PINK BUDDHA HEAD ,1
VIP Customers,MEMO BOARD COTTAGE DESIGN,28
VIP Customers,MEMO BOARD RETROSPOT  DESIGN,35
VIP Customers,METAL 4 HOOK HANGER FRENCH CHATEAU,66
VIP Customers,METAL DECORATION NAUGHTY CHILDREN ,102
VIP Customers,METAL RABBIT LADDER EASTER ,12
VIP Customers,METAL SIGN CUPCAKE SINGLE HOOK,9
VIP Customers,METAL SIGN DROP YOUR PANTS,34
VIP Customers,METAL SIGN EMPIRE TEA,12
VIP Customers,METAL SIGN HIS DINNER IS SERVED,3
VIP Customers,METAL SIGN NEIGHBOURHOOD WITCH ,12
VIP Customers,METAL SIGN TAKE IT OR LEAVE IT ,83
VIP Customers,"METAL SIGN,CUPCAKE SINGLE HOOK",21
VIP Customers,METAL TUBE CHIME ON BAMBOO,1
VIP Customers,MIDNIGHT BLUE PAIR HEART HAIR SLIDE,4
VIP Customers,MIDNIGHT BLUE VINTAGE EARRINGS,8
VIP Customers,MIDNIGHT GLAMOUR SCARF KNITTING KIT,16
VIP Customers,MILK BOTTLE WITH GLASS STOPPER ,6
VIP Customers,MILK PAN BLUE POLKADOT,7
VIP Customers,MILK PAN PINK POLKADOT,1
VIP Customers,MILK PAN RED RETROSPOT,15
VIP Customers,MINI  ZINC GARDEN DECORATIONS ,13
VIP Customers,MINI CAKE STAND  HANGING STRAWBERY,77
VIP Customers,MINI CAKE STAND T-LIGHT HOLDER,161
VIP Customers,MINI CAKE STAND WITH HANGING CAKES,87
VIP Customers,MINI JIGSAW BAKE A CAKE ,3
VIP Customers,MINI JIGSAW BUNNIES,63
VIP Customers,MINI JIGSAW CIRCUS PARADE ,50
VIP Customers,MINI JIGSAW DINOSAUR ,13
VIP Customers,MINI JIGSAW DOLLY GIRL,34
VIP Customers,MINI JIGSAW GO TO THE FAIR,12
VIP Customers,MINI JIGSAW LEAP FROG,59
VIP Customers,MINI JIGSAW PURDEY,26
VIP Customers,MINI JIGSAW SPACEBOY,20
VIP Customers,MINI LADLE LOVE HEART PINK,46
VIP Customers,MINI LADLE LOVE HEART RED ,41
VIP Customers,MINI LIGHTS WOODLAND MUSHROOMS,46
VIP Customers,MINI PAINT SET VINTAGE ,252
VIP Customers,MINI PAINTED GARDEN DECORATION ,68
VIP Customers,MINI PLAYING CARDS BUFFALO BILL ,28
VIP Customers,MINI PLAYING CARDS DOLLY GIRL ,9
VIP Customers,MINI PLAYING CARDS FUN FAIR ,1
VIP Customers,MINI PLAYING CARDS GYMKHANA,6
VIP Customers,MINI PLAYING CARDS SPACEBOY ,47
VIP Customers,MINI WOODEN HAPPY BIRTHDAY GARLAND,88
VIP Customers,MINIATURE ANTIQUE ROSE HOOK IVORY,266
VIP Customers,MINITURE ANTIQUE ROSE HOOK IVORY,12
VIP Customers,MINT DINER WALL CLOCK,12
VIP Customers,MINT GREEN ROSE TOWEL,8
VIP Customers,MINT KITCHEN SCALES,32
VIP Customers,MIRROR CORNICE,2
VIP Customers,MIRROR LOVE BIRD T-LIGHT HOLDER,1
VIP Customers,MIRROR MOSAIC CANDLE PLATE,9
VIP Customers,MIRROR MOSAIC T-LIGHT HOLDER ,18
VIP Customers,MIRROR MOSAIC T-LIGHT HOLDER ROUND,145
VIP Customers,MIRROR MOSAIC VOTIVE HOLDER,80
VIP Customers,MIRRORED DISCO BALL ,161
VIP Customers,MIRRORED DOVE WALL DECORATION,9
VIP Customers,MIRRORED WALL ART GENTS,1
VIP Customers,MIRRORED WALL ART LADIES,4
VIP Customers,MIRRORED WALL ART PHOTO FRAMES,1
VIP Customers,MIRRORED WALL ART POPPIES,7
VIP Customers,MIRRORED WALL ART SKULLS,24
VIP Customers,MIRRORED WALL ART SNOWFLAKES,12
VIP Customers,MIRRORED WALL ART STARS,4
VIP Customers,MIRRORED WALL ART TABLE LAMP,7
VIP Customers,MISTLETOE HEART WREATH CREAM,14
VIP Customers,MISTLETOE HEART WREATH GREEN,17
VIP Customers,MIXED NUTS LIGHT GREEN BOWL,2
VIP Customers,MOBILE VINTAGE HEARTS ,19
VIP Customers,MOCK LOBSTER FRIDGE MAGNET,1
VIP Customers,MODERN FLORAL STATIONERY SET,58
VIP Customers,MONEY BOX BISCUITS DESIGN,44
VIP Customers,MONEY BOX CONFECTIONERY DESIGN,2
VIP Customers,MONEY BOX FIRST ADE DESIGN,28
VIP Customers,MONEY BOX FIRST AID DESIGN,8
VIP Customers,MONEY BOX HOUSEKEEPING DESIGN,30
VIP Customers,MONEY BOX KINGS CHOICE DESIGN,27
VIP Customers,MONEY BOX POCKET MONEY DESIGN,52
VIP Customers,MONSTERS STENCIL CRAFT,6
VIP Customers,MONTANA DIAMOND CLUSTER EARRINGS,6
VIP Customers,MOODY BOY  DOOR HANGER ,16
VIP Customers,MOODY GIRL DOOR HANGER ,11
VIP Customers,MORE BUTTER METAL SIGN ,24
VIP Customers,MOROCCAN BEATEN METAL DISH LARGE,1
VIP Customers,MOROCCAN BEATEN METAL MIRROR,4
VIP Customers,MOROCCAN TEA GLASS,120
VIP Customers,MOTHER'S KITCHEN SPOON REST ,21
VIP Customers,MOTORING TISSUE BOX,48
VIP Customers,MOUSE TOY WITH PINK T-SHIRT,16
VIP Customers,MR ROBOT SOFT TOY,6
VIP Customers,MRS ROBOT SOFT TOY,1
VIP Customers,MULTI COLOUR SILVER T-LIGHT HOLDER,588
VIP Customers,MULTI HEARTS  STICKERS,13
VIP Customers,MULTICOLOUR 3D BALLS GARLAND,29
VIP Customers,MULTICOLOUR HONEYCOMB FAN,37
VIP Customers,MULTICOLOUR HONEYCOMB PAPER GARLAND,3
VIP Customers,MULTICOLOUR RABBIT EGG WARMER,24
VIP Customers,MULTICOLOUR SPRING FLOWER MUG,64
VIP Customers,MUM'S KITCHEN CLOCK,9
VIP Customers,MUSICAL ZINC HEART DECORATION ,30
VIP Customers,Manual,256
VIP Customers,NAMASTE SWAGAT INCENSE,6
VIP Customers,NATURAL HANGING QUILTED HEARTS ,42
VIP Customers,NATURAL SLATE CHALKBOARD LARGE ,111
VIP Customers,NATURAL SLATE HEART CHALKBOARD ,523
VIP Customers,NATURAL SLATE RECTANGLE CHALKBOARD,227
VIP Customers,NECKLACE+BRACELET SET BLUE HIBISCUS,2
VIP Customers,NECKLACE+BRACELET SET FRUIT SALAD ,1
VIP Customers,NEW BAROQUE B'FLY NECKLACE RED,2
VIP Customers,NEW BAROQUE BLACK BOXES,1
VIP Customers,NEW BAROQUE BLACK PHOTO ALBUM,5
VIP Customers,NEW BAROQUE JEWELLERY BOX ,5
VIP Customers,NINJA RABBIT PINK,12
VIP Customers,NO JUNK MAIL METAL SIGN,38
VIP Customers,NO SINGING METAL SIGN,81
VIP Customers,NOEL GARLAND PAINTED ZINC ,103
VIP Customers,NOEL WOODEN BLOCK LETTERS ,27
VIP Customers,NOVELTY BISCUITS CAKE STAND 3 TIER,8
VIP Customers,NUMBER TILE COTTAGE GARDEN 1,2
VIP Customers,NUMBER TILE COTTAGE GARDEN 2,1
VIP Customers,NUMBER TILE COTTAGE GARDEN 6,1
VIP Customers,NUMBER TILE COTTAGE GARDEN 7,3
VIP Customers,NUMBER TILE COTTAGE GARDEN 9,2
VIP Customers,NUMBER TILE VINTAGE FONT 3,5
VIP Customers,NUMBER TILE VINTAGE FONT 5,5
VIP Customers,NUMBER TILE VINTAGE FONT 7,4
VIP Customers,NUMBER TILE VINTAGE FONT No ,1
VIP Customers,NURSE'S BAG SOFT TOY,3
VIP Customers,"NURSERY A,B,C PAINTED LETTERS",36
VIP Customers,OCEAN SCENT CANDLE IN JEWELLED BOX,261
VIP Customers,OFFICE MUG WARMER BLACK+SILVER ,35
VIP Customers,OFFICE MUG WARMER CHOC+BLUE,3
VIP Customers,OFFICE MUG WARMER PINK,5
VIP Customers,OFFICE MUG WARMER POLKADOT,20
VIP Customers,OPEN CLOSED METAL SIGN,47
VIP Customers,ORANGE FELT VASE + FLOWERS,1
VIP Customers,ORANGE PENDANT TRIPLE SHELL NECKLAC,3
VIP Customers,ORANGE SCENTED SET/9 T-LIGHTS,17
VIP Customers,ORANGE TV TRAY TABLE ,1
VIP Customers,ORANGE VOTIVE CANDLE,72
VIP Customers,ORGANISER WOOD ANTIQUE WHITE ,4
VIP Customers,ORIGAMI JASMINE INCENSE/CANDLE SET,30
VIP Customers,ORIGAMI LAVENDER INCENSE/CANDL SET ,1
VIP Customers,ORIGAMI OPIUM INCENSE/CANDLE SET ,6
VIP Customers,ORIGAMI ROSE INCENSE/CANDLE SET ,8
VIP Customers,ORIGAMI SANDLEWOOD INCENSE/CAND SET,14
VIP Customers,ORIGAMI VANILLA INCENSE/CANDLE SET ,6
VIP Customers,OVAL  MINI PORTRAIT FRAME,24
VIP Customers,OVEN MITT APPLES DESIGN,45
VIP Customers,OVERNIGHT BAG VINTAGE ROSE PAISLEY,32
VIP Customers,OWL DOORSTOP,4
VIP Customers,OYSTER TRINKET BOX,3
VIP Customers,PACK 20 ENGLISH ROSE PAPER NAPKINS,22
VIP Customers,PACK 3 BOXES BIRD PANNETONE ,1
VIP Customers,PACK 3 BOXES CHRISTMAS PANNETONE,5
VIP Customers,PACK 3 IRON ON DOG PATCHES,5
VIP Customers,PACK 4 FLOWER/BUTTERFLY PATCHES,1
VIP Customers,PACK 6 HEART/ICE-CREAM PATCHES,3
VIP Customers,PACK OF 12 50'S CHRISTMAS TISSUES,198
VIP Customers,PACK OF 12 BLUE PAISLEY TISSUES ,100
VIP Customers,PACK OF 12 CIRCUS PARADE TISSUES ,18
VIP Customers,PACK OF 12 COLOURED PENCILS,206
VIP Customers,PACK OF 12 DOILEY TISSUES,48
VIP Customers,PACK OF 12 DOLLY GIRL TISSUES,1
VIP Customers,PACK OF 12 HEARTS DESIGN TISSUES ,441
VIP Customers,PACK OF 12 LONDON TISSUES ,75
VIP Customers,PACK OF 12 PAISLEY PARK TISSUES ,169
VIP Customers,PACK OF 12 PINK PAISLEY TISSUES ,95
VIP Customers,PACK OF 12 PINK POLKADOT TISSUES,125
VIP Customers,PACK OF 12 RED APPLE TISSUES,12
VIP Customers,PACK OF 12 RED RETROSPOT TISSUES ,367
VIP Customers,PACK OF 12 SKULL TISSUES,91
VIP Customers,PACK OF 12 SPACEBOY TISSUES,95
VIP Customers,PACK OF 12 STICKY BUNNIES,2
VIP Customers,PACK OF 12 SUKI TISSUES ,213
VIP Customers,PACK OF 12 TRADITIONAL CRAYONS,114
VIP Customers,PACK OF 12 VINTAGE CHRISTMAS TISSUE,64
VIP Customers,PACK OF 12 VINTAGE DOILY TISSUES,84
VIP Customers,PACK OF 12 VINTAGE LEAF TISSUES ,13
VIP Customers,PACK OF 12 WOODLAND TISSUES ,126
VIP Customers,PACK OF 20 NAPKINS PANTRY DESIGN,633
VIP Customers,PACK OF 20 NAPKINS RED APPLES,59
VIP Customers,PACK OF 20 SKULL PAPER NAPKINS,57
VIP Customers,PACK OF 20 SPACEBOY NAPKINS,25
VIP Customers,PACK OF 6 BIRDY GIFT TAGS,93
VIP Customers,PACK OF 6 COCKTAIL PARASOL STRAWS,53
VIP Customers,PACK OF 6 HANDBAG GIFT BOXES,13
VIP Customers,PACK OF 6 LARGE FRUIT STRAWS ,15
VIP Customers,PACK OF 6 PANNETONE GIFT BOXES,9
VIP Customers,PACK OF 6 SANDCASTLE FLAGS ASSORTED,24
VIP Customers,PACK OF 6 SKULL PAPER CUPS,44
VIP Customers,PACK OF 6 SKULL PAPER PLATES,32
VIP Customers,PACK OF 6 SMALL FRUIT STRAWS,7
VIP Customers,PACK OF 6 SWEETIE GIFT BOXES,6
VIP Customers,PACK OF 60 DINOSAUR CAKE CASES,549
VIP Customers,PACK OF 60 MUSHROOM CAKE CASES,127
VIP Customers,PACK OF 60 PINK PAISLEY CAKE CASES,346
VIP Customers,PACK OF 60 SPACEBOY CAKE CASES,240
VIP Customers,PACK OF 72 RETROSPOT CAKE CASES,920
VIP Customers,PACK OF 72 SKULL CAKE CASES,259
VIP Customers,PACK OF SIX LED TEA LIGHTS,67
VIP Customers,PACKING CHARGE,1
VIP Customers,PAINT YOUR OWN CANVAS SET,58
VIP Customers,PAINTED METAL HEART WITH HOLLY BELL,48
VIP Customers,PAINTED METAL PEARS ASSORTED,330
VIP Customers,PAINTED METAL STAR WITH HOLLY BELLS,72
VIP Customers,PAINTED PINK RABBIT ,12
VIP Customers,PAINTED YELLOW WOODEN DAISY,12
VIP Customers,PAIR OF ENAMEL BUTTERFLY HAIRCLIP,5
VIP Customers,PAIR OF PINK FLOWER CLUSTER SLIDE,7
VIP Customers,PAISLEY PARK CARD,24
VIP Customers,PAISLEY PATTERN  STICKERS,6
VIP Customers,PANDA AND BUNNIES STICKER SHEET,24
VIP Customers,PANTRY 3 HOOK ROLLING PIN HANGER,24
VIP Customers,PANTRY APPLE CORER,38
VIP Customers,PANTRY CHOPPING BOARD,6
VIP Customers,PANTRY HOOK BALLOON WHISK ,12
VIP Customers,PANTRY KITCHEN THERMOMETER ,12
VIP Customers,PANTRY MAGNETIC  SHOPPING LIST,179
VIP Customers,PANTRY PASTRY BRUSH,70
VIP Customers,PANTRY ROLLING PIN,204
VIP Customers,PANTRY SCRUBBING BRUSH,196
VIP Customers,PANTRY WASHING UP BRUSH,311
VIP Customers,PAPER BUNTING COLOURED LACE,175
VIP Customers,PAPER BUNTING RETROSPOT,596
VIP Customers,PAPER BUNTING VINTAGE PAISLEY,107
VIP Customers,PAPER BUNTING WHITE LACE,687
VIP Customers,PAPER CHAIN KIT 50'S CHRISTMAS ,857
VIP Customers,PAPER CHAIN KIT EMPIRE,242
VIP Customers,PAPER CHAIN KIT LONDON,30
VIP Customers,PAPER CHAIN KIT RETROSPOT,295
VIP Customers,PAPER CHAIN KIT SKULLS ,9
VIP Customers,PAPER CHAIN KIT VINTAGE CHRISTMAS,623
VIP Customers,PAPER LANTERN 5 POINT SEQUIN STAR,2
VIP Customers,PAPER LANTERN 5 POINT STAR MOON ,2
VIP Customers,PAPER LANTERN 7 POINT SNOW STAR,5
VIP Customers,PAPER LANTERN 9 POINT DELUXE STAR,4
VIP Customers,PAPER LANTERN 9 POINT HOLLY STAR L,2
VIP Customers,PAPER LANTERN 9 POINT HOLLY STAR S,2
VIP Customers,PAPER LANTERN 9 POINT SNOW STAR ,3
VIP Customers,PAPER POCKET TRAVELING FAN ,108
VIP Customers,PAPERWEIGHT CHILDHOOD MEMORIES,24
VIP Customers,PAPERWEIGHT HOME SWEET HOME,24
VIP Customers,PAPERWEIGHT KINGS CHOICE ,4
VIP Customers,PAPERWEIGHT SAVE THE PLANET,6
VIP Customers,PAPERWEIGHT VINTAGE COLLAGE,50
VIP Customers,PAPERWEIGHT VINTAGE PAISLEY,17
VIP Customers,PARISIENNE CURIO CABINET,34
VIP Customers,PARISIENNE JEWELLERY DRAWER ,47
VIP Customers,PARISIENNE KEY CABINET ,59
VIP Customers,PARISIENNE SEWING BOX,33
VIP Customers,PARLOUR CERAMIC WALL HOOK,10
VIP Customers,PARTY BUNTING,452
VIP Customers,PARTY CHARMS 50 PIECES,13
VIP Customers,PARTY CONE CHRISTMAS DECORATION ,108
VIP Customers,PARTY CONES CANDY ASSORTED,24
VIP Customers,PARTY CONES CANDY TREE DECORATION,24
VIP Customers,PARTY CONES CARNIVAL ASSORTED,24
VIP Customers,PARTY FOOD SHOPPER BAG,1
VIP Customers,PARTY INVITES BALLOON GIRL,12
VIP Customers,PARTY INVITES DINOSAURS,27
VIP Customers,PARTY INVITES FOOTBALL,26
VIP Customers,PARTY INVITES JAZZ HEARTS,20
VIP Customers,PARTY INVITES SPACEMAN,18
VIP Customers,PARTY INVITES WOODLAND,56
VIP Customers,PARTY METAL SIGN ,180
VIP Customers,PARTY PIZZA DISH BLUE POLKADOT,10
VIP Customers,PARTY PIZZA DISH PINK POLKADOT,1
VIP Customers,PARTY PIZZA DISH RED RETROSPOT,27
VIP Customers,PARTY TIME DESIGN FLANNEL,2
VIP Customers,PARTY TIME PENCIL ERASERS,21
VIP Customers,PASTEL COLOUR HONEYCOMB FAN,48
VIP Customers,PEACE SMALL WOOD LETTERS,2
VIP Customers,PEACE WOODEN BLOCK LETTERS,41
VIP Customers,PEACH KNITTED HEN ,6
VIP Customers,PEARL CRYSTAL PUMPKIN T-LIGHT HLDR,13
VIP Customers,PEARLISED IVORY HEART LARGE ,2
VIP Customers,PEARLISED IVORY HEART SMALL ,4
VIP Customers,PEG BAG APPLES DESIGN,43
VIP Customers,PENCIL CASE LIFE IS BEAUTIFUL,9
VIP Customers,PENNY FARTHING BIRTHDAY CARD,144
VIP Customers,PENS ASSORTED FUNKY JEWELED ,252
VIP Customers,PENS ASSORTED FUNNY FACE,288
VIP Customers,PENS ASSORTED SPACEBALL,180
VIP Customers,PERIWINKLE T-LIGHT HOLDER,3
VIP Customers,PETIT TRAY CHIC,11
VIP Customers,PHARMACIE FIRST AID TIN,13
VIP Customers,PHOTO CLIP LINE,37
VIP Customers,PHOTO CUBE,1153
VIP Customers,PHOTO FRAME 3 CLASSIC HANGING,57
VIP Customers,PHOTO FRAME CORNICE,254
VIP Customers,PHOTO FRAME LINEN AND LACE LARGE,10
VIP Customers,PHOTO FRAME LINEN AND LACE SMALL,21
VIP Customers,PICNIC BASKET WICKER LARGE,15
VIP Customers,PICNIC BASKET WICKER SMALL,22
VIP Customers,PICNIC BOXES SET OF 3 RETROSPOT ,5
VIP Customers,PICTURE DOMINOES,106
VIP Customers,PICTURE FRAME WOOD TRIPLE PORTRAIT,41
VIP Customers,PIECE OF CAMO STATIONERY SET,224
VIP Customers,PIG KEYRING WITH LIGHT & SOUND ,26
VIP Customers,PIGGY BANK RETROSPOT ,87
VIP Customers,PIN CUSHION BABUSHKA PINK,14
VIP Customers,PIN CUSHION BABUSHKA RED,14
VIP Customers,PING MICROWAVE APRON,27
VIP Customers,PING! MICROWAVE PLATE,6
VIP Customers,PINK  HEART CONFETTI IN TUBE,18
VIP Customers,PINK  HEART SHAPE LOVE BUCKET ,48
VIP Customers,PINK  HONEYCOMB PAPER FAN,37
VIP Customers,PINK  POLKADOT CUP,23
VIP Customers,PINK  POLKADOT PLATE ,127
VIP Customers,PINK & WHITE BREAKFAST TRAY,9
VIP Customers,PINK & WHITE ROSEBUD RING,3
VIP Customers,PINK 3 PIECE POLKADOT CUTLERY SET,104
VIP Customers,PINK AND WHITE CHRISTMAS TREE 120CM,1
VIP Customers,PINK BABY BUNTING,48
VIP Customers,PINK BITTY LIGHT CHAIN,5
VIP Customers,PINK BLUE FELT CRAFT TRINKET BOX,4571
VIP Customers,PINK BREAKFAST CUP AND SAUCER ,7
VIP Customers,PINK CAT BOWL,2
VIP Customers,PINK CHICK EGG WARMER + EGG CUP,24
VIP Customers,PINK CLEAR GLASS CANDLE PLATE,6
VIP Customers,PINK CREAM FELT CRAFT TRINKET BOX ,106
VIP Customers,PINK DAISY BAG CHARM,6
VIP Customers,PINK DIAMANTE PEN IN GIFT BOX,9
VIP Customers,PINK DINER WALL CLOCK,6
VIP Customers,PINK DOG BOWL,7
VIP Customers,PINK DOUGHNUT TRINKET POT ,16
VIP Customers,PINK DRAWER KNOB ACRYLIC EDWARDIAN,806
VIP Customers,PINK ENAMEL FLOWER HAIR TIE,6
VIP Customers,PINK ENAMEL+GLASS HAIR COMB,3
VIP Customers,PINK FAIRY CAKE CHILDRENS APRON,92
VIP Customers,PINK FEATHERS CURTAIN,20
VIP Customers,PINK FELT EASTER RABBIT GARLAND,9
VIP Customers,PINK FLORAL FELTCRAFT SHOULDER BAG,36
VIP Customers,PINK FLOWER CROCHET FOOD COVER,26
VIP Customers,PINK FLOWER FABRIC PONY,7
VIP Customers,PINK FLY SWAT,4
VIP Customers,PINK GAUZE BUTTERFLY LAMPSHADE,2
VIP Customers,PINK GINGHAM CAT WITH SCARF,7
VIP Customers,PINK GLASS CANDLEHOLDER,30
VIP Customers,PINK GOOSE FEATHER TREE 60CM,2
VIP Customers,PINK HANGING HEART T-LIGHT HOLDER,1
VIP Customers,PINK HAPPY BIRTHDAY BUNTING,91
VIP Customers,PINK HEART DOTS HOT WATER BOTTLE,2
VIP Customers,PINK HEART SHAPE EGG FRYING PAN,134
VIP Customers,PINK HEART SHAPE PHOTO FRAME,1
VIP Customers,PINK HORSE SOCK PUPPET,3
VIP Customers,PINK HORSE SOCK PUPPET KIT,1
VIP Customers,PINK HYDRANGEA ART FLOWER,10
VIP Customers,PINK JEWELLED MIRROR TRINKET TRAY,13
VIP Customers,PINK JEWELLED PHOTO FRAME,6
VIP Customers,PINK KNITTED EGG COSY,15
VIP Customers,PINK LOVE BIRD CANDLE,8
VIP Customers,PINK LOVE HEART SHAPE CUP,13
VIP Customers,PINK METAL CHICKEN HEART ,3
VIP Customers,PINK MONTE CARLO HANDBAG,12
VIP Customers,PINK NEW BAROQUECANDLESTICK CANDLE,30
VIP Customers,PINK OVAL JEWELLED MIRROR,1
VIP Customers,PINK OWL SOFT TOY,50
VIP Customers,PINK PADDED MOBILE,7
VIP Customers,PINK PAISLEY ROSE GIFT WRAP,25
VIP Customers,PINK PAISLEY SQUARE TISSUE BOX ,10
VIP Customers,PINK PAPER PARASOL ,57
VIP Customers,PINK PARTY BAGS,40
VIP Customers,PINK PILLAR CANDLE SILVER FLOCK,1
VIP Customers,PINK POLKADOT BOWL,101
VIP Customers,PINK POLKADOT CHILDRENS UMBRELLA,3
VIP Customers,PINK POLKADOT GARDEN PARASOL,6
VIP Customers,PINK POLKADOT KIDS BAG,1
VIP Customers,PINK POLKADOT PLATE ,12
VIP Customers,PINK POLKADOT WRAP ,350
VIP Customers,PINK POT PLANT CANDLE,1
VIP Customers,PINK REGENCY TEACUP AND SAUCER,381
VIP Customers,PINK RETRO BIG FLOWER BAG,1
VIP Customers,PINK ROSE FABRIC MIRROR,13
VIP Customers,PINK ROSE WASHBAG,14
VIP Customers,PINK SCOTTIE DOG W FLOWER PATTERN,6
VIP Customers,PINK STOCKING CHRISTMAS DECORATION,44
VIP Customers,PINK UNION JACK  LUGGAGE TAG,23
VIP Customers,PINK UNION JACK  PASSPORT COVER ,5
VIP Customers,PINK VINTAGE PAISLEY PICNIC BAG,41
VIP Customers,PINK VINTAGE SPOT BEAKER,20
VIP Customers,PINK/GREEN FLOWER DESIGN BIG MUG,2
VIP Customers,"PINK/WHITE ""KEEP CLEAN"" BULLET BIN",14
VIP Customers,PINK/WHITE CHRISTMAS TREE 60CM,24
VIP Customers,PIZZA PLATE IN BOX,15
VIP Customers,PLACE SETTING WHITE HEART,426
VIP Customers,PLACE SETTING WHITE STAR,346
VIP Customers,PLASTERS IN TIN CIRCUS PARADE ,162
VIP Customers,PLASTERS IN TIN SKULLS,81
VIP Customers,PLASTERS IN TIN SPACEBOY,64
VIP Customers,PLASTERS IN TIN STRONGMAN,82
VIP Customers,PLASTERS IN TIN VINTAGE PAISLEY ,89
VIP Customers,PLASTERS IN TIN WOODLAND ANIMALS,137
VIP Customers,PLAYING CARDS I LOVE LONDON ,15
VIP Customers,PLAYING CARDS JUBILEE UNION JACK,41
VIP Customers,PLAYING CARDS KEEP CALM & CARRY ON,13
VIP Customers,PLAYING CARDS VINTAGE DOILEY ,12
VIP Customers,PLAYING CARDS VINTAGE DOILY ,12
VIP Customers,PLEASE ONE PERSON METAL SIGN,1549
VIP Customers,POCKET BAG BLUE PAISLEY RED SPOT,23
VIP Customers,POCKET BAG PINK PAISELY BROWN SPOT,6
VIP Customers,POLKA DOT RAFFIA FOOD COVER,43
VIP Customers,POLKADOT COFFEE CUP & SAUCER PINK,52
VIP Customers,POLKADOT MUG PINK ,4
VIP Customers,POLKADOT PEN,96
VIP Customers,POLKADOT RAIN HAT ,27
VIP Customers,POLYESTER FILLER PAD 30CMx30CM,18
VIP Customers,POLYESTER FILLER PAD 40x40cm,50
VIP Customers,POLYESTER FILLER PAD 45x30cm,31
VIP Customers,POLYESTER FILLER PAD 45x45cm,76
VIP Customers,POLYESTER FILLER PAD 60x40cm,2
VIP Customers,POMPOM CURTAIN,4
VIP Customers,POPART RECT PENCIL SHARPENER ASST,150
VIP Customers,POPART WOODEN PENCILS ASST,800
VIP Customers,POPCORN HOLDER,912
VIP Customers,POPPY FIELDS CHOPPING BOARD,1
VIP Customers,POPPY'S PLAYHOUSE BATHROOM,24
VIP Customers,POPPY'S PLAYHOUSE BEDROOM ,36
VIP Customers,POPPY'S PLAYHOUSE KITCHEN,45
VIP Customers,POPPY'S PLAYHOUSE LIVINGROOM ,29
VIP Customers,PORCELAIN BUTTERFLY OIL BURNER,26
VIP Customers,PORCELAIN ROSE LARGE ,144
VIP Customers,PORCELAIN ROSE SMALL,608
VIP Customers,PORCELAIN T-LIGHT HOLDERS ASSORTED,93
VIP Customers,POSTAGE,10
VIP Customers,POSTE FRANCE CUSHION COVER,42
VIP Customers,POTTERING IN THE SHED METAL SIGN,79
VIP Customers,POTTERING MUG,33
VIP Customers,POTTING SHED SEED ENVELOPES,41
VIP Customers,POTTING SHED TEA MUG,29
VIP Customers,POTTING SHED TWINE,12
VIP Customers,PRETTY HANGING QUILTED HEARTS,72
VIP Customers,PSYCHEDELIC TILE HOOK,6
VIP Customers,PSYCHEDELIC WALL THERMOMETER,4
VIP Customers,PURPLE AMETHYST NECKLACE W TASSEL,1
VIP Customers,PURPLE DRAWERKNOB ACRYLIC EDWARDIAN,788
VIP Customers,PURPLE DRESS JEWELLERY STAND,12
VIP Customers,PURPLE ENAMEL FLOWER HAIR TIE,6
VIP Customers,PURPLE ENAMEL FLOWER RING,6
VIP Customers,PURPLE ENAMEL+GLASS HAIR COMB,6
VIP Customers,PURPLE FRANGIPANI NECKLACE,8
VIP Customers,PURPLE PAPER PARASOL,28
VIP Customers,QUEEN OF SKIES LUGGAGE TAG,34
VIP Customers,QUEEN OF THE SKIES HOLIDAY PURSE ,1
VIP Customers,QUEEN OF THE SKIES PASSPORT COVER ,12
VIP Customers,QUEENS GUARD COFFEE MUG,12
VIP Customers,RABBIT  DESIGN  COTTON TOTE BAG,2
VIP Customers,RABBIT NIGHT LIGHT,193
VIP Customers,RAIN PONCHO ,2
VIP Customers,RAIN PONCHO RETROSPOT,48
VIP Customers,RAINBOW PEGS PHOTO CLIP STRING,16
VIP Customers,RAINY LADIES BIRTHDAY CARD,132
VIP Customers,RASTA IN BATH W SPLIFF ASHTRAY,1
VIP Customers,RATTLE SNAKE EGGS,35
VIP Customers,RECIPE BOX BLUE SKETCHBOOK DESIGN,13
VIP Customers,RECIPE BOX PANTRY YELLOW DESIGN,462
VIP Customers,RECIPE BOX RETROSPOT ,66
VIP Customers,"RECORD FRAME 7"" SINGLE SIZE ",172
VIP Customers,RECTANGULAR SHAPED MIRROR,12
VIP Customers,RECYCLED ACAPULCO MAT BLUE,3
VIP Customers,RECYCLED ACAPULCO MAT GREEN,8
VIP Customers,RECYCLED ACAPULCO MAT LAVENDER,5
VIP Customers,RECYCLED ACAPULCO MAT PINK,2
VIP Customers,RECYCLED ACAPULCO MAT RED,11
VIP Customers,RECYCLED ACAPULCO MAT TURQUOISE,10
VIP Customers,RECYCLED PENCIL WITH RABBIT ERASER,86
VIP Customers,RECYCLING BAG RETROSPOT ,89
VIP Customers,RED  EGG  SPOON,120
VIP Customers,RED  HARMONICA IN BOX ,271
VIP Customers,RED 3 PIECE RETROSPOT CUTLERY SET,84
VIP Customers,RED BABY BUNTING ,38
VIP Customers,RED CHARLIE+LOLA PERSONAL DOORSIGN,114
VIP Customers,RED COAT RACK PARIS FASHION,4
VIP Customers,RED DAISY POCKET BOOK ,12
VIP Customers,RED DINER WALL CLOCK,73
VIP Customers,RED DRAGONFLY HELICOPTER,4
VIP Customers,RED DRAWER KNOB ACRYLIC EDWARDIAN,801
VIP Customers,RED ENAMEL FLOWER RING,6
VIP Customers,RED ENCHANTED FOREST PLACEMAT,66
VIP Customers,RED FLOCK LOVE HEART PHOTO FRAME,74
VIP Customers,RED FLORAL FELTCRAFT SHOULDER BAG,746
VIP Customers,RED FLOWER CROCHET FOOD COVER,22
VIP Customers,RED GINGHAM ROSE JEWELLERY BOX,61
VIP Customers,RED GINGHAM TEDDY BEAR ,67
VIP Customers,RED HANGING HEART T-LIGHT HOLDER,290
VIP Customers,RED HEART LUGGAGE TAG,54
VIP Customers,RED HEART SHAPE LOVE BUCKET ,41
VIP Customers,RED HEARTS LIGHT CHAIN ,36
VIP Customers,RED KITCHEN SCALES,66
VIP Customers,RED KUKUI COCONUT SEED NECKLACE,6
VIP Customers,RED LOVE HEART SHAPE CUP,71
VIP Customers,RED METAL BEACH SPADE ,104
VIP Customers,RED METAL BOX TOP SECRET,42
VIP Customers,RED PAPER PARASOL,49
VIP Customers,RED PEONY CUSHION COVER ,3
VIP Customers,RED POLKADOT BEAKER ,60
VIP Customers,RED POLKADOT COFFEE  MUG,50
VIP Customers,RED PURSE WITH PINK HEART,5
VIP Customers,RED REFECTORY CLOCK ,11
VIP Customers,RED RETRO KITCHEN WALL CLOCK,2
VIP Customers,RED RETROSPOT APRON ,30
VIP Customers,RED RETROSPOT BIG BOWL,13
VIP Customers,RED RETROSPOT BOWL,151
VIP Customers,RED RETROSPOT BUTTER DISH,46
VIP Customers,RED RETROSPOT CAKE STAND,180
VIP Customers,RED RETROSPOT CHARLOTTE BAG,473
VIP Customers,RED RETROSPOT CHILDRENS UMBRELLA,8
VIP Customers,RED RETROSPOT CUP,140
VIP Customers,RED RETROSPOT LUGGAGE TAG,18
VIP Customers,RED RETROSPOT MINI CASES,52
VIP Customers,RED RETROSPOT MUG,16
VIP Customers,RED RETROSPOT OVEN GLOVE ,58
VIP Customers,RED RETROSPOT OVEN GLOVE DOUBLE,54
VIP Customers,RED RETROSPOT PEG BAG,112
VIP Customers,RED RETROSPOT PICNIC BAG,120
VIP Customers,RED RETROSPOT PLATE ,162
VIP Customers,RED RETROSPOT PUDDING BOWL,42
VIP Customers,RED RETROSPOT PURSE ,20
VIP Customers,RED RETROSPOT ROUND CAKE TINS,24
VIP Customers,RED RETROSPOT SHOPPER BAG,108
VIP Customers,RED RETROSPOT SHOPPING BAG,9
VIP Customers,RED RETROSPOT SMALL MILK JUG,53
VIP Customers,RED RETROSPOT SUGAR JAM BOWL,71
VIP Customers,RED RETROSPOT TAPE,30
VIP Customers,RED RETROSPOT TEA CUP AND SAUCER ,39
VIP Customers,RED RETROSPOT TISSUE BOX,47
VIP Customers,RED RETROSPOT TRADITIONAL TEAPOT ,5
VIP Customers,RED RETROSPOT UMBRELLA,46
VIP Customers,RED RETROSPOT WASHBAG,4
VIP Customers,RED RETROSPOT WRAP ,425
VIP Customers,RED ROCKING HORSE HAND PAINTED,132
VIP Customers,RED SHARK HELICOPTER,8
VIP Customers,RED SPOT CERAMIC DRAWER KNOB,353
VIP Customers,RED SPOT PAPER GIFT BAG,130
VIP Customers,RED SPOTTY BISCUIT TIN,69
VIP Customers,RED STAR CARD HOLDER,39
VIP Customers,RED STRIPE CERAMIC DRAWER KNOB,839
VIP Customers,RED TEA TOWEL CLASSIC DESIGN,18
VIP Customers,RED TOADSTOOL LED NIGHT LIGHT,1256
VIP Customers,RED VINTAGE SPOT BEAKER,20
VIP Customers,RED WHITE SCARF  HOT WATER BOTTLE,1
VIP Customers,RED WOOLLY HOTTIE WHITE HEART.,88
VIP Customers,RED/CREAM STRIPE CUSHION COVER ,59
VIP Customers,REGENCY CAKE FORK,144
VIP Customers,REGENCY CAKE SLICE,9
VIP Customers,REGENCY CAKESTAND 3 TIER,629
VIP Customers,REGENCY MILK JUG PINK ,246
VIP Customers,REGENCY SUGAR BOWL GREEN,290
VIP Customers,REGENCY SUGAR TONGS,246
VIP Customers,REGENCY TEA PLATE GREEN ,431
VIP Customers,REGENCY TEA PLATE PINK,338
VIP Customers,REGENCY TEA PLATE ROSES ,498
VIP Customers,REGENCY TEA SPOON,38
VIP Customers,REGENCY TEA STRAINER,69
VIP Customers,REGENCY TEAPOT ROSES ,190
VIP Customers,REINDEER HEART DECORATION GOLD,95
VIP Customers,REINDEER HEART DECORATION SILVER,34
VIP Customers,RELAX LARGE WOOD LETTERS,1
VIP Customers,RESIN NECKLACE W PASTEL BEADS,1
VIP Customers,"RETRO ""TEA FOR ONE"" ",2
VIP Customers,RETRO COFFEE MUGS ASSORTED,10
VIP Customers,RETRO LEAVES MAGNETIC NOTEPAD,3
VIP Customers,RETRO LONGBOARD IRONING BOARD COVER,30
VIP Customers,RETRO MOD TRAY,78
VIP Customers,RETRO PLASTIC POLKA TRAY,8
VIP Customers,RETROSPOT BABUSHKA DOORSTOP,2
VIP Customers,RETROSPOT CANDLE  LARGE,24
VIP Customers,RETROSPOT CANDLE  MEDIUM,40
VIP Customers,RETROSPOT CANDLE  SMALL,37
VIP Customers,RETROSPOT CHILDRENS APRON,50
VIP Customers,RETROSPOT CIGAR BOX MATCHES ,31
VIP Customers,RETROSPOT GIANT TUBE MATCHES,32
VIP Customers,RETROSPOT HEART HOT WATER BOTTLE,165
VIP Customers,RETROSPOT LAMP,34
VIP Customers,RETROSPOT LARGE MILK JUG,27
VIP Customers,RETROSPOT PADDED SEAT CUSHION,40
VIP Customers,RETROSPOT PARTY BAG + STICKER SET,61
VIP Customers,RETROSPOT RED WASHING UP GLOVES,66
VIP Customers,RETROSPOT SMALL TUBE MATCHES,31
VIP Customers,RETROSPOT TEA SET CERAMIC 11 PC ,177
VIP Customers,RETROSPOT WOODEN HEART DECORATION,67
VIP Customers,REVOLVER WOODEN RULER ,85
VIP Customers,REX CASH+CARRY JUMBO SHOPPER,70
VIP Customers,RIBBON REEL CHRISTMAS PRESENT ,70
VIP Customers,RIBBON REEL CHRISTMAS SOCK BAUBLE,75
VIP Customers,RIBBON REEL FLORA + FAUNA ,22
VIP Customers,RIBBON REEL HEARTS DESIGN ,35
VIP Customers,RIBBON REEL LACE DESIGN ,44
VIP Customers,RIBBON REEL MAKING SNOWMEN ,21
VIP Customers,RIBBON REEL POLKADOTS ,12
VIP Customers,RIBBON REEL SNOWY VILLAGE,31
VIP Customers,RIBBON REEL SOCKS AND MITTENS,25
VIP Customers,RIBBON REEL STRIPES DESIGN ,71
VIP Customers,RIBBONS PURSE ,1
VIP Customers,RIDGED BONNE JAM JAR T-LIGHT HOLDER,12
VIP Customers,RIDGED GLASS FINGER BOWL,3
VIP Customers,RIDGED GLASS POSY VASE ,9
VIP Customers,RIDGED GLASS STORAGE JAR CREAM LID,8
VIP Customers,RIDGED GLASS T-LIGHT HOLDER,78
VIP Customers,RING OF ROSES BIRTHDAY CARD,60
VIP Customers,ROBOT BIRTHDAY CARD,132
VIP Customers,ROCKING HORSE GREEN CHRISTMAS ,129
VIP Customers,ROCKING HORSE RED CHRISTMAS ,237
VIP Customers,ROCOCO WALL MIRROR WHITE,1
VIP Customers,ROLL WRAP 50'S CHRISTMAS,50
VIP Customers,ROLL WRAP 50'S RED CHRISTMAS ,22
VIP Customers,ROLL WRAP VINTAGE CHRISTMAS,66
VIP Customers,ROLL WRAP VINTAGE SPOT ,28
VIP Customers,ROMANTIC IMAGES GIFT WRAP SET,1
VIP Customers,ROMANTIC IMAGES NOTEBOOK SET,4
VIP Customers,ROMANTIC PINKS RIBBONS ,53
VIP Customers,ROSE 1 WICK MORRIS BOXED CANDLE,92
VIP Customers,ROSE 3 WICK MORRIS BOX CANDLE,36
VIP Customers,ROSE CARAVAN DOORSTOP,21
VIP Customers,ROSE COLOUR PAIR HEART HAIR SLIDES,4
VIP Customers,ROSE COTTAGE KEEPSAKE BOX ,14
VIP Customers,ROSE DU SUD COSMETICS BAG,6
VIP Customers,ROSE DU SUD CUSHION COVER,2
VIP Customers,ROSE DU SUD CUSHION COVER ,3
VIP Customers,ROSE DU SUD OVEN GLOVE,7
VIP Customers,ROSE FOLKART HEART DECORATIONS,8
VIP Customers,ROSE PENDANT TRIPLE SHELL NECKLACE,3
VIP Customers,ROSE SCENT CANDLE IN JEWELLED BOX,19
VIP Customers,ROSE SCENT CANDLE JEWELLED DRAWER,408
VIP Customers,ROSES REGENCY TEACUP AND SAUCER ,549
VIP Customers,ROTATING LEAVES T-LIGHT HOLDER,78
VIP Customers,ROTATING SILVER ANGELS T-LIGHT HLDR,152
VIP Customers,ROUND CACTUS CANDLE,1
VIP Customers,ROUND CAKE TIN VINTAGE GREEN,13
VIP Customers,ROUND CAKE TIN VINTAGE RED,20
VIP Customers,ROUND CONTAINER SET OF 5 RETROSPOT,50
VIP Customers,ROUND PURPLE CLOCK WITH SUCKER,30
VIP Customers,ROUND SNACK BOXES SET OF 4 FRUITS ,22
VIP Customers,ROUND SNACK BOXES SET OF 4 SKULLS,39
VIP Customers,ROUND SNACK BOXES SET OF4 WOODLAND ,86
VIP Customers,ROUND STORAGE TIN VINTAGE LEAF,19
VIP Customers,ROUND WHITE CONFETTI IN TUBE,12
VIP Customers,RUBY DROP CHANDELIER EARRINGS,6
VIP Customers,RUSTIC  SEVENTEEN DRAWER SIDEBOARD,1
VIP Customers,RUSTIC MIRROR WITH LACE HEART,9
VIP Customers,RUSTIC STRAWBERRY JAM POT LARGE ,2
VIP Customers,RUSTIC STRAWBERRY JAM POT SMALL,2
VIP Customers,S/12 MINI RABBIT EASTER,65
VIP Customers,S/15 SILVER GLASS BAUBLES IN BAG,73
VIP Customers,S/3 POT POURI CUSHIONS BLUE COLOURS,12
VIP Customers,S/4 BLACK MINI ROSE CANDLE IN BOWL,1
VIP Customers,S/4 CACTI CANDLES,3
VIP Customers,S/4 GROOVY CAT MAGNETS,1
VIP Customers,S/4 PINK FLOWER CANDLES IN BOWL,25
VIP Customers,S/4 VALENTINE DECOUPAGE HEART BOX,10
VIP Customers,S/6 WOODEN SKITTLES IN COTTON BAG,22
VIP Customers,SALLE DE BAIN HOOK,8
VIP Customers,SANDALWOOD FAN,47
VIP Customers,SANDWICH BATH SPONGE,37
VIP Customers,SAVE THE PLANET COTTON TOTE BAG,24
VIP Customers,SAVE THE PLANET MUG,44
VIP Customers,SCANDINAVIAN 3 HEARTS NAPKIN RING,389
VIP Customers,SCANDINAVIAN PAISLEY PICNIC BAG,76
VIP Customers,SCANDINAVIAN REDS RIBBONS,63
VIP Customers,SCENTED VELVET LOUNGE CANDLE ,216
VIP Customers,SCOTTIE DOG HOT WATER BOTTLE,101
VIP Customers,SCOTTIE DOGS BABY BIB,52
VIP Customers,SCOTTIES CHILDRENS APRON,2
VIP Customers,SCOTTIES DESIGN WASHBAG,11
VIP Customers,SEASIDE FLYING DISC,24
VIP Customers,SET 10 LIGHTS NIGHT OWL,27
VIP Customers,SET 10 NIGHT OWL LIGHTS,29
VIP Customers,SET 12 COLOUR PENCILS DOILEY,16
VIP Customers,SET 12 COLOUR PENCILS DOLLY GIRL ,36
VIP Customers,SET 12 COLOUR PENCILS LOVE LONDON,9
VIP Customers,SET 12 COLOUR PENCILS SPACEBOY ,90
VIP Customers,SET 12 COLOURING PENCILS DOILY,57
VIP Customers,SET 12 KIDS  WHITE CHALK STICKS,58
VIP Customers,SET 12 KIDS COLOUR  CHALK STICKS,201
VIP Customers,SET 12 LAVENDER  BOTANICAL T-LIGHTS,6
VIP Customers,SET 12 RETRO WHITE CHALK STICKS,199
VIP Customers,SET 12 VINTAGE DOILY CHALK ,30
VIP Customers,SET 2 PANTRY DESIGN TEA TOWELS,54
VIP Customers,SET 2 TEA TOWELS I LOVE LONDON ,17
VIP Customers,SET 20 NAPKINS FAIRY CAKES DESIGN ,112
VIP Customers,SET 3 PAPER VINTAGE CHICK PAPER EGG,98
VIP Customers,"SET 3 RETROSPOT TEA,COFFEE,SUGAR",30
VIP Customers,SET 3 SONG BIRD PAPER EGGS ASSORTED,67
VIP Customers,SET 3 WICKER STORAGE BASKETS ,3
VIP Customers,SET 36 COLOUR PENCILS DOILEY,16
VIP Customers,SET 36 COLOUR PENCILS DOLLY GIRL,2
VIP Customers,SET 36 COLOUR PENCILS LOVE LONDON,2
VIP Customers,SET 36 COLOUR PENCILS SPACEBOY ,37
VIP Customers,SET 36 COLOURING PENCILS DOILY,18
VIP Customers,SET 4 PICNIC CUTLERY BLUEBERRY,1
VIP Customers,SET 4 VALENTINE DECOUPAGE HEART BOX,3
VIP Customers,SET 40 HEART SHAPE PETIT FOUR CASES,73
VIP Customers,SET 6 FOOTBALL CELEBRATION CANDLES,25
VIP Customers,SET 6 PAPER TABLE LANTERN HEARTS ,48
VIP Customers,SET 6 PAPER TABLE LANTERN STARS ,67
VIP Customers,SET 6 SCHOOL MILK BOTTLES IN CRATE,44
VIP Customers,SET 7 BABUSHKA NESTING BOXES,48
VIP Customers,SET 8 CANDLES VINTAGE DOILY,12
VIP Customers,SET OF 10 LANTERNS FAIRY LIGHT STAR,13
VIP Customers,SET OF 10 LED DOLLY LIGHTS,54
VIP Customers,SET OF 12  VINTAGE POSTCARD SET,108
VIP Customers,SET OF 12 FAIRY CAKE BAKING CASES,108
VIP Customers,SET OF 12 FORK CANDLES,38
VIP Customers,SET OF 12 MINI BUNNIES IN A BUCKET,2
VIP Customers,SET OF 12 MINI LOAF BAKING CASES,110
VIP Customers,SET OF 12 T-LIGHTS VINTAGE DOILY,12
VIP Customers,SET OF 16 VINTAGE BLACK CUTLERY,12
VIP Customers,SET OF 16 VINTAGE IVORY CUTLERY,1
VIP Customers,SET OF 16 VINTAGE PISTACHIO CUTLERY,5
VIP Customers,SET OF 16 VINTAGE RED CUTLERY,3
VIP Customers,SET OF 16 VINTAGE ROSE CUTLERY,18
VIP Customers,SET OF 16 VINTAGE SKY BLUE CUTLERY,3
VIP Customers,SET OF 2 CERAMIC CHRISTMAS REINDEER,24
VIP Customers,SET OF 2 CERAMIC CHRISTMAS TREES,26
VIP Customers,SET OF 2 CERAMIC PAINTED HEARTS ,15
VIP Customers,SET OF 2 CHRISTMAS DECOUPAGE CANDLE,120
VIP Customers,SET OF 2 ROUND TINS CAMEMBERT ,3
VIP Customers,SET OF 2 ROUND TINS DUTCH CHEESE,3
VIP Customers,SET OF 2 TEA TOWELS APPLE AND PEARS,32
VIP Customers,SET OF 2 TEA TOWELS PING MICROWAVE,5
VIP Customers,SET OF 2 TINS JARDIN DE PROVENCE,9
VIP Customers,SET OF 2 TINS VINTAGE BATHROOM ,7
VIP Customers,SET OF 2 TRAYS HOME SWEET HOME,12
VIP Customers,SET OF 2 WOODEN MARKET CRATES,16
VIP Customers,SET OF 20 KIDS COOKIE CUTTERS,104
VIP Customers,SET OF 20 VINTAGE CHRISTMAS NAPKINS,1275
VIP Customers,SET OF 3 BABUSHKA STACKING TINS,8
VIP Customers,SET OF 3 BIRD LIGHT PINK FEATHER ,108
VIP Customers,SET OF 3 BLACK FLYING DUCKS,3
VIP Customers,SET OF 3 BUTTERFLY COOKIE CUTTERS,488
VIP Customers,SET OF 3 CAKE TINS PANTRY DESIGN ,243
VIP Customers,SET OF 3 CAKE TINS SKETCHBOOK,47
VIP Customers,SET OF 3 COLOURED  FLYING DUCKS,51
VIP Customers,SET OF 3 CONEY ISLAND OVAL BOXES,3
VIP Customers,SET OF 3 GOLD FLYING DUCKS,1
VIP Customers,SET OF 3 HANGING OWLS OLLIE BEAK,621
VIP Customers,SET OF 3 HEART COOKIE CUTTERS,172
VIP Customers,SET OF 3 NOTEBOOKS IN PARCEL,60
VIP Customers,SET OF 3 PANTRY WOODEN SPOONS,52
VIP Customers,SET OF 3 REGENCY CAKE TINS,190
VIP Customers,SET OF 3 WOODEN HEART DECORATIONS,410
VIP Customers,SET OF 3 WOODEN SLEIGH DECORATIONS,298
VIP Customers,SET OF 3 WOODEN STOCKING DECORATION,281
VIP Customers,SET OF 3 WOODEN TREE DECORATIONS,234
VIP Customers,SET OF 36 DINOSAUR PAPER DOILIES,15
VIP Customers,SET OF 36 DOILIES PANTRY DESIGN,85
VIP Customers,SET OF 36 DOILIES SPACEBOY DESIGN ,5
VIP Customers,SET OF 36 MUSHROOM PAPER DOILIES,7
VIP Customers,SET OF 36 PAISLEY FLOWER DOILIES,97
VIP Customers,SET OF 36 TEATIME PAPER DOILIES,53
VIP Customers,SET OF 36 VINTAGE CHRISTMAS DOILIES,1
VIP Customers,SET OF 4 BLACK LOVEBIRD COASTERS,20
VIP Customers,SET OF 4 CAROUSEL PLACEMATS ,2
VIP Customers,SET OF 4 DIAMOND NAPKIN RINGS,16
VIP Customers,SET OF 4 ENGLISH ROSE COASTERS,197
VIP Customers,SET OF 4 ENGLISH ROSE PLACEMATS,125
VIP Customers,SET OF 4 FAIRY CAKE PLACEMATS,37
VIP Customers,SET OF 4 FAIRY CAKE PLACEMATS ,30
VIP Customers,SET OF 4 GREEN CAROUSEL COASTERS,1
VIP Customers,SET OF 4 JAM JAR MAGNETS,22
VIP Customers,SET OF 4 KNICK KNACK TINS DOILEY ,46
VIP Customers,SET OF 4 KNICK KNACK TINS DOILY ,75
VIP Customers,SET OF 4 KNICK KNACK TINS LEAF,10
VIP Customers,SET OF 4 KNICK KNACK TINS LEAVES ,1
VIP Customers,SET OF 4 KNICK KNACK TINS LONDON ,14
VIP Customers,SET OF 4 KNICK KNACK TINS POPPIES,19
VIP Customers,SET OF 4 NAPKIN CHARMS CROWNS ,6
VIP Customers,SET OF 4 NAPKIN CHARMS CUTLERY,42
VIP Customers,SET OF 4 NAPKIN CHARMS HEARTS,26
VIP Customers,SET OF 4 NAPKIN CHARMS STARS   ,6
VIP Customers,SET OF 4 PANTRY JELLY MOULDS,328
VIP Customers,SET OF 4 PISTACHIO LOVEBIRD COASTER,17
VIP Customers,SET OF 4 POLKADOT COASTERS,4
VIP Customers,SET OF 4 POLKADOT PLACEMATS ,24
VIP Customers,SET OF 4 ROSE BOTANICAL CANDLES,15
VIP Customers,SET OF 4 SANTA PLACE SETTINGS,86
VIP Customers,SET OF 5 LUCKY CAT MAGNETS ,36
VIP Customers,SET OF 5 MINI GROCERY MAGNETS,27
VIP Customers,SET OF 5 PANCAKE DAY MAGNETS,40
VIP Customers,SET OF 6 3D KIT CARDS FOR KIDS,172
VIP Customers,SET OF 6 CAKE CHOPSTICKS,10
VIP Customers,SET OF 6 FUNKY BEAKERS,54
VIP Customers,SET OF 6 GIRLS CELEBRATION CANDLES,26
VIP Customers,SET OF 6 HALLOWEEN GHOST T-LIGHTS,60
VIP Customers,SET OF 6 HEART CHOPSTICKS,44
VIP Customers,SET OF 6 HERB TINS SKETCHBOOK,44
VIP Customers,SET OF 6 KASHMIR FOLKART BAUBLES,52
VIP Customers,SET OF 6 NATIVITY MAGNETS ,539
VIP Customers,SET OF 6 RIBBONS PERFECTLY PRETTY  ,2
VIP Customers,SET OF 6 RIBBONS VINTAGE CHRISTMAS,45
VIP Customers,SET OF 6 SNACK LOAF BAKING CASES,65
VIP Customers,SET OF 6 SOLDIER SKITTLES,22
VIP Customers,SET OF 6 SPICE TINS PANTRY DESIGN,71
VIP Customers,SET OF 6 STRAWBERRY CHOPSTICKS,38
VIP Customers,SET OF 6 T-LIGHTS CACTI ,6
VIP Customers,SET OF 6 T-LIGHTS EASTER CHICKS,13
VIP Customers,SET OF 6 T-LIGHTS SANTA,16
VIP Customers,SET OF 6 T-LIGHTS SNOWMEN,38
VIP Customers,SET OF 6 T-LIGHTS TOADSTOOLS,127
VIP Customers,SET OF 6 T-LIGHTS WEDDING CAKE ,54
VIP Customers,SET OF 6 TEA TIME BAKING CASES,107
VIP Customers,SET OF 6 VINTAGE NOTELETS KIT,6
VIP Customers,SET OF 60 I LOVE LONDON CAKE CASES ,27
VIP Customers,SET OF 60 PANTRY DESIGN CAKE CASES ,367
VIP Customers,SET OF 60 VINTAGE LEAF CAKE CASES ,253
VIP Customers,SET OF 72 GREEN PAPER DOILIES,1
VIP Customers,SET OF 72 PINK HEART PAPER DOILIES,132
VIP Customers,SET OF 72 RETROSPOT PAPER  DOILIES,85
VIP Customers,SET OF 72 SKULL PAPER  DOILIES,8
VIP Customers,SET OF 9 BLACK SKULL BALLOONS,68
VIP Customers,SET OF 9 HEART SHAPED BALLOONS,64
VIP Customers,SET OF PICTURE FRAME  STICKERS,18
VIP Customers,SET OF SALT AND PEPPER TOADSTOOLS,101
VIP Customers,SET OF SKULL WALL STICKERS,2
VIP Customers,SET OF TEA COFFEE SUGAR TINS PANTRY,69
VIP Customers,SET/10 BLUE POLKADOT PARTY CANDLES,152
VIP Customers,SET/10 IVORY POLKADOT PARTY CANDLES,18
VIP Customers,SET/10 PINK POLKADOT PARTY CANDLES,167
VIP Customers,SET/10 RED POLKADOT PARTY CANDLES,156
VIP Customers,SET/12 FUNKY FELT FLOWER PEG IN BAG,6
VIP Customers,SET/12 TAPER CANDLES,136
VIP Customers,SET/2 RED RETROSPOT TEA TOWELS ,156
VIP Customers,SET/20 RED RETROSPOT PAPER NAPKINS ,337
VIP Customers,SET/20 STRAWBERRY PAPER NAPKINS ,46
VIP Customers,SET/3 CHRISTMAS DECOUPAGE CANDLES,60
VIP Customers,SET/3 DECOUPAGE STACKING TINS,13
VIP Customers,SET/3 OCEAN SCENT CANDLE JEWEL BOX,20
VIP Customers,SET/3 POLKADOT STACKING TINS,2
VIP Customers,SET/3 POT PLANT CANDLES,4
VIP Customers,SET/3 RABBITS FLOWER SKIPPPING ROPE,1
VIP Customers,SET/3 RED GINGHAM ROSE STORAGE BOX,66
VIP Customers,SET/3 ROSE CANDLE IN JEWELLED BOX,6
VIP Customers,SET/3 VANILLA SCENTED CANDLE IN BOX,25
VIP Customers,SET/4 BADGES BALLOON GIRL,10
VIP Customers,SET/4 BADGES BEETLES,20
VIP Customers,SET/4 BADGES DOGS,24
VIP Customers,SET/4 BIRD MIRROR MAGNETS ,5
VIP Customers,SET/4 BUTTERFLY MIRROR MAGNETS,3
VIP Customers,SET/4 COLOURFUL MIXING BOWLS,16
VIP Customers,SET/4 DAISY MIRROR MAGNETS,3
VIP Customers,SET/4 RED MINI ROSE CANDLE IN BOWL,24
VIP Customers,SET/4 SKULL BADGES,39
VIP Customers,SET/4 SPRING FLOWER DECORATION,67
VIP Customers,SET/4 WHITE RETRO STORAGE CUBES ,31
VIP Customers,SET/5 RED RETROSPOT LID GLASS BOWLS,166
VIP Customers,SET/6 BEAD COASTERS GAUZE BAG GOLD,39
VIP Customers,SET/6 BLACK BIRD T-LIGHT CANDLES,7
VIP Customers,SET/6 COLLAGE PAPER CUPS,59
VIP Customers,SET/6 COLLAGE PAPER PLATES,80
VIP Customers,SET/6 EAU DE NIL BIRD T-LIGHTS,27
VIP Customers,SET/6 FROG PRINCE T-LIGHT CANDLES,4
VIP Customers,SET/6 FRUIT SALAD PAPER CUPS,2
VIP Customers,SET/6 GREEN SPRING PAPER CUPS,2
VIP Customers,SET/6 PINK  BUTTERFLY T-LIGHTS,109
VIP Customers,SET/6 PINK BIRD T-LIGHT CANDLES,18
VIP Customers,SET/6 POSIES PAPER PLATES,11
VIP Customers,SET/6 PURPLE BUTTERFLY T-LIGHTS,108
VIP Customers,SET/6 RED SPOTTY PAPER CUPS,52
VIP Customers,SET/6 RED SPOTTY PAPER PLATES,74
VIP Customers,SET/6 TURQUOISE BUTTERFLY T-LIGHTS,81
VIP Customers,SET3 BOOK BOX GREEN GINGHAM FLOWER ,49
VIP Customers,SEWING BOX RETROSPOT DESIGN ,21
VIP Customers,SEWING SUSAN 21 NEEDLE SET,12
VIP Customers,SHELF WITH 4 HOOKS HOME SWEET HOME,22
VIP Customers,SHOE SHINE BOX ,22
VIP Customers,"SILICON CUBE 25W, BLUE",1
VIP Customers,SILICON STAR BULB  BLUE,1
VIP Customers,SILK PURSE BABUSHKA BLUE,7
VIP Customers,SILK PURSE BABUSHKA PINK,5
VIP Customers,SILK PURSE BABUSHKA RED,5
VIP Customers,SILVER BELLS TABLE DECORATION,60
VIP Customers,SILVER BLACK ORBIT DROP EARRINGS,2
VIP Customers,SILVER CHRISTMAS TREE BAUBLE STAND ,15
VIP Customers,SILVER DIAMANTE PEN IN GIFT BOX,6
VIP Customers,SILVER DISCO HANDBAG,3
VIP Customers,SILVER FABRIC MIRROR,22
VIP Customers,SILVER FISHING GNOME ,2
VIP Customers,SILVER FLOWR PINK SHELL NECKLACE,51
VIP Customers,SILVER GLASS T-LIGHT SET,1
VIP Customers,SILVER HANGING T-LIGHT HOLDER,1742
VIP Customers,SILVER HEARTS TABLE DECORATION,36
VIP Customers,SILVER HOOP EARRINGS WITH FLOWER,6
VIP Customers,SILVER LARIAT BLACK STONE EARRINGS,1
VIP Customers,SILVER M.O.P ORBIT DROP EARRINGS,2
VIP Customers,SILVER MUG BONE CHINA TREE OF LIFE,18
VIP Customers,SILVER OVAL SHAPE TRINKET BOX,1
VIP Customers,SILVER PHOTO FRAME,8
VIP Customers,SILVER PLATE CANDLE BOWL SMALL,18
VIP Customers,SILVER RECORD COVER FRAME,30
VIP Customers,SILVER ROCCOCO CHANDELIER,2
VIP Customers,SILVER STANDING GNOME   ,8
VIP Customers,SILVER STARS TABLE DECORATION,78
VIP Customers,SILVER T-LIGHT SETTING,39
VIP Customers,SILVER TEDDY BEAR,2
VIP Customers,SILVER VANILLA  FLOWER CANDLE POT,1
VIP Customers,SILVER/NAT SHELL NECKLACE W PENDANT,1
VIP Customers,SINGLE ANTIQUE ROSE HOOK IVORY,263
VIP Customers,SINGLE HEART ZINC T-LIGHT HOLDER,167
VIP Customers,SINGLE WIRE HOOK IVORY HEART,25
VIP Customers,SINGLE WIRE HOOK PINK HEART,20
VIP Customers,SKETCHBOOK MAGNETIC SHOPPING LIST,79
VIP Customers,SKULL AND CROSSBONES  GARLAND ,3
VIP Customers,SKULL DESIGN TV DINNER TRAY,88
VIP Customers,SKULL LUNCH BOX WITH CUTLERY ,171
VIP Customers,SKULL SHOULDER BAG,240
VIP Customers,SKULLS  DESIGN  COTTON TOTE BAG,9
VIP Customers,SKULLS  STICKERS,73
VIP Customers,SKULLS  WATER TRANSFER TATTOOS ,29
VIP Customers,SKULLS AND CROSSBONES WRAP,300
VIP Customers,SKULLS DESIGN FLANNEL,20
VIP Customers,SKULLS GREETING CARD,120
VIP Customers,SKULLS PARTY BAG + STICKER SET,25
VIP Customers,SKULLS SQUARE TISSUE BOX,3
VIP Customers,SKULLS STORAGE BOX LARGE,7
VIP Customers,SKULLS STORAGE BOX SMALL,12
VIP Customers,SKULLS TAPE,30
VIP Customers,SKULLS WRITING SET ,34
VIP Customers,SLATE TILE NATURAL HANGING,64
VIP Customers,SLEEPING CAT ERASERS,132
VIP Customers,SMALL BONNE JAM JAR  T-LIGHT HOLDER,24
VIP Customers,SMALL CERAMIC TOP STORAGE JAR ,395
VIP Customers,SMALL CHINESE STYLE SCISSOR,22
VIP Customers,SMALL CHOCOLATES PINK BOWL,54
VIP Customers,SMALL DECO JEWELLERY STAND,6
VIP Customers,SMALL DOLLY MIX DESIGN ORANGE BOWL,209
VIP Customers,SMALL FOLDING SCISSOR(POINTED EDGE),306
VIP Customers,SMALL FOLKART STAR CHRISTMAS DEC,13
VIP Customers,SMALL GLASS HEART TRINKET POT,170
VIP Customers,SMALL GLASS SUNDAE DISH CLEAR,48
VIP Customers,SMALL HAMMERED SILVER CANDLEPOT ,18
VIP Customers,SMALL HANGING IVORY/RED WOOD BIRD,127
VIP Customers,SMALL HEART FLOWERS HOOK ,96
VIP Customers,SMALL HEART MEASURING SPOONS,174
VIP Customers,SMALL IVORY HEART WALL ORGANISER,10
VIP Customers,SMALL KITCHEN FLOWER POTS PLAQUE,2
VIP Customers,SMALL LICORICE DES PINK BOWL,2
VIP Customers,SMALL MARSHMALLOWS PINK BOWL,186
VIP Customers,SMALL MEDINA STAMPED METAL BOWL ,10
VIP Customers,SMALL PARISIENNE HEART PHOTO FRAME ,39
VIP Customers,SMALL PINK GLASS SUNDAE DISH,6
VIP Customers,SMALL PINK MAGIC CHRISTMAS TREE,181
VIP Customers,SMALL POLKADOT CHOCOLATE GIFT BAG ,288
VIP Customers,SMALL POP BOX FUNKY MONKEY,72
VIP Customers,"SMALL POP BOX,FUNKY MONKEY",1
VIP Customers,SMALL POPCORN HOLDER,549
VIP Customers,SMALL PURPLE BABUSHKA NOTEBOOK ,274
VIP Customers,SMALL RED BABUSHKA NOTEBOOK ,151
VIP Customers,SMALL RED RETROSPOT MUG IN BOX ,432
VIP Customers,SMALL RED RETROSPOT WINDMILL,31
VIP Customers,SMALL ROUND CUT GLASS CANDLESTICK,1
VIP Customers,SMALL SILVER FLOWER CANDLE POT,6
VIP Customers,SMALL SILVER TRELLIS CANDLEPOT,12
VIP Customers,SMALL SKULL WINDMILL,4
VIP Customers,SMALL SQUARE CUT GLASS CANDLESTICK,4
VIP Customers,SMALL STRIPES CHOCOLATE GIFT BAG ,16
VIP Customers,SMALL WHITE HEART OF WICKER,67
VIP Customers,SMALL WHITE RETROSPOT MUG IN BOX ,396
VIP Customers,SMALL YELLOW BABUSHKA NOTEBOOK ,175
VIP Customers,SMALL ZINC HEART WALL ORGANISER,1
VIP Customers,SMALLFOLKART BAUBLE CHRISTMAS DEC,96
VIP Customers,SMOKEY GREY COLOUR D.O.F. GLASS,24
VIP Customers,SNACK TRAY I LOVE LONDON,1
VIP Customers,SNACK TRAY RED VINTAGE DOILY,1
VIP Customers,SNOWFLAKE PORTABLE TABLE LIGHT ,44
VIP Customers,SNOWSTORM PHOTO FRAME FRIDGE MAGNET,30
VIP Customers,SOAP DISH BROCANTE,27
VIP Customers,SOFT PINK ROSE TOWEL ,4
VIP Customers,SOLDIERS EGG CUP ,9
VIP Customers,SOMBRERO ,5
VIP Customers,SPACE BOY CHILDRENS CUP,2
VIP Customers,SPACE CADET WHITE,1
VIP Customers,SPACE FROG,12
VIP Customers,SPACE OWL,20
VIP Customers,SPACEBOY BEAKER,30
VIP Customers,SPACEBOY BIRTHDAY CARD,192
VIP Customers,SPACEBOY CHILDRENS BOWL,39
VIP Customers,SPACEBOY CHILDRENS CUP,38
VIP Customers,SPACEBOY CHILDRENS EGG CUP,12
VIP Customers,SPACEBOY GIFT WRAP,200
VIP Customers,SPACEBOY LUNCH BOX ,312
VIP Customers,SPACEBOY MINI BACKPACK,24
VIP Customers,SPACEBOY MINI RUCKSACK,4
VIP Customers,SPACEBOY ROCKET LOLLY MAKERS,11
VIP Customers,SPACEBOY TV DINNER TRAY,17
VIP Customers,SPACEBOY WALL ART,6
VIP Customers,SPOTTED WHITE NATURAL SEED NECKLACE,6
VIP Customers,SPOTTY BUNTING,238
VIP Customers,SPOTTY PINK DUCK DOORSTOP,22
VIP Customers,SQUARE FLOOR CUSHION VINTAGE RED,19
VIP Customers,SQUARE METAL CANDLEHOLDER BASE,6
VIP Customers,SQUARE MINI PORTRAIT FRAME,32
VIP Customers,SQUARECUSHION COVER PINK UNION FLAG,1
VIP Customers,SQUARECUSHION COVER PINK UNION JACK,2
VIP Customers,ST GEORGE SET OF 10 PARTY LIGHTS,1
VIP Customers,STANDING FAIRY POLE SUPPORT ,6
VIP Customers,STAR  T-LIGHT HOLDER ,48
VIP Customers,STAR DECORATION PAINTED ZINC ,440
VIP Customers,STAR DECORATION RUSTIC,19
VIP Customers,STAR PORTABLE TABLE LIGHT ,11
VIP Customers,STAR T-LIGHT HOLDER WILLIE WINKIE,50
VIP Customers,STAR WOODEN CHRISTMAS DECORATION,219
VIP Customers,STAR WREATH DECORATION WITH BELL,63
VIP Customers,STARFISH SOAP DISH,2
VIP Customers,STARS GIFT TAPE ,27
VIP Customers,STOOL HOME SWEET HOME ,17
VIP Customers,STOP FOR TEA WALL ART,3
VIP Customers,STORAGE TIN HOME SWEET HOME,6
VIP Customers,STORAGE TIN VINTAGE DOILY ,12
VIP Customers,STORAGE TIN VINTAGE LEAF,13
VIP Customers,STRAWBERRIES  DESIGN FLANNEL ,13
VIP Customers,STRAWBERRY   PICNIC BAG,26
VIP Customers,STRAWBERRY BATH SPONGE ,66
VIP Customers,STRAWBERRY CERAMIC TRINKET BOX,191
VIP Customers,STRAWBERRY CERAMIC TRINKET POT,27
VIP Customers,STRAWBERRY CHARLOTTE BAG,321
VIP Customers,STRAWBERRY DREAM CHILDS UMBRELLA,3
VIP Customers,STRAWBERRY HONEYCOMB  GARLAND ,11
VIP Customers,STRAWBERRY LUNCH BOX WITH CUTLERY,330
VIP Customers,STRAWBERRY RAFFIA FOOD COVER,53
VIP Customers,STRAWBERRY SHOPPER BAG,100
VIP Customers,"STRING OF 8 BUTTERFLIES,PINK",2
VIP Customers,STRIPES DESIGN MONKEY DOLL,4
VIP Customers,STRIPEY CHOCOLATE NESTING BOXES,1
VIP Customers,STRIPY DESIGN SHOWER CAP,13
VIP Customers,SUKI  SHOULDER BAG,121
VIP Customers,SUMMER DAISIES BAG CHARM,1
VIP Customers,SUMMER FUN DESIGN SHOWER CAP,24
VIP Customers,SUNFLOWER DECORATIVE PARASOL,1
VIP Customers,SUNSET CHECK HAMMOCK,6
VIP Customers,SWALLOW SQUARE TISSUE BOX,103
VIP Customers,SWALLOW WOODEN CHRISTMAS DECORATION,229
VIP Customers,SWALLOWS GREETING CARD,228
VIP Customers,SWEET PUDDING STICKER SHEET,6
VIP Customers,SWEETHEART 3 TIER CAKE STAND ,16
VIP Customers,SWEETHEART BIRD HOUSE,8
VIP Customers,SWEETHEART CAKESTAND 3 TIER,32
VIP Customers,SWEETHEART CERAMIC TRINKET BOX,136
VIP Customers,SWEETHEART RECIPE BOOK STAND,68
VIP Customers,SWEETHEART WALL TIDY ,2
VIP Customers,SWEETHEART WIRE FRUIT BOWL,14
VIP Customers,SWEETHEART WIRE MAGAZINE RACK,24
VIP Customers,SWEETHEART WIRE WALL TIDY,8
VIP Customers,SWEETIES  STICKERS,14
VIP Customers,SWIRLY CIRCULAR RUBBERS IN BAG,1
VIP Customers,SWISS CHALET TREE DECORATION ,36
VIP Customers,"SWISS ROLL TOWEL, CHOCOLATE  SPOTS",26
VIP Customers,"SWISS ROLL TOWEL, PINK  SPOTS",1
VIP Customers,T-LIGHT GLASS FLUTED ANTIQUE,99
VIP Customers,T-LIGHT HOLDER HANGING LACE,7
VIP Customers,T-LIGHT HOLDER HANGING LOVE BIRD,67
VIP Customers,T-LIGHT HOLDER SILVER PETIT FOUR ,1
VIP Customers,T-LIGHT HOLDER WHITE LACE,73
VIP Customers,TABLECLOTH RED APPLES DESIGN ,15
VIP Customers,TALL ROCOCO CANDLE HOLDER,4
VIP Customers,TEA BAG PLATE RED RETROSPOT,184
VIP Customers,TEA COSY BLUE STRIPE,23
VIP Customers,TEA COSY RED  STRIPE,28
VIP Customers,TEA FOR ONE POLKADOT,44
VIP Customers,TEA PARTY  WRAPPING PAPER ,50
VIP Customers,TEA PARTY BIRTHDAY CARD,228
VIP Customers,TEA TIME DES TEA COSY,54
VIP Customers,TEA TIME KITCHEN APRON,26
VIP Customers,TEA TIME OVEN GLOVE,94
VIP Customers,TEA TIME PARTY BUNTING,77
VIP Customers,TEA TIME TABLE CLOTH,9
VIP Customers,TEA TIME TEA SET IN GIFT BOX,10
VIP Customers,TEA TIME TEAPOT IN GIFT BOX,38
VIP Customers,TEATIME PUSH DOWN RUBBER,48
VIP Customers,TEATIME ROUND PENCIL SHARPENER ,144
VIP Customers,THREE CANVAS LUGGAGE TAGS,14
VIP Customers,THREE MINI HANGING FRAMES,5
VIP Customers,TOADSTOOL BEDSIDE LIGHT ,7
VIP Customers,TOADSTOOL MONEY BOX,35
VIP Customers,TOAST ITS - BEST MUM,21
VIP Customers,TOAST ITS - DINOSAUR,6
VIP Customers,TOAST ITS - FAIRY FLOWER,26
VIP Customers,TOAST ITS - HAPPY BIRTHDAY,1
VIP Customers,TOAST ITS - I LOVE YOU ,36
VIP Customers,TOILET METAL SIGN,157
VIP Customers,TOILET SIGN OCCUPIED OR VACANT,233
VIP Customers,TOMATO CHARLIE+LOLA COASTER SET,21
VIP Customers,TOOL BOX SOFT TOY ,11
VIP Customers,TOOTHPASTE TUBE PEN,12
VIP Customers,TOTE BAG I LOVE LONDON,17
VIP Customers,TOXIC AREA  DOOR HANGER ,58
VIP Customers,TOY TIDY DOLLY GIRL DESIGN,6
VIP Customers,TOY TIDY PINK POLKADOT,85
VIP Customers,TOY TIDY SPACEBOY  ,74
VIP Customers,TRADITIONAL CHRISTMAS RIBBONS,37
VIP Customers,TRADITIONAL KNITTING NANCY,64
VIP Customers,TRADITIONAL MODELLING CLAY,465
VIP Customers,TRADITIONAL NAUGHTS & CROSSES,50
VIP Customers,TRADITIONAL PICK UP STICKS GAME ,10
VIP Customers,TRADITIONAL WOODEN CATCH CUP GAME ,106
VIP Customers,TRADITIONAL WOODEN SKIPPING ROPE,70
VIP Customers,TRADTIONAL ALPHABET STAMP SET,40
VIP Customers,TRAVEL CARD WALLET FLOWER MEADOW,66
VIP Customers,TRAVEL CARD WALLET I LOVE LONDON,20
VIP Customers,TRAVEL CARD WALLET KEEP CALM,171
VIP Customers,TRAVEL CARD WALLET PANTRY,58
VIP Customers,TRAVEL CARD WALLET RETRO PETALS,53
VIP Customers,TRAVEL CARD WALLET RETROSPOT,75
VIP Customers,TRAVEL CARD WALLET SKULLS,80
VIP Customers,TRAVEL CARD WALLET SUKI,69
VIP Customers,TRAVEL CARD WALLET TRANSPORT,91
VIP Customers,TRAVEL CARD WALLET UNION JACK,52
VIP Customers,TRAVEL CARD WALLET VINTAGE LEAF,27
VIP Customers,TRAVEL CARD WALLET VINTAGE ROSE ,28
VIP Customers,TRAVEL CARD WALLET VINTAGE TICKET,103
VIP Customers,TRAVEL SEWING KIT,128
VIP Customers,"TRAY, BREAKFAST IN BED",13
VIP Customers,TREASURE AHOY WALL ART,6
VIP Customers,TREASURE ISLAND BOOK BOX,39
VIP Customers,TREASURE TIN BUFFALO BILL ,26
VIP Customers,TREASURE TIN GYMKHANA DESIGN,97
VIP Customers,TREE T-LIGHT HOLDER WILLIE WINKIE,12
VIP Customers,TRIANGULAR POUFFE VINTAGE ,8
VIP Customers,TRIPLE HOOK ANTIQUE IVORY ROSE,92
VIP Customers,TRIPLE PHOTO FRAME CORNICE ,48
VIP Customers,TRIPLE WIRE HOOK IVORY HEART,5
VIP Customers,TRIPLE WIRE HOOK PINK HEART,2
VIP Customers,TROPICAL  HONEYCOMB PAPER GARLAND ,33
VIP Customers,TROPICAL LUGGAGE TAG,4
VIP Customers,TROPICAL PASSPORT COVER ,22
VIP Customers,TUB 24 PINK FLOWER PEGS,2
VIP Customers,TUMBLER BAROQUE,12
VIP Customers,TUMBLER NEW ENGLAND,58
VIP Customers,"TUMBLER, NEW ENGLAND",12
VIP Customers,TURQ ICE CREAM BUM BAG ,1
VIP Customers,TURQ PENDANT TRIPLE SHELL NECKLACE,3
VIP Customers,TURQ+RED BOUDICCA LARGE BRACELET,2
VIP Customers,TUSCAN VILLA DOVECOTE BIRD FEEDER,1
VIP Customers,TV DINNER TRAY AIR HOSTESS ,3
VIP Customers,TV DINNER TRAY DOLLY GIRL,25
VIP Customers,TV DINNER TRAY VINTAGE PAISLEY,28
VIP Customers,TWO DOOR CURIO CABINET,13
VIP Customers,UNION JACK FLAG LUGGAGE TAG,49
VIP Customers,UNION JACK FLAG PASSPORT COVER ,13
VIP Customers,UNION STRIPE CUSHION COVER ,44
VIP Customers,UNION STRIPE WITH FRINGE  HAMMOCK,14
VIP Customers,VANILLA INCENSE 40 CONES IN TIN,14
VIP Customers,VANILLA INCENSE IN TIN,118
VIP Customers,VANILLA SCENT CANDLE JEWELLED BOX,416
VIP Customers,VICTORIAN  METAL POSTCARD SPRING,651
VIP Customers,VICTORIAN GLASS HANGING T-LIGHT,1593
VIP Customers,VICTORIAN SEWING BOX LARGE,91
VIP Customers,VICTORIAN SEWING BOX MEDIUM,21
VIP Customers,VICTORIAN SEWING BOX SMALL ,79
VIP Customers,VICTORIAN SEWING KIT,60
VIP Customers,VINTAGE  2 METER FOLDING RULER,25
VIP Customers,VINTAGE  2 METRE FOLDING RULER,7
VIP Customers,VINTAGE BEAD NOTEBOOK,12
VIP Customers,VINTAGE BEAD PINK EVENING BAG,50
VIP Customers,VINTAGE BEAD PINK PURSE ,33
VIP Customers,VINTAGE BEAD PINK SCARF ,12
VIP Customers,VINTAGE BEAD PINK SHADE ,1
VIP Customers,VINTAGE BELLS GARLAND,35
VIP Customers,VINTAGE BILLBOARD DRINK ME MUG,12
VIP Customers,VINTAGE BILLBOARD LOVE/HATE MUG,17
VIP Customers,VINTAGE BILLBOARD MUG ,18
VIP Customers,VINTAGE BILLBOARD TEA MUG,2
VIP Customers,VINTAGE CARAVAN GIFT WRAP,50
VIP Customers,VINTAGE CARAVAN GREETING CARD ,72
VIP Customers,VINTAGE CHRISTMAS BUNTING,83
VIP Customers,VINTAGE CHRISTMAS CAKE FRILL,24
VIP Customers,VINTAGE CHRISTMAS GIFT BAG LARGE ,12
VIP Customers,VINTAGE CHRISTMAS GIFT SACK,23
VIP Customers,VINTAGE CHRISTMAS PAPER GIFT BAG,50
VIP Customers,VINTAGE CHRISTMAS STOCKING ,67
VIP Customers,VINTAGE CHRISTMAS TABLECLOTH,24
VIP Customers,VINTAGE COFFEE GRINDER BOX,12
VIP Customers,VINTAGE CREAM 3 BASKET CAKE STAND,83
VIP Customers,VINTAGE CREAM CAT FOOD CONTAINER,28
VIP Customers,VINTAGE CREAM DOG FOOD CONTAINER,78
VIP Customers,VINTAGE DOILY DELUXE SEWING KIT ,33
VIP Customers,VINTAGE DOILY JUMBO BAG RED ,26
VIP Customers,VINTAGE DOILY TRAVEL SEWING KIT,57
VIP Customers,VINTAGE DONKEY TAIL GAME ,38
VIP Customers,VINTAGE EMBOSSED HEART,51
VIP Customers,VINTAGE GLASS COFFEE CADDY,3
VIP Customers,VINTAGE GLASS T-LIGHT HOLDER,75
VIP Customers,VINTAGE GLASS TEA CADDY,1
VIP Customers,VINTAGE HEADS AND TAILS CARD GAME ,146
VIP Customers,VINTAGE JINGLE BELLS HEART,5
VIP Customers,VINTAGE JINGLE BELLS WREATH,4
VIP Customers,VINTAGE KEEPSAKE BOX PARIS DAYS,1
VIP Customers,VINTAGE KID DOLLY CARD ,156
VIP Customers,VINTAGE KITCHEN PRINT FRUITS,6
VIP Customers,VINTAGE KITCHEN PRINT VEGETABLES,1
VIP Customers,VINTAGE LEAF CHOPPING BOARD  ,10
VIP Customers,VINTAGE LEAF MAGNETIC NOTEPAD,76
VIP Customers,VINTAGE NOTEBOOK BEAUTY GIRL,1
VIP Customers,VINTAGE NOTEBOOK PARIS DAYS,2
VIP Customers,VINTAGE NOTEBOOK TRAVELOGUE,1
VIP Customers,VINTAGE PAISLEY STATIONERY SET,35
VIP Customers,VINTAGE PHOTO ALBUM PARIS DAYS,6
VIP Customers,VINTAGE RED ENAMEL TRIM JUG ,33
VIP Customers,VINTAGE RED ENAMEL TRIM MUG ,85
VIP Customers,VINTAGE RED ENAMEL TRIM PLATE,37
VIP Customers,VINTAGE RED MUG,60
VIP Customers,VINTAGE RED TEATIME MUG,21
VIP Customers,VINTAGE RED TRIM ENAMEL BOWL ,73
VIP Customers,VINTAGE ROSE BEAD BRACELET RASPBERR,1
VIP Customers,VINTAGE SEASIDE JIGSAW PUZZLES,16
VIP Customers,VINTAGE SHELLS PRINT,1
VIP Customers,VINTAGE SNAKES & LADDERS,97
VIP Customers,VINTAGE SNAP CARDS,863
VIP Customers,VINTAGE UNION JACK APRON,2
VIP Customers,VINTAGE UNION JACK BUNTING,71
VIP Customers,VINTAGE UNION JACK CUSHION COVER,9
VIP Customers,VINTAGE UNION JACK DOORSTOP,10
VIP Customers,VINTAGE UNION JACK MEMOBOARD,15
VIP Customers,VINTAGE UNION JACK PENNANT,120
VIP Customers,VINTAGE UNION JACK SHOPPING BAG,3
VIP Customers,VINTAGE WOODEN BAR STOOL,2
VIP Customers,VINTAGE ZINC PLANTER  ,6
VIP Customers,VINYL RECORD FRAME SILVER,201
VIP Customers,VIP PASSPORT COVER ,14
VIP Customers,VIPPASSPORT COVER ,7
VIP Customers,WAKE UP COCKEREL TILE COASTER,121
VIP Customers,"WALL ART , LOVES' SECRET ",4
VIP Customers,"WALL ART ,PUDDINGS ",6
VIP Customers,WALL ART 70'S ALPHABET ,14
VIP Customers,WALL ART BICYCLE SAFETY,1
VIP Customers,WALL ART BIG LOVE ,4
VIP Customers,WALL ART CLASSIC PUDDINGS ,4
VIP Customers,WALL ART DOG AND BALL ,12
VIP Customers,WALL ART DOG LICENCE ,8
VIP Customers,WALL ART DOLLY GIRL ,6
VIP Customers,WALL ART HORSE & PONY ,6
VIP Customers,WALL ART I LOVE LONDON ,1
VIP Customers,WALL ART LOVES' SECRET ,5
VIP Customers,WALL ART ONLY ONE PERSON ,6
VIP Customers,WALL ART SPACEBOY,6
VIP Customers,WALL ART STOP FOR TEA ,7
VIP Customers,WALL ART TREASURE AHOY ,6
VIP Customers,WALL ART VILLAGE SHOW ,8
VIP Customers,WALL ART VINTAGE HEART,1
VIP Customers,WALL ART WORK REST AND PLAY  ,3
VIP Customers,"WALL ART,ONLY ONE PERSON ",6
VIP Customers,WALL MIRROR RECTANGLE DIAMANTE PINK,3
VIP Customers,WALL TIDY RETROSPOT ,27
VIP Customers,WASH BAG VINTAGE ROSE PAISLEY,13
VIP Customers,WASHROOM METAL SIGN,56
VIP Customers,WATERING CAN BLUE ELEPHANT,45
VIP Customers,WATERING CAN GARDEN MARKER,49
VIP Customers,WATERING CAN GREEN DINOSAUR,24
VIP Customers,WATERING CAN PINK BUNNY,25
VIP Customers,WAY OUT METAL SIGN ,18
VIP Customers,WELCOME  WOODEN BLOCK LETTERS,16
VIP Customers,WHEELBARROW FOR CHILDREN ,8
VIP Customers,WHITE 3 FRAME BIRDS AND TREE ,3
VIP Customers,WHITE AND BLUE CERAMIC OIL BURNER,12
VIP Customers,WHITE BAMBOO RIBS LAMPSHADE,253
VIP Customers,WHITE BAROQUE WALL CLOCK ,3
VIP Customers,WHITE BELL HONEYCOMB PAPER ,1
VIP Customers,WHITE BELL HONEYCOMB PAPER GARLAND ,22
VIP Customers,WHITE BROCANTE SOAP DISH,13
VIP Customers,WHITE CHRISTMAS STAR DECORATION,36
VIP Customers,WHITE ENAMEL FLOWER HAIR TIE,6
VIP Customers,WHITE FRANGIPANI NECKLACE,14
VIP Customers,WHITE GOOSE FEATHER CHRISTMAS TREE ,31
VIP Customers,WHITE GOOSE FEATHER TREE 60CM ,21
VIP Customers,WHITE HANGING HEART T-LIGHT HOLDER,1129
VIP Customers,WHITE HEART CONFETTI IN TUBE,26
VIP Customers,WHITE HEARTS WIRE PLANT POT HOLDER,9
VIP Customers,WHITE HONEYCOMB PAPER GARLAND ,20
VIP Customers,WHITE JEWELLED HEART DECORATION,24
VIP Customers,WHITE LOVEBIRD LANTERN,23
VIP Customers,WHITE METAL LANTERN,45
VIP Customers,WHITE MOROCCAN METAL LANTERN,4
VIP Customers,WHITE ROCKING HORSE HAND PAINTED,299
VIP Customers,WHITE SAGE INCENSE,50
VIP Customers,WHITE SKULL HOT WATER BOTTLE ,197
VIP Customers,WHITE SOAP RACK WITH 2 BOTTLES,2
VIP Customers,WHITE SPOT BLUE CERAMIC DRAWER KNOB,778
VIP Customers,WHITE SPOT RED CERAMIC DRAWER KNOB,769
VIP Customers,WHITE SQUARE TABLE CLOCK,18
VIP Customers,WHITE STITCHED CUSHION COVER,4
VIP Customers,WHITE STITCHED WALL CLOCK,20
VIP Customers,WHITE TALL PORCELAIN T-LIGHT HOLDER,36
VIP Customers,"WHITE TEA,COFFEE,SUGAR JARS",49
VIP Customers,WHITE TISSUE REAM,1
VIP Customers,WHITE TRAVEL ALARM CLOCK,62
VIP Customers,WHITE WICKER STAR ,34
VIP Customers,WHITE WIRE EGG HOLDER,90
VIP Customers,WHITE WOOD GARDEN PLANT LADDER,35
VIP Customers,WHITE/PINK CHICK DECORATION,144
VIP Customers,WHITE/PINK CHICK EASTER DECORATION,4
VIP Customers,WICKER STAR ,85
VIP Customers,WICKER WREATH LARGE,31
VIP Customers,WICKER WREATH SMALL,9
VIP Customers,WIRE EGG BASKET ,13
VIP Customers,WOOD 2 DRAWER CABINET WHITE FINISH,199
VIP Customers,WOOD BLACK BOARD ANT WHITE FINISH,172
VIP Customers,WOOD S/3 CABINET ANT WHITE FINISH,121
VIP Customers,WOOD STAMP SET BEST WISHES,53
VIP Customers,WOOD STAMP SET FLOWERS,61
VIP Customers,WOOD STAMP SET HAPPY BIRTHDAY,45
VIP Customers,WOOD STAMP SET THANK YOU,83
VIP Customers,WOOD STOCKING CHRISTMAS SCANDISPOT,55
VIP Customers,WOODEN ADVENT CALENDAR CREAM,15
VIP Customers,WOODEN ADVENT CALENDAR RED,62
VIP Customers,WOODEN BOX OF DOMINOES,287
VIP Customers,WOODEN CROQUET GARDEN SET,60
VIP Customers,WOODEN FRAME ANTIQUE WHITE ,286
VIP Customers,WOODEN HAPPY BIRTHDAY GARLAND,105
VIP Customers,WOODEN HEART CHRISTMAS SCANDINAVIAN,615
VIP Customers,WOODEN OWLS LIGHT GARLAND ,688
VIP Customers,WOODEN PICTURE FRAME WHITE FINISH,467
VIP Customers,WOODEN REGATTA BUNTING,20
VIP Customers,WOODEN ROUNDERS GARDEN SET ,18
VIP Customers,WOODEN SCHOOL COLOURING SET,450
VIP Customers,WOODEN SKITTLES GARDEN SET,9
VIP Customers,WOODEN STAR CHRISTMAS SCANDINAVIAN,914
VIP Customers,WOODEN TREE CHRISTMAS SCANDINAVIAN,466
VIP Customers,WOODEN UNION JACK BUNTING,108
VIP Customers,WOODLAND  HEIGHT CHART STICKERS ,15
VIP Customers,WOODLAND  STICKERS,31
VIP Customers,WOODLAND BUNNIES LOLLY MAKERS,14
VIP Customers,WOODLAND CHARLOTTE BAG,484
VIP Customers,WOODLAND DESIGN  COTTON TOTE BAG,7
VIP Customers,WOODLAND MINI BACKPACK,4
VIP Customers,WOODLAND MINI RUCKSACK ,4
VIP Customers,WOODLAND PARTY BAG + STICKER SET,31
VIP Customers,WOODLAND SMALL PINK FELT HEART,24
VIP Customers,WOODLAND SMALL RED FELT HEART,24
VIP Customers,WOODLAND STORAGE BOX LARGE ,2
VIP Customers,WOODLAND STORAGE BOX SMALL,1
VIP Customers,WORLD WAR 2 GLIDERS ASSTD DESIGNS,912
VIP Customers,WOVEN ROSE GARDEN CUSHION COVER ,2
VIP Customers,WOVEN SUNSET CUSHION COVER ,4
VIP Customers,WRAP  VINTAGE DOILY ,25
VIP Customers,WRAP 50'S  CHRISTMAS,176
VIP Customers,WRAP ALPHABET DESIGN,525
VIP Customers,WRAP ALPHABET POSTER  ,25
VIP Customers,WRAP BAD HAIR DAY,25
VIP Customers,WRAP BILLBOARD FONTS DESIGN,100
VIP Customers,WRAP BIRD GARDEN ,125
VIP Customers,WRAP CAROUSEL,25
VIP Customers,WRAP CHRISTMAS SCREEN PRINT,250
VIP Customers,WRAP CHRISTMAS VILLAGE,201
VIP Customers,WRAP CIRCUS PARADE,25
VIP Customers,WRAP COWBOYS  ,25
VIP Customers,WRAP DAISY CARPET ,25
VIP Customers,WRAP DOILEY DESIGN,100
VIP Customers,WRAP DOLLY GIRL,50
VIP Customers,WRAP ENGLISH ROSE ,250
VIP Customers,WRAP FLOWER SHOP  ,50
VIP Customers,WRAP FOLK ART,25
VIP Customers,WRAP GINGHAM ROSE ,50
VIP Customers,WRAP GREEN PEARS ,125
VIP Customers,WRAP GREEN RUSSIAN FOLKART ,25
VIP Customers,WRAP I LOVE LONDON ,100
VIP Customers,WRAP MAGIC FOREST ,25
VIP Customers,WRAP MONSTER FUN ,50
VIP Customers,WRAP PAISLEY PARK ,100
VIP Customers,WRAP PINK FAIRY CAKES ,150
VIP Customers,WRAP POPPIES  DESIGN,50
VIP Customers,WRAP RED APPLES ,325
VIP Customers,WRAP RED DOILEY,25
VIP Customers,WRAP RED VINTAGE DOILY,50
VIP Customers,WRAP SUKI AND FRIENDS,125
VIP Customers,WRAP VINTAGE LEAF DESIGN,275
VIP Customers,WRAP VINTAGE PETALS  DESIGN,275
VIP Customers,WRAP WEDDING DAY,25
VIP Customers,"WRAP, BILLBOARD FONTS DESIGN",50
VIP Customers,"WRAP, CAROUSEL",25
VIP Customers,YELLOW BREAKFAST CUP AND SAUCER,7
VIP Customers,YELLOW COAT RACK PARIS FASHION,3
VIP Customers,YELLOW EASTER EGG HUNT START POST,16
VIP Customers,YELLOW FLOWERS FELT HANDBAG KIT,2
VIP Customers,YELLOW GIANT GARDEN THERMOMETER,3
VIP Customers,YELLOW METAL CHICKEN HEART ,2
VIP Customers,YELLOW POT PLANT CANDLE,1
VIP Customers,YELLOW SHARK HELICOPTER,4
VIP Customers,YELLOW/PINK FLOWER DESIGN BIG MUG,2
VIP Customers,YOU'RE CONFUSING ME METAL SIGN ,121
VIP Customers,YULETIDE IMAGES GIFT WRAP SET,72
VIP Customers,YULETIDE IMAGES S/6 PAPER BOXES,2
VIP Customers,ZINC  HEART T-LIGHT HOLDER,16
VIP Customers,ZINC  STAR T-LIGHT HOLDER ,16
VIP Customers,ZINC BOX SIGN HOME,1
VIP Customers,ZINC FINISH 15CM PLANTER POTS,16
VIP Customers,ZINC FOLKART SLEIGH BELLS,143
VIP Customers,ZINC HEART FLOWER T-LIGHT HOLDER,36
VIP Customers,ZINC HERB GARDEN CONTAINER,17
VIP Customers,ZINC METAL HEART DECORATION,326
VIP Customers,ZINC SWEETHEART SOAP DISH,2
VIP Customers,ZINC SWEETHEART WIRE LETTER RACK,7
VIP Customers,ZINC T-LIGHT HOLDER STAR LARGE,43
VIP Customers,ZINC T-LIGHT HOLDER STARS SMALL,125
VIP Customers,ZINC TOP  2 DOOR WOODEN SHELF ,2
VIP Customers,ZINC WILLIE WINKIE  CANDLE STICK,67
VIP Customers,ZINC WIRE SWEETHEART LETTER TRAY,11
