Description,Quantity,Revenue
"PAPER CRAFT , LITTLE BIRDIE",80995,168469.6
MEDIUM CERAMIC TOP STORAGE JAR,77916,81416.73000000001
WORLD WAR 2 GLIDERS ASSTD DESIGNS,54319,13558.41
JUMBO BAG RED RETROSPOT,46078,85040.54000000001
WHITE HANGING HEART T-LIGHT HOLDER,36706,100392.1
ASSORTED COLOUR BIRD ORNAMENT,35263,56413.03
PACK OF 72 RETROSPOT CAKE CASES,33670,16381.88
POPCORN HOLDER,30919,23417.51
RABBIT NIGHT LIGHT,27153,51251.24
MINI PAINT SET VINTAGE ,26076,16039.24
PACK OF 12 LONDON TISSUES ,25329,7261.7699999999995
PACK OF 60 PINK PAISLEY CAKE CASES,24230,11611.0
BROCADE RING PURSE ,22927,5969.61
VICTORIAN GLASS HANGING T-LIGHT,22404,28735.36
ASSORTED COLOURS SILK FAN,21876,16044.44
RED  HARMONICA IN BOX ,20945,23756.43
JUMBO BAG PINK POLKADOT,20148,37254.36
SMALL POPCORN HOLDER,18241,13789.369999999999
60 TEATIME FAIRY CAKE CASES,17664,8604.619999999999
LUNCH BAG RED RETROSPOT,17576,27868.8
JUMBO BAG STRAWBERRY,16771,30569.32
HEART OF WICKER SMALL,16768,28217.09
GROW A FLYTRAP OR SUNFLOWER IN TIN,15940,17226.2
PAPER CHAIN KIT 50'S CHRISTMAS ,15591,42584.130000000005
COLOUR GLASS T-LIGHT HOLDER HANGING,15563,9566.51
PARTY BUNTING,15279,68785.23000000001
JAM MAKING SET PRINTED,15039,21147.55
PLACE SETTING WHITE HEART,14853,5912.19
60 CAKE CASES VINTAGE CHRISTMAS,14712,7405.2
PACK OF 72 SKULL CAKE CASES,14302,6855.46
SPACEBOY LUNCH BOX ,13908,24673.14
JUMBO BAG APPLES,13875,26426.3
VINTAGE SNAP CARDS,13329,10441.47
SMALL CHINESE STYLE SCISSOR,13328,4335.76
72 SWEETHEART FAIRY CAKE CASES,13029,6252.349999999999
ANTIQUE SILVER T-LIGHT GLASS,12949,15176.42
RED TOADSTOOL LED NIGHT LIGHT,12863,19831.71
RED RETROSPOT CHARLOTTE BAG,12805,10122.45
JUMBO  BAG BAROQUE BLACK WHITE,12771,23630.58
DISCO BALL CHRISTMAS DECORATION,12618,1397.04
JUMBO BAG ALPHABET,12533,24160.44
REGENCY CAKESTAND 3 TIER,12374,142264.75
SET/20 RED RETROSPOT PAPER NAPKINS ,12305,9649.99
PACK OF 60 DINOSAUR CAKE CASES,12106,5919.28
HOMEMADE JAM SCENTED CANDLES,12080,17504.2
PLEASE ONE PERSON METAL SIGN,11932,23865.820000000003
BUBBLEGUM RING ASSORTED,11891,4894.83
SET OF 4 PANTRY JELLY MOULDS,11769,14151.42
SET OF 60 PANTRY DESIGN CAKE CASES ,11661,5974.389999999999
TRAVEL CARD WALLET KEEP CALM,11645,4641.32
LUNCH BAG APPLE DESIGN,11530,18220.5
JUMBO STORAGE BAG SUKI,11513,21784.84
GIN + TONIC DIET METAL SIGN,11501,24944.88
BLACK RECORD COVER FRAME,11401,39045.8
DOLLY GIRL LUNCH BOX,11323,20104.09
LUNCH BAG  BLACK SKULL.,11246,17950.3
LUNCH BOX I LOVE LONDON,11075,19316.17
GIRLS ALPHABET IRON ON PATCHES ,11040,2088.0
HANGING HEART JAR T-LIGHT HOLDER,10961,12650.97
LUNCH BAG CARS BLUE,10789,17214.53
JUMBO BAG VINTAGE LEAF,10695,20921.55
JUMBO BAG VINTAGE DOILY ,10620,20641.4
HANGING JAM JAR T-LIGHT HOLDER,10528,8164.12
RED RETROSPOT WRAP ,10522,4310.24
JUMBO SHOPPER VINTAGE RED PAISLEY,10490,20116.38
JUMBO BAG OWLS,10451,19047.02
"ASSORTED FLOWER COLOUR ""LEIS""",10297,4871.45
MULTI COLOUR SILVER T-LIGHT HOLDER,10267,8259.25
LUNCH BAG PINK POLKADOT,10226,16303.3
PINK BLUE FELT CRAFT TRINKET BOX,10217,11619.39
COOK WITH WINE METAL SIGN ,10169,20232.13
FAIRY CAKE FLANNEL ASSORTED COLOUR,10070,17291.57
AGED GLASS SILVER T-LIGHT HOLDER,10040,6052.0
JUMBO BAG PINK VINTAGE PAISLEY,9888,18427.9
LUNCH BAG SPACEBOY DESIGN ,9875,15820.15
WOODEN HEART CHRISTMAS SCANDINAVIAN,9782,3415.8999999999996
CHILLI LIGHTS,9646,46265.11
DOUGHNUT LIP GLOSS ,9642,11615.7
WOODEN STAR CHRISTMAS SCANDINAVIAN,9628,3164.0799999999995
HEART OF WICKER LARGE,9577,28479.65
LUNCH BAG SUKI DESIGN ,9570,15332.9
PAPER CHAIN KIT VINTAGE CHRISTMAS,9423,25639.77
STRAWBERRY CERAMIC TRINKET BOX,9318,10883.02
PACK OF 12 TRADITIONAL CRAYONS,9313,3754.4700000000003
BAG 125g SWIRLY MARBLES,9272,3431.35
WOODLAND CHARLOTTE BAG,9219,7261.94
ROSES REGENCY TEACUP AND SAUCER ,9119,24827.250000000004
PENS ASSORTED FUNNY FACE,9110,2313.7400000000002
LUNCH BAG WOODLAND,9091,14497.51
CHARLOTTE BAG SUKI DESIGN,8947,7114.85
JUMBO BAG 50'S CHRISTMAS ,8933,17636.04
POPART WOODEN PENCILS ASST,8900,380.0
SOLDIERS EGG CUP ,8757,10070.22
RAIN PONCHO RETROSPOT,8752,6962.08
JUMBO BAG DOILEY PATTERNS,8735,16737.1
6 RIBBONS RUSTIC CHARM,8594,14969.84
FANCY FONTS BIRTHDAY WRAP,8550,3409.0
PACK OF 12 HEARTS DESIGN TISSUES ,8541,2542.17
HANGING HEART ZINC T-LIGHT HOLDER,8444,6808.49
NATURAL SLATE HEART CHALKBOARD ,8427,24089.170000000002
CLOTHES PEGS RETROSPOT PACK 24 ,8405,12525.21
FUNKY DIVA PEN,8328,7010.94
WOODEN PICTURE FRAME WHITE FINISH,8256,19945.45
JUMBO BAG SPACEBOY DESIGN,8231,15320.75
SET OF 12 FAIRY CAKE BAKING CASES,8228,6457.0
ANTIQUE SILVER TEA GLASS ENGRAVED,8219,9271.84
CREAM HEART CARD HOLDER,8188,22687.920000000002
JUMBO BAG WOODLAND ANIMALS,8187,15511.6
JAM MAKING SET WITH JARS,8140,32616.22
HAND OVER THE CHOCOLATE   SIGN ,8138,15484.51
SET OF 20 VINTAGE CHRISTMAS NAPKINS,8111,6520.91
PACK OF 60 SPACEBOY CAKE CASES,8097,4128.389999999999
ROUND SNACK BOXES SET OF4 WOODLAND ,8075,22101.77
HAND WARMER OWL DESIGN,8056,16113.730000000001
TRADITIONAL MODELLING CLAY,7990,9281.47
WRAP ALPHABET DESIGN,7925,3196.5
TRADITIONAL WOODEN SKIPPING ROPE,7904,9998.32
ICE CREAM SUNDAE LIP GLOSS,7896,9638.16
ROTATING SILVER ANGELS T-LIGHT HLDR,7892,17554.27
SPACEBOY BIRTHDAY CARD,7834,3120.14
JUMBO BAG SCANDINAVIAN BLUE PAISLEY,7754,14626.73
RED HANGING HEART T-LIGHT HOLDER,7749,22595.190000000002
GARDENERS KNEELING PAD KEEP CALM ,7722,12463.78
SET OF 60 I LOVE LONDON CAKE CASES ,7670,3697.7
PLASTERS IN TIN SPACEBOY,7656,12138.6
GUMBALL COAT RACK,7652,17488.55
SPOTTY BUNTING,7633,35509.55
LUNCH BAG ALPHABET DESIGN,7533,11994.41
BLUE HARMONICA IN BOX ,7431,9218.88
RECIPE BOX PANTRY YELLOW DESIGN,7366,20838.620000000003
SET/6 RED SPOTTY PAPER PLATES,7351,5496.53
CHARLOTTE BAG PINK POLKADOT,7303,5838.09
PLASTERS IN TIN WOODLAND ANIMALS,7297,11620.93
T-LIGHT GLASS FLUTED ANTIQUE,7264,8288.89
60 CAKE CASES DOLLY GIRL DESIGN,7211,3735.61
ALARM CLOCK BAKELIKE RED ,7206,25868.95
WRAP ENGLISH ROSE ,7201,2980.42
GINGERBREAD MAN COOKIE CUTTER,7196,8615.13
VINTAGE HEADS AND TAILS CARD GAME ,7118,8500.16
PINK CREAM FELT CRAFT TRINKET BOX ,7106,8617.24
CHARLOTTE BAG APPLES DESIGN,7039,5632.15
SET 12 KIDS COLOUR  CHALK STICKS,7012,2814.28
SET OF 3 CAKE TINS PANTRY DESIGN ,7010,33298.3
Manual,6933,53419.93
PACK OF 12 SUKI TISSUES ,6907,1995.05
BLUE POLKADOT WRAP,6900,2798.0
PAPER BUNTING RETROSPOT,6877,18785.99
STRAWBERRY CHARLOTTE BAG,6842,5516.7
LARGE CIRCULAR MIRROR MOBILE,6809,6092.049999999999
BOX OF 24 COCKTAIL PARASOLS,6803,2808.57
JUMBO BAG PEARS,6729,13034.92
12 PENCILS SMALL TUBE SKULL,6727,4230.55
POLKADOT PEN,6625,5475.25
ICE CREAM PEN LIP GLOSS ,6607,8077.31
SET/6 RED SPOTTY PAPER CUPS,6573,3999.09
REGENCY TEA PLATE ROSES ,6563,10170.99
LUNCH BAG DOLLY GIRL DESIGN,6527,10330.99
PACK OF 12 RED RETROSPOT TISSUES ,6521,2002.7299999999998
SET/10 RED POLKADOT PARTY CANDLES,6498,7794.18
SPACEBOY GIFT WRAP,6477,2652.34
LUNCH BAG DOILEY PATTERN ,6477,10323.05
ROUND SNACK BOXES SET OF 4 FRUITS ,6469,17569.59
LUNCH BAG VINTAGE DOILY ,6438,10347.66
PAPER POCKET TRAVELING FAN ,6419,697.0600000000001
CHRISTMAS PUDDING TRINKET POT ,6418,2883.44
GREEN REGENCY TEACUP AND SAUCER,6406,17735.54
12 PENCILS SMALL TUBE RED RETROSPOT,6393,4096.65
HOT BATHS METAL SIGN,6367,12731.34
DINOSAUR KEYRINGS ASSORTED,6354,1310.25
PINK POLKADOT WRAP ,6350,2593.0
GARDENERS KNEELING PAD CUP OF TEA ,6285,9933.69
WOODEN FRAME ANTIQUE WHITE ,6268,17583.77
10 COLOUR SPACEBOY PEN,6267,5209.17
LUNCH BAG VINTAGE LEAF DESIGN,6191,9950.35
FELTCRAFT BUTTERFLY HEARTS,6123,8308.75
HAND WARMER SCOTTY DOG DESIGN,6097,12204.660000000002
PACK OF 20 NAPKINS PANTRY DESIGN,6088,4954.42
RECYCLING BAG RETROSPOT ,6074,11913.03
PACK OF 6 BIRDY GIFT TAGS,6051,7135.95
SET OF 3 HEART COOKIE CUTTERS,6001,7719.34
HAND WARMER BIRD DESIGN,5993,12064.630000000001
REGENCY TEA PLATE GREEN ,5966,9184.9
SET OF 12 MINI LOAF BAKING CASES,5957,4670.63
SET OF 60 VINTAGE LEAF CAKE CASES ,5955,3091.61
GINGHAM HEART DECORATION,5951,4817.33
PLASTERS IN TIN CIRCUS PARADE ,5947,9588.71
WOOD BLACK BOARD ANT WHITE FINISH,5913,34414.71
TRADITIONAL KNITTING NANCY,5893,9294.57
FELTCRAFT 6 FLOWER FRIENDS,5882,11549.59
PLASTERS IN TIN STRONGMAN,5874,9444.14
BALLOON WATER BOMB PACK OF 35,5873,2244.06
SET/5 RED RETROSPOT LID GLASS BOWLS,5871,16537.13
ESSENTIAL BALM 3.5g TIN IN ENVELOPE,5856,383.76
SET OF 3 REGENCY CAKE TINS,5844,26566.280000000002
WRAP PINK FAIRY CAKES ,5800,2331.0
SKULLS AND CROSSBONES WRAP,5800,2356.0
GRAND CHOCOLATECANDLE,5783,7758.95
WOODEN BOX OF DOMINOES,5766,7200.95
ZINC METAL HEART DECORATION,5750,7099.93
SWEETHEART CERAMIC TRINKET BOX,5748,6864.610000000001
SINGLE HEART ZINC T-LIGHT HOLDER,5699,5663.53
JUMBO STORAGE BAG SKULLS,5694,10865.83
WOODEN SCHOOL COLOURING SET,5690,9064.62
SET OF 72 RETROSPOT PAPER  DOILIES,5677,7943.0199999999995
SMALL CERAMIC TOP STORAGE JAR ,5666,4184.18
CLEAR DRAWER KNOB ACRYLIC EDWARDIAN,5657,6803.17
COLOUR GLASS. STAR T-LIGHT HOLDER,5654,16566.34
ALARM CLOCK BAKELIKE GREEN,5630,20839.15
PENS ASSORTED SPACEBALL,5564,1206.2
CHINESE DRAGON PAPER LANTERNS,5524,1870.7
BATHROOM METAL SIGN,5503,3016.9500000000003
HEART FILIGREE DOVE  SMALL,5362,6574.82
SET OF 6 SPICE TINS PANTRY DESIGN,5360,20482.600000000002
HOME SWEET HOME MUG,5340,6698.56
DOORMAT KEEP CALM AND COME IN,5338,35880.85
SWALLOWS GREETING CARD,5337,2120.55
HOT WATER BOTTLE KEEP CALM,5313,24302.55
PINK REGENCY TEACUP AND SAUCER,5307,14663.29
SET OF 3 BUTTERFLY COOKIE CUTTERS,5287,6711.0
PACK OF 12 WOODLAND TISSUES ,5281,1508.87
SAVE THE PLANET MUG,5264,6150.13
WRAP VINTAGE LEAF DESIGN,5251,2109.42
SET/10 PINK POLKADOT PARTY CANDLES,5251,6346.08
WRAP RED APPLES ,5250,2157.0
CHRISTMAS HANGING STAR WITH BELL,5200,2402.12
SET OF 3 NOTEBOOKS IN PARCEL,5197,8267.25
CACTI T-LIGHT CANDLES,5185,2065.22
WRAP POPPIES  DESIGN,5175,2105.5
PACK OF 12 SKULL TISSUES,5162,1504.9799999999998
CHOCOLATE HOT WATER BOTTLE,5152,23584.64
36 DOILIES VINTAGE CHRISTMAS,5152,7004.8
ALARM CLOCK BAKELIKE PINK,5066,18539.09
CHARLOTTE BAG DOLLY GIRL DESIGN,5065,4011.19
CARD BILLBOARD FONT,5026,2067.75
BAG 250g SWIRLY MARBLES,5004,3856.38
RED STRIPE CERAMIC DRAWER KNOB,5001,6177.53
PACK OF 60 MUSHROOM CAKE CASES,4936,2496.08
BLUE STRIPE CERAMIC DRAWER KNOB,4936,6239.4
REVOLVER WOODEN RULER ,4914,8944.439999999999
JUMBO BAG VINTAGE CHRISTMAS ,4905,9742.1
BLUE VINTAGE SPOT BEAKER,4901,4528.29
PENS ASSORTED FUNKY JEWELED ,4897,977.89
ZINC T-LIGHT HOLDER STARS SMALL,4894,3879.98
PAPER CHAIN KIT EMPIRE,4885,13411.550000000001
SET OF 6 TEA TIME BAKING CASES,4877,5684.650000000001
WRAP CHRISTMAS VILLAGE,4876,2003.92
TRAVEL SEWING KIT,4859,7779.11
BLACK HEART CARD HOLDER,4843,12257.95
WOODEN TREE CHRISTMAS SCANDINAVIAN,4805,1664.2899999999997
BAKING SET 9 PIECE RETROSPOT ,4786,22953.100000000002
CHARLOTTE BAG VINTAGE ALPHABET ,4750,3784.52
HAND WARMER UNION JACK,4730,9516.960000000001
MAGIC DRAWING SLATE PURDEY,4718,1780.92
"FANCY FONT BIRTHDAY CARD, ",4704,1895.76
PINK VINTAGE SPOT BEAKER,4679,4384.83
WRAP DOILEY DESIGN,4675,1915.5
SET OF TEA COFFEE SUGAR TINS PANTRY,4658,22109.079999999998
SILVER HANGING T-LIGHT HOLDER,4653,7173.45
NO SINGING METAL SIGN,4635,9571.5
ZINC FOLKART SLEIGH BELLS,4627,7631.31
HAND WARMER BABUSHKA DESIGN,4604,6118.43
SLEEPING CAT ERASERS,4595,885.45
PLASTERS IN TIN VINTAGE PAISLEY ,4564,7331.84
WRAP 50'S  CHRISTMAS,4563,1892.46
TRAVEL CARD WALLET VINTAGE TICKET,4540,1875.12
WHITE SPOT RED CERAMIC DRAWER KNOB,4534,5578.14
GREEN VINTAGE SPOT BEAKER,4505,4261.889999999999
4 TRADITIONAL SPINNING TOPS,4486,5952.83
FELTCRAFT DOLL MOLLY,4464,11748.24
PAINTED METAL PEARS ASSORTED,4454,7454.22
SMALL DOLLY MIX DESIGN ORANGE BOWL,4436,2040.19
VINTAGE DOILY JUMBO BAG RED ,4434,8508.220000000001
WRAP I LOVE LONDON ,4425,1742.5
MINI JIGSAW SPACEBOY,4411,1627.04
SOMBRERO ,4402,5691.5
RETROSPOT PARTY BAG + STICKER SET,4389,6745.929999999999
SET 12 RETRO WHITE CHALK STICKS,4362,1771.1200000000001
JUMBO BAG PAISLEY PARK,4358,8498.04
TRAVEL CARD WALLET I LOVE LONDON,4346,1767.72
JAZZ HEARTS PURSE NOTEBOOK,4339,1845.87
MAGIC DRAWING SLATE SPACEBOY ,4331,1735.5
RED RETROSPOT BOWL,4310,4980.7300000000005
COLOURING PENCILS BROWN TUBE,4309,2923.18
AREA PATROLLED METAL SIGN,4288,8548.02
CARD DOLLY GIRL ,4271,1701.21
YOU'RE CONFUSING ME METAL SIGN ,4270,6743.9800000000005
HAND WARMER RED RETROSPOT,4268,8513.52
PAPER CHAIN KIT RETROSPOT,4265,11935.310000000001
SET OF 6 SNACK LOAF BAKING CASES,4264,3336.94
SMALL WHITE HEART OF WICKER,4262,6798.1
SET 40 HEART SHAPE PETIT FOUR CASES,4260,6677.0
RED RETROSPOT SHOPPER BAG,4257,5106.56
SCOTTIE DOG HOT WATER BOTTLE,4248,20049.9
RETROSPOT TEA SET CERAMIC 11 PC ,4239,20426.23
EMPIRE DESIGN ROSETTE,4236,3596.42
PACK OF 20 NAPKINS RED APPLES,4229,3326.39
LONDON BUS COFFEE MUG,4213,9582.15
JUMBO BAG TOYS ,4198,7689.28
STAR DECORATION PAINTED ZINC ,4175,924.9499999999999
TEA PARTY BIRTHDAY CARD,4141,1692.71
SET OF 20 KIDS COOKIE CUTTERS,4139,8676.27
HEART DECORATION RUSTIC HANGING ,4138,855.9200000000001
HANGING HEART WITH BELL,4112,1906.58
SET 12 KIDS  WHITE CHALK STICKS,4090,1651.14
WRAP SUKI AND FRIENDS,4075,1687.5
RED SPOT CERAMIC DRAWER KNOB,4061,5018.65
ASSORTED INCENSE PACK,4032,760.3199999999999
BEWARE OF THE CAT METAL SIGN ,4025,6401.93
PLASTERS IN TIN SKULLS,4009,6461.25
12 PENCIL SMALL TUBE WOODLAND,3998,2545.3
PACK OF 12 PINK POLKADOT TISSUES,3985,1129.79
WHITE SPOT BLUE CERAMIC DRAWER KNOB,3971,4929.95
SET/10 BLUE POLKADOT PARTY CANDLES,3966,4793.34
BLUE SPOT CERAMIC DRAWER KNOB,3962,4971.22
SET OF 72 PINK HEART PAPER DOILIES,3953,5565.23
POTTERING IN THE SHED METAL SIGN,3922,8364.640000000001
CERAMIC STRAWBERRY CAKE MONEY BANK,3919,4745.3099999999995
PANTRY WASHING UP BRUSH,3913,5785.71
PACK OF 12 COLOURED PENCILS,3898,3120.64
LADIES & GENTLEMEN METAL SIGN,3898,8696.58
DOORMAT RED RETROSPOT,3897,25364.85
TEA BAG PLATE RED RETROSPOT,3861,3221.79
HEART IVORY TRELLIS SMALL,3856,4706.28
RED POLKADOT BEAKER ,3822,1538.62
EDWARDIAN PARASOL NATURAL,3822,20672.91
"RECORD FRAME 7"" SINGLE SIZE ",3812,8450.82
MOROCCAN TEA GLASS,3784,2741.2
12 PENCILS TALL TUBE POSY,3782,1161.1799999999998
FILIGRIS HEART WITH BUTTERFLY,3778,4540.38
PAPER BUNTING WHITE LACE,3772,10243.4
CARTOON  PENCIL SHARPENERS,3760,253.2
RED RETROSPOT PICNIC BAG,3756,10365.76
TOILET METAL SIGN,3749,1997.13
ROBOT BIRTHDAY CARD,3747,1552.96
HOT WATER BOTTLE TEA AND SYMPATHY,3729,15386.07
6 GIFT TAGS VINTAGE CHRISTMAS ,3726,3068.82
HAND WARMER RED LOVE HEART,3721,7574.1
SET OF 3 WOODEN HEART DECORATIONS,3717,4791.58
STRAWBERRY LUNCH BOX WITH CUTLERY,3711,8721.89
GIRAFFE WOODEN RULER,3708,6816.84
DOORMAT NEW ENGLAND,3698,22783.8
REGENCY TEA PLATE PINK,3688,5793.28
METAL SIGN TAKE IT OR LEAVE IT ,3687,10638.45
JINGLE BELL HEART DECORATION,3679,6055.95
RED WOOLLY HOTTIE WHITE HEART.,3676,13311.26
JAM JAR WITH PINK LID,3675,2947.47
SMALL GLASS HEART TRINKET POT,3664,7399.960000000001
BOX OF 6 MINI VINTAGE CRACKERS,3645,8345.43
CHOCOLATE THIS WAY METAL SIGN,3633,7204.320000000001
DOORMAT UNION FLAG,3614,23622.54
SET OF 3 HANGING OWLS OLLIE BEAK,3613,4291.17
COWBOYS AND INDIANS BIRTHDAY CARD ,3581,1444.75
"FEATHER PEN,HOT PINK",3573,1758.8899999999999
IVORY HANGING DECORATION  HEART,3558,2952.54
JINGLE BELL HEART ANTIQUE SILVER,3544,6955.8
POTTERING MUG,3541,4049.61
CHILDRENS APRON SPACEBOY DESIGN,3537,6560.79
CHILDRENS CUTLERY POLKADOT PINK,3528,13788.300000000001
ANGEL DECORATION 3 BUTTONS ,3528,1455.84
BOX OF 6 MINI 50'S CRACKERS,3520,8169.4800000000005
RED RETROSPOT CUP,3519,2822.41
36 PENCILS TUBE RED RETROSPOT,3518,4227.26
VINTAGE DOILY TRAVEL SEWING KIT,3516,6736.2
MAGIC DRAWING SLATE DOLLY GIRL ,3511,1430.7
ANTIQUE SILVER TEA GLASS ETCHED,3487,4016.75
CHRISTMAS CRAFT LITTLE FRIENDS,3459,7109.2
PLAYING CARDS KEEP CALM & CARRY ON,3432,4242.96
DOORMAT FAIRY CAKE,3427,21171.79
PACK OF 12 50'S CHRISTMAS TISSUES,3413,1270.59
CARD MOTORBIKE SANTA,3402,1405.08
PIECE OF CAMO STATIONERY SET,3380,326.56
TOILET SIGN OCCUPIED OR VACANT,3378,2807.69
CIRCUS PARADE LUNCH BOX ,3371,6114.83
HANGING MINI COLOURED BOTTLES,3369,1999.59
CARD BIRTHDAY COWBOY,3367,1324.89
LOVEBIRD HANGING DECORATION WHITE ,3367,2814.37
EMPIRE GIFT WRAP,3350,1363.0
ASSORTED COLOUR T-LIGHT HOLDER,3349,1983.17
6 GIFT TAGS 50'S CHRISTMAS ,3343,2750.9300000000003
PARTY METAL SIGN ,3330,4701.0199999999995
RETROSPOT HEART HOT WATER BOTTLE,3326,15827.18
HERB MARKER BASIL,3325,1997.7500000000002
FENG SHUI PILLAR CANDLE,3317,630.23
LETTER SHAPE PENCIL SHARPENER,3316,227.14
LUNCH BAG PAISLEY PARK  ,3305,5251.25
PACK OF 12 PINK PAISLEY TISSUES ,3294,999.5999999999999
MAGIC DRAWING SLATE CIRCUS PARADE  ,3291,1347.66
SMALL MARSHMALLOWS PINK BOWL,3285,1553.25
FELTCRAFT CUSHION OWL,3277,11756.8
WRAP VINTAGE PETALS  DESIGN,3275,1327.5
PINK DRAWER KNOB ACRYLIC EDWARDIAN,3269,3831.72
BUNDLE OF 3 ALPHABET EXERCISE BOOKS,3269,5197.17
DOORMAT HEARTS,3268,19924.66
CHRISTMAS STAR WISH LIST CHALKBOARD,3264,3535.2
VINTAGE UNION JACK MEMOBOARD,3252,22679.28
WRAP PAISLEY PARK ,3250,1365.0
CARD I LOVE LONDON ,3249,1286.92
GIN & TONIC DIET GREETING CARD ,3217,1320.9
RED RETROSPOT OVEN GLOVE ,3186,3750.38
HANGING METAL HEART LANTERN,3179,4789.71
PHOTO FRAME CORNICE,3176,9277.28
TOY TIDY PINK POLKADOT,3167,6225.38
CHRISTMAS TOILET ROLL,3164,3665.05
PINK POLKADOT BOWL,3157,3640.08
BLUE POLKADOT CUP,3153,2484.53
GREY HEART HOT WATER BOTTLE,3145,12148.9
PINK FAIRY CAKE CHILDRENS APRON,3140,5815.5599999999995
CARD CHRISTMAS VILLAGE,3138,1309.32
PINK HEART SHAPE EGG FRYING PAN,3134,4370.78
POSTAGE,3120,77803.96
JUMBO BAG DOLLY GIRL DESIGN,3096,6006.33
DOORMAT FANCY FONT HOME SWEET HOME,3087,19149.07
"KEY FOB , SHED",3081,1959.13
CARD CIRCUS PARADE,3076,1267.23
RED RETROSPOT PLATE ,3071,4855.91
CHRISTMAS CRAFT WHITE FAIRY ,3070,4334.94
PANTRY MAGNETIC  SHOPPING LIST,3063,4341.19
REGENCY MILK JUG PINK ,3062,8995.0
ROLL WRAP 50'S CHRISTMAS,3054,3694.02
JAZZ HEARTS ADDRESS BOOK,3054,648.12
5 HOOK HANGER RED MAGIC TOADSTOOL,3054,4595.099999999999
JAM JAR WITH GREEN LID,3046,2433.88
TRAVEL CARD WALLET TRANSPORT,3042,1274.76
HEART IVORY TRELLIS LARGE,3039,4962.43
RETROSPOT CHILDRENS APRON,3038,5585.92
FOLKART STAR CHRISTMAS DECORATIONS,3016,1281.1599999999999
FELTCRAFT CUSHION RABBIT,3012,10672.31
PICTURE DOMINOES,2991,4235.59
SMALL RED RETROSPOT WINDMILL,2974,3521.7
PACK OF 12 SPACEBOY TISSUES,2955,960.6099999999999
REGENCY SUGAR BOWL GREEN,2954,11567.24
LARGE CERAMIC TOP STORAGE JAR,2950,4617.9
HOT WATER BOTTLE I AM SO POORLY,2939,13685.130000000001
ASSORTED BOTTLE TOP  MAGNETS ,2928,1104.3600000000001
SET OF 36 TEATIME PAPER DOILIES,2926,4075.7799999999997
FAWN BLUE HOT WATER BOTTLE,2919,9196.050000000001
WASHROOM METAL SIGN,2918,4456.57
HOUSE SHAPE PENCIL SHARPENER,2915,309.9
3 STRIPEY MICE FELTCRAFT,2914,5460.5
TRADITIONAL WOODEN CATCH CUP GAME ,2910,3651.75
NATURAL SLATE RECTANGLE CHALKBOARD,2910,4635.26
PENNY FARTHING BIRTHDAY CARD,2903,1198.45
TRADITIONAL CHRISTMAS RIBBONS,2903,3602.8
LARGE WHITE HEART OF WICKER,2892,8137.500000000001
SMALL FOLDING SCISSOR(POINTED EDGE),2892,360.71
CHRISTMAS METAL TAGS ASSORTED ,2857,2395.93
RECIPE BOX RETROSPOT ,2851,7896.85
LUNCH BOX WITH CUTLERY RETROSPOT ,2848,6705.04
ROLL WRAP VINTAGE CHRISTMAS,2847,3450.39
3 HEARTS HANGING DECORATION RUSTIC,2845,8013.71
GIN AND TONIC MUG,2845,3715.6099999999997
MINI PLAYING CARDS BUFFALO BILL ,2839,1128.18
SET OF 6 RIBBONS VINTAGE CHRISTMAS,2839,8040.27
GLASS HEART T-LIGHT HOLDER ,2828,2097.71
WRAP CIRCUS PARADE,2827,1171.34
MINI JIGSAW DOLLY GIRL,2821,1049.1499999999999
BLUE POLKADOT BEAKER ,2806,1094.34
LIPSTICK PEN RED,2803,1232.34
LAUNDRY 15C METAL SIGN,2791,4229.719999999999
MEMO BOARD RETROSPOT  DESIGN,2786,12411.02
EDWARDIAN PARASOL BLACK,2779,15218.67
SET 12 COLOUR PENCILS SPACEBOY ,2778,1803.3
HAPPY STENCIL CRAFT,2777,3244.6
WRAP DOLLY GIRL,2775,1149.5
COFFEE MUG APPLES DESIGN,2764,6108.85
WHITE ROCKING HORSE HAND PAINTED,2750,3311.5
VINTAGE CHRISTMAS BUNTING,2748,12960.12
SCANDINAVIAN REDS RIBBONS,2741,3492.2
ASS FLORAL PRINT MULTI SCREWDRIVER,2730,1251.61
ENGLISH ROSE NOTEBOOK A7 SIZE,2729,1147.0
BLUE POLKADOT BOWL,2728,3178.65
SET OF 9 BLACK SKULL BALLOONS,2725,2261.65
ALARM CLOCK BAKELIKE IVORY,2721,10259.36
HEART FILIGREE DOVE LARGE,2719,4390.47
VICTORIAN  METAL POSTCARD SPRING,2707,2973.55
CHRISTMAS METAL POSTCARD WITH BELLS,2704,1125.94
WHITE SKULL HOT WATER BOTTLE ,2699,10215.47
SET/3 RED GINGHAM ROSE STORAGE BOX,2698,9401.82
MINI PLAYING CARDS SPACEBOY ,2694,1106.28
SET 2 PANTRY DESIGN TEA TOWELS,2693,8310.17
FELTCRAFT CUSHION BUTTERFLY,2692,9632.98
FOLKART ZINC HEART CHRISTMAS DEC,2679,2127.39
SET OF 9 HEART SHAPED BALLOONS,2671,3245.79
ALPHABET STENCIL CRAFT,2668,2999.19
PHOTO CUBE,2667,3997.91
REGENCY TEAPOT ROSES ,2662,23033.52
CARD GINGHAM ROSE ,2654,1063.66
SET OF 36 DOILIES PANTRY DESIGN,2653,3761.9199999999996
ICE CREAM BUBBLES,2647,2131.0099999999998
12 PENCILS TALL TUBE RED RETROSPOT,2643,2240.31
HOME BUILDING BLOCK WORD,2633,15504.51
CLASSIC CAFE SUGAR DISPENSER,2633,3037.1
PACK OF 12 VINTAGE CHRISTMAS TISSUE,2630,995.4599999999999
RECYCLED PENCIL WITH RABBIT ERASER,2629,518.1899999999999
GIANT 50'S CHRISTMAS CRACKER,2628,6907.52
CAMOUFLAGE LED TORCH,2628,4278.12
 SET 2 TEA TOWELS I LOVE LONDON ,2621,7190.95
LOVE HEART POCKET WARMER,2619,1656.05
PIGGY BANK RETROSPOT ,2615,6298.37
ZINC WILLIE WINKIE  CANDLE STICK,2606,2176.1
SET 20 NAPKINS FAIRY CAKES DESIGN ,2601,2141.43
TEA TIME TEA TOWELS ,2600,6045.0
ROLL WRAP VINTAGE SPOT ,2584,3154.4
PINK  POLKADOT CUP,2572,2049.7
SPACEBOY BEAKER,2567,2970.75
ASSORTED CREEPY CRAWLIES,2551,1073.47
MAGNETS PACK OF 4 SWALLOWS,2544,1528.29
VINTAGE UNION JACK BUNTING,2538,20945.16
SET OF 5 LUCKY CAT MAGNETS ,2536,5117.32
SET OF 6 NATIVITY MAGNETS ,2530,5031.55
RIBBON REEL STRIPES DESIGN ,2525,4154.33
CHILDRENS CUTLERY POLKADOT BLUE,2523,9827.25
ASSORTED LAQUERED INCENSE HOLDERS,2516,443.76000000000005
3 PIECE SPACEBOY COOKIE CUTTER SET,2510,5026.240000000001
FINE WICKER HEART ,2506,2982.02
RETRO COFFEE MUGS ASSORTED,2504,2829.28
MUSICAL ZINC HEART DECORATION ,2498,943.64
CHILDRENS CUTLERY RETROSPOT RED ,2492,9603.68
PURPLE DRAWERKNOB ACRYLIC EDWARDIAN,2492,3017.37
SET/20 STRAWBERRY PAPER NAPKINS ,2483,1972.73
TRAVEL CARD WALLET UNION JACK,2477,1038.9
MINI PLAYING CARDS DOLLY GIRL ,2472,1013.0400000000001
KNITTED UNION FLAG HOT WATER BOTTLE,2465,9313.17
SCANDINAVIAN PAISLEY PICNIC BAG,2463,4357.06
GLITTER CHRISTMAS STAR ,2462,1053.46
PACK OF 6 COCKTAIL PARASOL STRAWS,2460,958.32
RED RETROSPOT PEG BAG,2458,5874.95
SET OF SALT AND PEPPER TOADSTOOLS,2455,3000.35
VINTAGE CHRISTMAS CAKE FRILL,2453,3879.4500000000003
CLASSIC CHROME BICYCLE BELL ,2451,3431.35
ASSORTED TUTTI FRUTTI PEN,2451,800.9499999999999
MINI JIGSAW CIRCUS PARADE ,2451,915.78
WRAP  VINTAGE DOILY ,2450,1029.0
RED RETROSPOT SMALL MILK JUG,2450,5804.7
RED SPOT PAPER GIFT BAG,2444,1944.08
CHRISTMAS CRAFT TREE TOP ANGEL,2443,5015.08
SET OF 4 JAM JAR MAGNETS,2441,4922.01
STAR WOODEN CHRISTMAS DECORATION,2440,2036.56
"FEATHER PEN,COAL BLACK",2438,1170.8999999999999
GLITTER HEART DECORATION,2434,1056.34
TREASURE ISLAND BOOK BOX,2428,5029.8
MINI PAINTED GARDEN DECORATION ,2427,702.4699999999999
HANGING JAM JAR T-LIGHT HOLDERS,2413,1867.33
PINK PARTY BAGS,2409,4481.62
PINK VINTAGE PAISLEY PICNIC BAG,2406,4289.26
PANTRY ROLLING PIN,2406,9180.53
ANGEL DECORATION STARS ON DRESS,2399,987.4200000000001
PACK OF 6 SANDCASTLE FLAGS ASSORTED,2396,1972.8999999999999
 DOLLY GIRL BEAKER,2394,2754.5
NAMASTE SWAGAT INCENSE,2391,632.34
VINTAGE KID DOLLY CARD ,2381,966.07
SMALL HEART MEASURING SPOONS,2379,2008.6299999999999
VICTORIAN SEWING KIT,2370,2640.94
EMBOSSED GLASS TEALIGHT HOLDER,2368,2855.59
SPACEBOY CHILDRENS BOWL,2367,2757.15
QUEENS GUARD COFFEE MUG,2365,5603.570000000001
PAINT YOUR OWN CANVAS SET,2352,3737.28
PLACE SETTING WHITE STAR,2350,967.13
20 DOLLY PEGS RETROSPOT,2346,3017.5
POTTING SHED TEA MUG,2344,2924.48
FRENCH STYLE STORAGE JAR BONBONS,2338,695.06
LOVE HOT WATER BOTTLE,2325,12954.75
WOOD 2 DRAWER CABINET WHITE FINISH,2324,14573.720000000001
CUPCAKE LACE PAPER SET 6,2321,4355.33
SET/2 RED RETROSPOT TEA TOWELS ,2315,6807.01
MINI PLAYING CARDS GYMKHANA,2297,901.74
I'M ON HOLIDAY METAL SIGN,2292,4757.35
SET OF 6 SOLDIER SKITTLES,2290,8571.25
FLUTED ANTIQUE CANDLE HOLDER,2289,1867.9099999999999
TEA TIME PARTY BUNTING,2288,10430.400000000001
COFFEE MUG PEARS  DESIGN,2287,4957.3
SET OF 4 KNICK KNACK TINS DOILY ,2286,9237.3
PANTRY SCRUBBING BRUSH,2286,3656.94
PINK HAPPY BIRTHDAY BUNTING,2283,11666.35
CHRISTMAS TREE PAINTED ZINC ,2283,569.29
DOVE DECORATION PAINTED ZINC ,2281,667.71
RAINY LADIES BIRTHDAY CARD,2280,918.91
WRAP GINGHAM ROSE ,2276,943.92
SET 6 PAPER TABLE LANTERN HEARTS ,2260,8110.68
SET OF 5 PANCAKE DAY MAGNETS,2255,4562.7300000000005
TEA PARTY  WRAPPING PAPER ,2250,929.0
ASSTD FRUIT+FLOWERS FRIDGE MAGNETS,2244,545.16
CHRISTMAS RETROSPOT ANGEL WOOD,2235,1824.87
LOVE HEART TRINKET POT,2232,1029.1399999999999
TRAVEL CARD WALLET SUKI,2228,932.88
SMALL HANGING IVORY/RED WOOD BIRD,2227,943.13
PACK OF 12 BLUE PAISLEY TISSUES ,2223,712.7299999999999
FELTCRAFT PRINCESS CHARLOTTE DOLL,2210,8022.76
RED ROCKING HORSE HAND PAINTED,2206,2631.5
STAR DECORATION RUSTIC,2201,924.42
ROCKING HORSE RED CHRISTMAS ,2200,1807.6
VINTAGE CHRISTMAS STOCKING ,2199,5564.25
SET/6 COLLAGE PAPER CUPS,2199,463.85
ASSORTED TUTTI FRUTTI BRACELET,2197,440.89
PACK OF 6 SKULL PAPER PLATES,2194,1663.3
SET OF 10 LED DOLLY LIGHTS,2192,12972.73
CHILDRENS APRON APPLES DESIGN,2189,4097.45
ALARM CLOCK BAKELIKE ORANGE,2179,7984.38
HEART WREATH DECORATION WITH BELL,2163,2562.63
PACK OF 6 LARGE FRUIT STRAWS ,2155,1275.71
IVORY WICKER HEART SMALL,2154,1345.5
BAKING SET SPACEBOY DESIGN,2153,10210.89
SET 12 COLOUR PENCILS DOLLY GIRL ,2152,1396.4
METAL 4 HOOK HANGER FRENCH CHATEAU,2149,6267.39
RETROSPOT CIGAR BOX MATCHES ,2138,2135.32
GLASS BON BON JAR,2135,3495.27
BLUE POLKADOT PLATE ,2131,3359.47
VINTAGE GLASS T-LIGHT HOLDER,2129,1722.7900000000002
SET OF 12  VINTAGE POSTCARD SET,2128,1590.12
HEART WOODEN CHRISTMAS DECORATION,2121,1851.99
LUNCH BAG SUKI  DESIGN ,2118,3334.7
"ELEPHANT, BIRTHDAY CARD, ",2114,859.08
TRAVEL CARD WALLET RETROSPOT,2104,882.24
WRAP RED VINTAGE DOILY,2100,866.0
BUNDLE OF 3 RETRO NOTE BOOKS,2099,3393.35
COFFEE MUG CAT + BIRD DESIGN,2098,4478.34
KNICKERBOCKERGLORY MAGNET ASSORTED ,2094,1669.38
PARTY CHARMS 50 PIECES,2091,1552.65
SILVER BELLS TABLE DECORATION,2090,2562.1
WOODEN HAPPY BIRTHDAY GARLAND,2090,5901.3
12 COLOURED PARTY BALLOONS,2089,1359.65
ABC TREASURE BOOK BOX ,2088,4373.26
PACK 3 BOXES BIRD PANNETONE ,2088,3862.9999999999995
PACK OF 12 VINTAGE DOILY TISSUES,2087,783.6899999999999
RED RETROSPOT TISSUE BOX,2081,930.04
DRAWER KNOB CRACKLE GLAZE IVORY,2076,3348.6
VANILLA INCENSE IN TIN,2066,876.34
PACK OF 20 SKULL PAPER NAPKINS,2065,1672.6899999999998
MINIATURE ANTIQUE ROSE HOOK IVORY,2065,1711.5500000000002
MINI JIGSAW PURDEY,2064,767.41
SET 6 SCHOOL MILK BOTTLES IN CRATE,2063,7495.29
RED SPOTTY BISCUIT TIN,2058,7071.2
SET/6 PINK  BUTTERFLY T-LIGHTS,2058,3856.0400000000004
TRAVEL CARD WALLET SKULLS,2052,860.4
WRAP COWBOYS  ,2050,845.0
PACK OF 6 SKULL PAPER CUPS,2050,1254.74
BISCUIT TIN 50'S CHRISTMAS,2048,5760.52
CHRISTMAS GINGHAM STAR,2047,1735.27
CERAMIC CHERRY CAKE MONEY BANK,2043,2315.73
MULTICOLOUR SPRING FLOWER MUG,2042,803.74
SET OF 36 PAISLEY FLOWER DOILIES,2036,2942.5099999999998
CANDLEHOLDER PINK HANGING HEART,2035,5739.33
DRAWER KNOB CERAMIC IVORY,2035,2863.39
BLUE POLKADOT COFFEE MUG,2035,826.14
STRAWBERRY SHOPPER BAG,2034,2453.38
ZINC T-LIGHT HOLDER STAR LARGE,2030,1896.54
DOORMAT WELCOME PUPPIES,2027,11536.25
PACK OF 12 CIRCUS PARADE TISSUES ,2022,617.8399999999999
TRADITIONAL NAUGHTS & CROSSES,2018,3300.9
HEART DECORATION PAINTED ZINC ,2018,1246.3
FAIRY TALE COTTAGE NIGHTLIGHT,2016,3352.7999999999997
12 PENCILS TALL TUBE SKULLS,2014,1705.6599999999999
PACK OF 6 PANNETONE GIFT BOXES,2012,4975.030000000001
IVORY WICKER HEART MEDIUM,2009,2498.65
TREASURE TIN GYMKHANA DESIGN,2005,4060.0
TEA TIME OVEN GLOVE,2001,2412.92
KINGS CHOICE MUG,2000,2249.56
36 FOIL HEART CAKE CASES,1998,3814.3700000000003
GENTLEMAN SHIRT REPAIR KIT ,1992,1602.72
ENAMEL FLOWER JUG CREAM,1991,11421.130000000001
RIBBON REEL SNOWY VILLAGE,1991,3193.03
RED DRAWER KNOB ACRYLIC EDWARDIAN,1983,2292.27
FRENCH STYLE STORAGE JAR CAFE ,1982,819.4599999999999
CHILDREN'S APRON DOLLY GIRL ,1981,3984.78
CHILDRENS CUTLERY SPACEBOY ,1980,7966.08
WATERING CAN BLUE ELEPHANT,1979,3682.7499999999995
IVORY WICKER HEART LARGE,1979,3255.75
SET OF 2 TEA TOWELS APPLE AND PEARS,1975,5839.59
DOORMAT ENGLISH ROSE ,1972,13447.1
HANGING HEART MIRROR DECORATION ,1969,1276.85
WHITE JEWELLED HEART DECORATION,1968,1594.5
SET OF 3 WOODEN STOCKING DECORATION,1964,2529.64
HANGING METAL STAR LANTERN,1958,2828.08
ENGLISH ROSE GARDEN SECATEURS,1957,1825.99
BOUDOIR SQUARE TISSUE BOX,1955,910.08
PINK BABY BUNTING,1954,5415.66
KITCHEN METAL SIGN,1954,1087.46
SPACEBOY CHILDRENS CUP,1951,2343.07
"WRAP, BILLBOARD FONTS DESIGN",1950,731.0
BLUE HAPPY BIRTHDAY BUNTING,1948,10096.62
SET 2 TEA TOWELS I LOVE LONDON ,1947,5839.75
JUMBO BAG SCANDINAVIAN PAISLEY,1945,3426.75
FELTCRAFT PRINCESS LOLA DOLL,1945,7095.69
SILVER STARS TABLE DECORATION,1942,1569.6200000000001
SKULL LUNCH BOX WITH CUTLERY ,1940,4609.5
EMPIRE TISSUE BOX,1937,919.67
"FEATHER PEN,LIGHT PINK",1924,941.3399999999999
LIPSTICK PEN FUSCHIA,1924,794.78
LOVE BUILDING BLOCK WORD,1923,11398.710000000001
CREAM CUPID HEARTS COAT HANGER,1917,7121.2300000000005
PINK  POLKADOT PLATE ,1911,3010.71
DAIRY MAID STRIPE MUG,1906,1720.3000000000002
"KEY FOB , FRONT  DOOR ",1902,1168.28
LARGE RED RETROSPOT WINDMILL,1900,3645.0000000000005
POPPY'S PLAYHOUSE KITCHEN,1887,3916.91
 50'S CHRISTMAS GIFT BAG LARGE,1885,2272.25
FOOD CONTAINER SET 3 LOVE HEART ,1884,3358.72
FELTCRAFT CHRISTMAS FAIRY,1881,7658.93
WRAP GREEN PEARS ,1875,787.5
RED FLORAL FELTCRAFT SHOULDER BAG,1874,6726.81
HEART DECORATION WITH PEARLS ,1873,1586.46
HANGING WOOD AND FELT FLOWER,1871,248.88
HEADS AND TAILS SPORTING FUN,1871,2095.46
"KEY FOB , GARAGE DESIGN",1870,1140.6200000000001
SET 12 COLOURING PENCILS DOILY,1870,1177.1000000000001
SKULLS  WATER TRANSFER TATTOOS ,1869,1519.85
VINTAGE BILLBOARD TEA MUG,1867,2047.8000000000002
EASTER DECORATION HANGING BUNNY,1860,562.7
SKULLS GREETING CARD,1860,753.12
SET 6 PAPER TABLE LANTERN STARS ,1859,6735.88
CARD SUKI BIRTHDAY,1858,763.08
CHRISTMAS HANGING TREE WITH BELL,1857,993.66
TRAVEL CARD WALLET PANTRY,1853,779.9
HERB MARKER ROSEMARY,1851,1191.15
RETROSPOT WOODEN HEART DECORATION,1850,1552.22
WRAP ALPHABET POSTER  ,1850,761.0
12 PENCILS TALL TUBE WOODLAND,1849,1571.6499999999999
"BIRTHDAY CARD, RETRO SPOT",1848,758.88
BUFFALO BILL TREASURE BOOK BOX,1847,3750.57
SINGLE ANTIQUE ROSE HOOK IVORY,1843,2669.95
SET OF 3 WOODEN SLEIGH DECORATIONS,1842,2396.7
RED RETROSPOT UMBRELLA,1841,10217.720000000001
GREEN DRAWER KNOB ACRYLIC EDWARDIAN,1840,2227.52
FOLDING BUTTERFLY MIRROR HOT PINK ,1838,1427.16
"SET 3 RETROSPOT TEA,COFFEE,SUGAR",1836,8330.12
TRADITIONAL PICK UP STICKS GAME ,1836,2295.0
REX CASH+CARRY JUMBO SHOPPER,1832,1740.3999999999999
GINGHAM ROSE WRAP,1825,766.5
MOTORING TISSUE BOX,1823,804.81
CHRISTMAS DECOUPAGE CANDLE,1821,782.77
HERB MARKER THYME,1816,1168.4
MAGIC DRAWING SLATE DINOSAUR,1816,762.72
HOME SWEET HOME HANGING HEART,1815,1539.6299999999999
RED RETROSPOT MUG,1813,4969.150000000001
EASTER CRAFT 4 CHICKS ,1813,3355.35
RED RETROSPOT CAKE STAND,1808,17918.8
SET OF 4 KNICK KNACK TINS DOILEY ,1802,7132.7
SMALL RED BABUSHKA NOTEBOOK ,1800,1104.74
WRAP BILLBOARD FONTS DESIGN,1800,756.0
CARD PSYCHEDELIC APPLES,1798,742.2
SCENTED VELVET LOUNGE CANDLE ,1788,755.13
DOORMAT BLACK FLOCK ,1784,9797.75
NO JUNK MAIL METAL SIGN,1783,1019.5899999999999
3 RAFFIA RIBBONS 50'S CHRISTMAS ,1782,1624.5
VINTAGE CHRISTMAS GIFT BAG LARGE ,1781,2066.65
POPPY'S PLAYHOUSE BEDROOM ,1780,3673.15
VINTAGE  2 METER FOLDING RULER,1775,2902.4700000000003
SET OF 4 KNICK KNACK TINS LONDON ,1775,7116.65
RED VINTAGE SPOT BEAKER,1774,1445.5
ALARM CLOCK BAKELIKE CHOCOLATE,1772,6559.26
HERB MARKER PARSLEY,1771,1119.15
KEY RING BASEBALL BOOT UNION JACK,1770,2103.3
WOODLAND PARTY BAG + STICKER SET,1768,2750.96
IVORY KITCHEN SCALES,1765,14638.73
CALENDAR PAPER CUT DESIGN,1764,5060.84
RING OF ROSES BIRTHDAY CARD,1764,702.0
SUKI  SHOULDER BAG,1763,2824.37
GARLAND WOODEN HAPPY EASTER,1762,2147.7799999999997
6 ROCKET BALLOONS ,1762,1172.9
FRENCH WC SIGN BLUE METAL,1753,2192.74
DECORATIVE WICKER HEART MEDIUM,1751,2181.19
VINTAGE DONKEY TAIL GAME ,1750,6146.89
ANIMAL STICKERS,1749,367.29
CERAMIC HEART FAIRY CAKE MONEY BANK,1748,2243.94
SET 3 PAPER VINTAGE CHICK PAPER EGG,1746,4872.3
SCANDINAVIAN 3 HEARTS NAPKIN RING,1746,376.5
CHRISTMAS GINGHAM TREE,1744,1480.06
"KEY FOB , BACK DOOR ",1742,1140.26
MAGIC DRAWING SLATE BAKE A CAKE ,1740,605.52
CERAMIC STRAWBERRY DESIGN MUG,1739,1960.47
WOODEN UNION JACK BUNTING,1734,9928.83
BICYCLE PUNCTURE REPAIR KIT ,1730,3336.7200000000003
PARTY CONES CANDY ASSORTED,1729,2042.69
BLUE EGG  SPOON,1718,258.71999999999997
MINI LIGHTS WOODLAND MUSHROOMS,1717,6118.59
ASSORTED COLOUR MINI CASES,1717,12107.51
PACK OF SIX LED TEA LIGHTS,1715,4808.55
REGENCY SUGAR TONGS,1714,3949.7000000000003
MAGIC DRAWING SLATE BUNNIES ,1713,630.1800000000001
HOME SWEET HOME METAL SIGN ,1712,4844.72
BOX OF 6 CHRISTMAS CAKE DECORATIONS,1712,6155.04
RED RETROSPOT MINI CASES,1711,12208.85
HANGING CLEAR MINI BOTTLE,1710,1012.02
3 HOOK PHOTO SHELF ANTIQUE WHITE,1706,12160.08
PARTY PIZZA DISH RED RETROSPOT,1702,744.34
DECORATIVE WICKER HEART LARGE,1701,2794.65
RIBBON REEL HEARTS DESIGN ,1701,2808.89
MAGNETS PACK OF 4 VINTAGE COLLAGE,1701,1005.7199999999999
PAPER BUNTING COLOURED LACE,1698,4683.1
LARGE HEART MEASURING SPOONS,1696,2836.92
CREAM SWEETHEART MINI CHEST,1696,20448.17
MINI WOODEN HAPPY BIRTHDAY GARLAND,1695,2726.31
TRAVEL CARD WALLET FLOWER MEADOW,1693,709.62
CHILDRENS CUTLERY POLKADOT GREEN ,1688,6599.06
CHILDREN'S SPACEBOY MUG,1688,2746.16
 RED SPOT GIFT BAG LARGE,1686,2023.5
FAIRY CAKES NOTEBOOK A7 SIZE,1684,655.34
WALL TIDY RETROSPOT ,1680,2082.06
BUNDLE OF 3 SCHOOL EXERCISE BOOKS  ,1678,2691.14
BLACK WINE GLASS,1666,697.62
SET OF 3 WOODEN TREE DECORATIONS,1665,2153.71
HERB MARKER MINT,1665,1070.25
SET/6 COLLAGE PAPER PLATES,1664,704.26
SCOTTIE DOGS BABY BIB,1663,676.39
PLAYING CARDS JUBILEE UNION JACK,1661,2073.73
SMALL CHOCOLATES PINK BOWL,1660,774.18
DOORMAT SPOTTY HOME SWEET HOME,1657,12055.32
SMALL HEART FLOWERS HOOK ,1654,1365.5
SET OF 3 BIRD LIGHT PINK FEATHER ,1654,690.0
SET 7 BABUSHKA NESTING BOXES,1651,12639.79
FELTCRAFT DOLL ROSIE,1648,4702.120000000001
WATERING CAN PINK BUNNY,1644,3092.7799999999997
HERB MARKER CHIVES ,1643,1055.95
ANTIQUE GLASS DRESSING TABLE POT,1642,4684.06
VINTAGE RED ENAMEL TRIM MUG ,1633,1940.45
BISCUIT TIN VINTAGE CHRISTMAS,1632,4567.38
SET OF 5 MINI GROCERY MAGNETS,1631,3297.2200000000003
CAMOUFLAGE DESIGN TEDDY,1630,3445.5000000000005
GYMKHANA TREASURE BOOK BOX,1630,3417.83
EDWARDIAN PARASOL RED,1630,9055.87
36 PENCILS TUBE SKULLS,1627,2009.43
CHILDRENS CUTLERY DOLLY GIRL ,1621,6525.55
12 MESSAGE CARDS WITH ENVELOPES,1621,2578.65
PACK OF 6 SMALL FRUIT STRAWS,1617,644.58
3 HOOK HANGER MAGIC GARDEN,1615,2911.6499999999996
PACK OF 12 PAISLEY PARK TISSUES ,1614,629.4599999999999
RED GINGHAM ROSE JEWELLERY BOX,1612,2917.2
WICKER STAR ,1608,3328.8
REGENCY CAKE FORK,1608,1896.6
CHRISTMAS TABLE SILVER CANDLE SPIKE,1603,1301.05
PINK DOUGHNUT TRINKET POT ,1602,2132.7
36 PENCILS TUBE WOODLAND,1595,1969.43
DOORMAT HOME SWEET HOME BLUE ,1595,9619.99
STAR WREATH DECORATION WITH BELL,1594,1921.94
ROLL WRAP 50'S RED CHRISTMAS ,1593,1961.01
VINTAGE LEAF MAGNETIC NOTEPAD,1593,2242.65
FILIGREE HEART BUTTERFLY WHITE ,1592,1947.06
STRAWBERRY   PICNIC BAG,1590,4430.5
CLASSIC BICYCLE CLIPS ,1587,2200.15
POLKADOT RAIN HAT ,1586,629.89
WHITE METAL LANTERN,1586,5694.28
IF YOU CAN'T STAND THE HEAT MUG,1583,1748.59
KEY RING BASEBALL BOOT ASSORTED ,1580,1928.8
SWALLOW SQUARE TISSUE BOX,1577,685.55
SET/6 FRUIT SALAD PAPER CUPS,1576,345.42
WRAP FLOWER SHOP  ,1575,661.5
OPEN CLOSED METAL SIGN,1574,7296.51
SMALL PURPLE BABUSHKA NOTEBOOK ,1574,1010.23
CHOCOLATE BOX RIBBONS ,1573,1917.58
LADS ONLY TISSUE BOX,1571,1427.59
VINTAGE SNAKES & LADDERS,1571,5508.53
RIBBON REEL CHRISTMAS SOCK BAUBLE,1571,2676.39
CHRISTMAS LIGHTS 10 REINDEER,1570,12133.0
CARD PARTY GAMES ,1569,628.74
VINTAGE CHRISTMAS PAPER GIFT BAG,1563,1241.6599999999999
BANQUET BIRTHDAY  CARD  ,1560,642.24
BLUE DRAWER KNOB ACRYLIC EDWARDIAN,1560,1906.68
PORCELAIN ROSE SMALL,1560,1218.36
SANDALWOOD FAN,1558,1132.3
DOLLY GIRL CHILDRENS BOWL,1553,1854.8500000000001
POLYESTER FILLER PAD 40x40cm,1551,2248.95
BINGO SET,1551,5718.21
DOLLY GIRL CHILDRENS CUP,1548,1880.1399999999999
LUNCH BAG RED VINTAGE DOILY,1547,2432.55
CHICK GREY HOT WATER BOTTLE,1545,5770.27
RED 3 PIECE RETROSPOT CUTLERY SET,1543,5555.13
FRENCH ENAMEL CANDLEHOLDER,1541,3087.52
CHRISTMAS RETROSPOT STAR WOOD,1538,1301.84
6 RIBBONS ELEGANT CHRISTMAS ,1538,2004.92
SMALL ZINC HEART WALL ORGANISER,1538,5378.8
CARD CAT AND TREE ,1536,636.48
ETCHED GLASS COASTER,1536,722.88
VINTAGE BILLBOARD LOVE/HATE MUG,1535,1637.71
MIRROR MOSAIC T-LIGHT HOLDER ,1533,715.05
WOODEN OWLS LIGHT GARLAND ,1532,5768.6
PACK 3 BOXES CHRISTMAS PANNETONE,1531,2867.1499999999996
SET 12 COLOUR PENCILS LOVE LONDON,1529,991.45
3D VINTAGE CHRISTMAS STICKERS ,1522,1930.38
BLACK CHAMPAGNE GLASS,1517,621.87
CHILDRENS DOLLY GIRL MUG,1514,2443.14
DOORSTOP RETROSPOT HEART,1511,5919.46
FELTCRAFT PRINCESS OLIVIA DOLL,1511,5434.85
CARD WEDDING DAY,1506,615.24
PARTY CONE CHRISTMAS DECORATION ,1505,1260.53
PORCELAIN BUDAH INCENSE HOLDER,1501,138.1
RED POLKADOT COFFEE  MUG,1499,642.75
SET 36 COLOUR PENCILS SPACEBOY ,1498,1775.22
METAL SIGN EMPIRE TEA,1495,1706.8100000000002
RETROSPOT GIANT TUBE MATCHES,1494,3442.5
DECORATIVE WICKER HEART SMALL,1492,932.28
TRAVEL CARD WALLET RETRO PETALS,1489,623.94
CHRISTMAS MUSICAL ZINC STAR,1489,528.2099999999999
PACK OF 20 SPACEBOY NAPKINS,1488,1150.3799999999999
FRIDGE MAGNETS US DINER ASSORTED,1482,1226.3999999999999
PACK OF 12 VINTAGE LEAF TISSUES ,1474,544.62
KNEELING MAT HOUSEWORK  DESIGN,1473,1980.71
3D TRADITIONAL CHRISTMAS STICKERS,1471,1882.31
RED KITCHEN SCALES,1469,11836.23
RED RETROSPOT SUGAR JAM BOWL,1469,3448.9500000000003
MINI CAKE STAND T-LIGHT HOLDER,1464,591.84
REINDEER HEART DECORATION SILVER,1461,1241.5900000000001
RED RETROSPOT TAPE,1458,668.94
METAL DECORATION NAUGHTY CHILDREN ,1454,1284.86
BLUE PARTY BAGS ,1451,2728.94
PAINTED METAL STAR WITH HOLLY BELLS,1449,697.61
NATURAL SLATE CHALKBOARD LARGE ,1448,6813.400000000001
COFFEE MUG DOG + BALL DESIGN,1436,3011.64
TEATIME ROUND PENCIL SHARPENER ,1436,186.72
POLKADOT COFFEE CUP & SAUCER PINK,1435,1142.29
SET OF 2 CERAMIC CHRISTMAS REINDEER,1434,1980.1799999999998
MINI JIGSAW BAKE A CAKE ,1434,515.77
TREASURE TIN BUFFALO BILL ,1430,2886.0800000000004
NATURAL HANGING QUILTED HEARTS ,1427,1113.13
PICNIC BASKET WICKER SMALL,1424,7728.85
DANISH ROSE PHOTO FRAME,1423,1460.81
MOODY GIRL DOOR HANGER ,1422,684.9599999999999
WHITE WICKER STAR ,1422,2954.7000000000003
IVORY DINER WALL CLOCK,1419,11527.7
SWALLOW WOODEN CHRISTMAS DECORATION,1418,1217.78
DOORMAT MULTICOLOUR STRIPE,1418,8045.2699999999995
FOUR HOOK  WHITE LOVEBIRDS,1416,2904.87
ENGLISH ROSE HOT WATER BOTTLE,1414,5729.66
TOXIC AREA  DOOR HANGER ,1413,695.23
BIRDHOUSE GARDEN MARKER ,1411,1929.35
CHARLIE AND LOLA FIGURES TINS,1404,2817.7999999999997
CARAVAN SQUARE TISSUE BOX,1399,703.5699999999999
CERAMIC CAKE DESIGN SPOTTED MUG,1399,2035.55
FILIGREE HEART BIRD WHITE ,1397,1726.3
SILVER GLITTER FLOWER VOTIVE HOLDER,1395,416.07
VINTAGE CARAVAN GREETING CARD ,1394,569.02
REGENCY TEA SPOON,1392,1651.8
PINK 3 PIECE POLKADOT CUTLERY SET,1392,5010.400000000001
FELT FARM ANIMAL WHITE BUNNY ,1391,517.0699999999999
MONSTERS STENCIL CRAFT,1390,1710.42
PEG BAG APPLES DESIGN,1390,3336.37
SLATE TILE NATURAL HANGING,1390,1974.2
MAGNETS PACK OF 4 HOME SWEET HOME,1386,711.87
ROUND CONTAINER SET OF 5 RETROSPOT,1386,2181.3
FRENCH BATHROOM SIGN BLUE METAL,1382,2227.62
FULL ENGLISH BREAKFAST PLATE,1381,4985.55
BAG 500g SWIRLY MARBLES,1377,1299.21
DOORMAT WELCOME TO OUR HOME,1376,9451.58
VANILLA SCENT CANDLE JEWELLED BOX,1374,2541.12
ASSTD MULTICOLOUR CIRCLES MUG,1374,547.98
S/4 VALENTINE DECOUPAGE HEART BOX,1368,2025.1000000000001
PEARL CRYSTAL PUMPKIN T-LIGHT HLDR,1368,2214.87
STARS GIFT TAPE ,1368,581.0600000000001
VINTAGE CHRISTMAS GIFT SACK,1364,5523.0
WOOD S/3 CABINET ANT WHITE FINISH,1364,11343.199999999999
REGENCY TEA STRAINER,1362,4789.24
MEMO BOARD COTTAGE DESIGN,1361,6286.39
FLORAL FOLK STATIONERY SET,1360,1927.3500000000001
GREEN POLKADOT BOWL,1360,1632.81
RED HEART SHAPE LOVE BUCKET ,1358,2591.02
BLACK AND WHITE CAT BOWL,1357,2661.8999999999996
PINK PAISLEY SQUARE TISSUE BOX ,1357,561.75
ILLUSTRATED CAT BOWL ,1356,3586.3199999999997
RETROSPOT RED WASHING UP GLOVES,1355,2668.38
I CAN ONLY PLEASE ONE PERSON MUG,1349,1658.89
RED DINER WALL CLOCK,1349,11048.89
WATERING CAN GREEN DINOSAUR,1341,2487.5299999999997
LIGHT GARLAND BUTTERFILES PINK,1340,5018.84
DOG BOWL CHASING BALL DESIGN,1339,5220.429999999999
DECORATION SITTING BUNNY,1335,257.60999999999996
CLASSIC GLASS COOKIE JAR,1332,5350.2
LAVENDER SCENTED FABRIC HEART,1327,1674.03
WRAP WEDDING DAY,1325,528.5
HAIRCLIPS FORTIES FABRIC ASSORTED,1322,572.26
BASKET OF TOADSTOOLS,1322,1574.98
VINTAGE  2 METRE FOLDING RULER,1321,2197.69
TRAVEL CARD WALLET VINTAGE LEAF,1320,554.4
SKETCHBOOK MAGNETIC SHOPPING LIST,1318,1900.9399999999998
50'S CHRISTMAS PAPER GIFT BAG,1317,1059.9399999999998
PIG KEYRING WITH LIGHT & SOUND ,1316,1231.34
POPPY'S PLAYHOUSE LIVINGROOM ,1315,2724.62
SET OF 6 3D KIT CARDS FOR KIDS,1311,1097.73
HANGING  BUTTERFLY T-LIGHT HOLDER,1310,1526.62
RETROSPOT LARGE MILK JUG,1307,6217.650000000001
WRAP BIRD GARDEN ,1300,546.0
KITTY PENCIL ERASERS,1296,266.56
CHERUB HEART DECORATION SILVER ,1296,1089.6000000000001
OVEN MITT APPLES DESIGN,1296,1847.76
HYACINTH BULB T-LIGHT CANDLES,1296,544.3199999999999
BOX OF VINTAGE ALPHABET BLOCKS,1295,13035.66
FELTCRAFT DOLL EMILY,1294,3711.5000000000005
SET 36 COLOUR PENCILS DOLLY GIRL,1294,1520.22
CHRISTMAS RETROSPOT TREE WOOD,1293,1088.1299999999999
RED  EGG  SPOON,1290,155.4
METAL SIGN HER DINNER IS SERVED ,1290,3802.5
MINI CAKE STAND WITH HANGING CAKES,1290,1764.8999999999999
LAUREL HEART ANTIQUE SILVER,1290,1567.0
SET 36 COLOURING PENCILS DOILY,1289,1562.6100000000001
RIBBON REEL LACE DESIGN ,1288,2584.8
SKULL SHOULDER BAG,1288,2081.2
RED METAL BEACH SPADE ,1288,1612.42
WOOD STAMP SET THANK YOU,1283,1229.1200000000001
WATERING CAN GARDEN MARKER,1280,1765.6
CHRISTMAS LIGHTS 10 VINTAGE BAUBLES,1274,5939.280000000001
LARGE CHINESE STYLE SCISSOR,1273,1053.45
FAIRY CAKES NOTEBOOK A6 SIZE,1272,762.99
DRAWER KNOB CRACKLE GLAZE GREEN,1272,2060.4
PRETTY HANGING QUILTED HEARTS,1272,1045.2
FRENCH TOILET SIGN BLUE METAL,1270,1531.71
FRIDGE MAGNETS LES ENFANTS ASSORTED,1269,1031.85
BIG DOUGHNUT FRIDGE MAGNETS,1266,1076.1
15CM CHRISTMAS GLASS BALL 20 LIGHTS,1266,9374.7
GLAMOROUS  MUG,1265,1365.73
WOODEN ROUNDERS GARDEN SET ,1265,11561.34
CANDY HEART HANGING DECORATION,1265,631.71
GLITTER HANGING BUTTERFLY STRING,1264,2528.39
CINNAMON SCENTED VOTIVE CANDLE,1264,326.23999999999995
WHITE SAGE INCENSE,1260,264.6
PARTY TIME PENCIL ERASERS,1259,265.09
ROCKING HORSE GREEN CHRISTMAS ,1252,1039.24
ASSTD DESIGN RACING CAR PEN,1252,1953.0
FOLDING BUTTERFLY MIRROR RED  ,1252,961.2800000000001
WRAP MONSTER FUN ,1250,525.0
DARK BIRD HOUSE TREE DECORATION,1249,377.33
BOYS ALPHABET IRON ON PATCHES,1248,262.08
MINI CAKE STAND  HANGING STRAWBERY,1246,1661.78
RED CHARLIE+LOLA PERSONAL DOORSIGN,1245,618.35
SET 12 VINTAGE DOILY CHALK ,1244,522.48
VINYL RECORD FRAME SILVER,1236,4275.22
STORAGE TIN VINTAGE DOILY ,1235,3502.15
SET/6 TURQUOISE BUTTERFLY T-LIGHTS,1234,2384.76
SWISS CHALET TREE DECORATION ,1233,455.56999999999994
SILVER HEARTS TABLE DECORATION,1231,995.33
METAL SIGN DROP YOUR PANTS,1230,3186.7799999999997
DINOSAUR LUNCH BOX WITH CUTLERY,1227,2868.78
RIBBON REEL CHRISTMAS PRESENT ,1226,2073.74
PINK PAISLEY ROSE GIFT WRAP,1225,498.5
MINI FUNKY DESIGN TAPES,1225,929.45
ROTATING LEAVES T-LIGHT HOLDER,1222,1617.23
MAGNETS PACK OF 4 VINTAGE LABELS ,1222,569.36
TUMBLER NEW ENGLAND,1220,475.79999999999995
FOOD/DRINK SPONGE STICKERS,1220,256.2
STRAWBERRY HONEYCOMB  GARLAND ,1220,1446.6
RECIPE BOX BLUE SKETCHBOOK DESIGN,1218,3422.0600000000004
DRAWER KNOB CRACKLE GLAZE PINK,1216,1968.0
HANGING QUILTED PATCHWORK APPLES,1215,1003.1700000000001
HANGING CHICK CREAM DECORATION,1215,1761.7499999999998
SET OF 12 FORK CANDLES,1215,3319.35
MODERN FLORAL STATIONERY SET,1212,1734.6
MAGIC SHEEP WOOL GROWING FROM PAPER,1212,1190.0
LANTERN CREAM GAZEBO ,1205,5676.87
TOTE BAG I LOVE LONDON,1204,2289.78
PACK OF 12 DOLLY GIRL TISSUES,1200,468.0
KIDS RAIN MAC BLUE,1199,933.53
FILIGREE HEART DAISY WHITE,1199,1478.59
FRYING PAN UNION FLAG,1199,4727.11
LIPSTICK PEN BABY PINK,1198,499.91
"HOOK, 1 HANGER ,MAGIC GARDEN",1198,965.26
N0 SINGING METAL SIGN,1197,2523.78
ROMANTIC PINKS RIBBONS ,1196,1468.85
PAINTED METAL HEART WITH HOLLY BELL,1195,687.5899999999999
BLACK AND WHITE DOG BOWL,1192,2578.78
PICNIC BASKET WICKER LARGE,1192,10799.0
BOYS VINTAGE TIN SEASIDE BUCKET,1190,2880.92
PAPER BUNTING VINTAGE PAISLEY,1189,3395.55
CHRISTMAS CARD SCREEN PRINT ,1188,283.32
CHILDREN'S CIRCUS PARADE MUG,1186,1914.58
ENAMEL MEASURING JUG CREAM,1184,4916.04
SET OF 6 T-LIGHTS SANTA,1184,3476.36
ZINC  STAR T-LIGHT HOLDER ,1183,1357.79
COSY HOUR CIGAR BOX MATCHES ,1183,1451.3899999999999
GREEN CHRISTMAS TREE CARD HOLDER,1183,2562.27
MAGNETS PACK OF 4 RETRO PHOTO,1176,568.76
PACK OF 12 RED APPLE TISSUES,1175,428.01
TROPICAL  HONEYCOMB PAPER GARLAND ,1175,2672.25
FRENCH KITCHEN SIGN BLUE METAL,1173,1420.14
DO NOT TOUCH MY STUFF DOOR HANGER ,1171,599.79
SET OF 4 NAPKIN CHARMS CUTLERY,1171,2642.86
CARD DOG AND BALL ,1170,487.08
FRIDGE MAGNETS LA VIE EN ROSE,1170,963.3
BLUE 3 PIECE POLKADOT CUTLERY SET,1170,4213.34
RIBBON REEL POLKADOTS ,1167,1877.55
POPART RECT PENCIL SHARPENER ASST,1166,140.52
HANGING SPRING FLOWER EGG SMALL,1163,447.75
ASSTD DESIGN 3D PAPER STICKERS,1159,386.83
SET 3 SONG BIRD PAPER EGGS ASSORTED,1159,3224.65
SET OF 4 SANTA PLACE SETTINGS,1158,1427.34
DOORMAT UNION JACK GUNS AND ROSES,1157,6619.41
SET OF 2 CERAMIC PAINTED HEARTS ,1157,1612.85
3 TRADITIONAl BISCUIT CUTTERS  SET,1154,2418.02
MIRROR MOSAIC T-LIGHT HOLDER ROUND,1153,694.2900000000001
TOY TIDY SPACEBOY  ,1152,2266.35
VINTAGE PAISLEY STATIONERY SET,1151,1640.29
EASTER TIN BUNNY BOUQUET,1144,1822.8
SET/6 FRUIT SALAD  PAPER PLATES,1143,479.25
ASSORTED EASTER GIFT TAGS,1142,933.26
MULTICOLOUR HONEYCOMB FAN,1142,669.12
GIRLS VINTAGE TIN SEASIDE BUCKET,1141,2736.75
RED RETROSPOT CHILDRENS UMBRELLA,1140,3629.66
STAR T-LIGHT HOLDER WILLIE WINKIE,1139,1870.11
PANTRY CHOPPING BOARD,1138,5695.860000000001
BLACK/BLUE POLKADOT UMBRELLA,1132,6361.990000000001
EMPIRE BIRTHDAY CARD,1131,476.25
MAGNETS PACK OF 4 CHILDHOOD MEMORY,1130,1309.9
FIRST AID TIN,1129,3530.35
MAN FLU METAL SIGN,1127,2356.38
SILVER MUG BONE CHINA TREE OF LIFE,1126,1290.57
WRAP KEEP CALM BIRTHDAY,1125,460.5
VICTORIAN SEWING BOX SMALL ,1123,6402.360000000001
LARGE PURPLE BABUSHKA NOTEBOOK  ,1120,939.52
SPACEBOY CHILDRENS EGG CUP,1118,1405.97
MOODY BOY  DOOR HANGER ,1108,542.36
RETRO PLASTIC ELEPHANT TRAY,1105,812.53
DOORMAT 3 SMILEY CATS,1104,6690.8
ASSORTED TUTTI FRUTTI KEYRING BALL,1102,367.97999999999996
HOLIDAY FUN LUDO,1102,3810.71
CHRISTMAS TREE STAR DECORATION,1101,462.41999999999996
STRAWBRY SCENTED VOTIVE CANDLE,1101,267.45
APPLE BATH SPONGE,1100,1397.99
SWEETHEART RECIPE BOOK STAND,1098,7077.900000000001
SET3 BOOK BOX GREEN GINGHAM FLOWER ,1098,4259.3
RIBBON REEL MAKING SNOWMEN ,1091,1807.31
ROSE 3 WICK MORRIS BOX CANDLE,1090,1592.7
WOOD STOCKING CHRISTMAS SCANDISPOT,1088,704.02
MINI JIGSAW BUNNIES,1088,390.69
HANGING CHICK  YELLOW DECORATION,1085,1515.6499999999999
DOILEY STORAGE TIN,1082,2934.98
ELEPHANT BIRTHDAY CARD ,1080,449.88
PINK FLORAL FELTCRAFT SHOULDER BAG,1080,3979.88
DRAWER KNOB CRACKLE GLAZE BLUE,1079,1751.79
VINTAGE RED TRIM ENAMEL BOWL ,1079,1328.59
CITRONELLA CANDLE GARDEN POT,1079,1348.75
EASTER TIN KEEPSAKE,1078,1713.8999999999999
DAISY GARDEN MARKER,1078,1513.1
SMALL FOLKART STAR CHRISTMAS DEC,1076,244.23
WRAP MAGIC FOREST ,1075,451.5
3D CHRISTMAS STAMPS STICKERS ,1075,1361.95
FAMILY ALBUM WHITE PICTURE FRAME,1074,8408.14
BUTTON BOX ,1071,2020.71
S/6 WOODEN SKITTLES IN COTTON BAG,1070,3247.16
3 ROSE MORRIS BOXED CANDLES,1068,1555.64
LARGE ZINC HEART WALL ORGANISER,1064,6414.48
MAGIC DRAWING SLATE LEAP FROG ,1063,360.06
RETROSPOT SMALL TUBE MATCHES,1059,1743.35
SET OF 4 ENGLISH ROSE COASTERS,1058,1289.34
PLAYING CARDS I LOVE LONDON ,1058,1238.5
DELUXE SEWING KIT ,1057,5968.67
SET OF 6 HERB TINS SKETCHBOOK,1054,3686.1400000000003
SKULLS  STICKERS,1054,891.2199999999999
OFFICE MUG WARMER BLACK+SILVER ,1049,2910.75
SET OF 2 CHRISTMAS DECOUPAGE CANDLE,1048,961.4
PARTY PIZZA DISH PINK POLKADOT,1046,372.74
PARTY INVITES WOODLAND,1046,853.2199999999999
PANTRY PASTRY BRUSH,1044,1307.05
SET/4 SPRING FLOWER DECORATION,1040,1151.8
BAKING MOULD HEART MILK CHOCOLATE,1040,2513.12
MINI PLAYING CARDS FUN FAIR ,1040,433.2
BISCUITS SMALL BOWL LIGHT BLUE,1038,440.94
BOTTLE BAG RETROSPOT ,1038,1510.89
FRENCH BLUE METAL DOOR SIGN 1,1038,1301.14
STRAWBERRY CERAMIC TRINKET POT,1036,1312.04
6 RIBBONS EMPIRE  ,1034,1302.72
ORANGE VOTIVE CANDLE,1032,257.03999999999996
VINTAGE BILLBOARD MUG ,1032,1058.54
WALL ART ONLY ONE PERSON ,1031,4211.55
SPACEBOY MINI BACKPACK,1030,4134.5
PACK OF 6 SWEETIE GIFT BOXES,1029,2496.76
RED BABY BUNTING ,1027,2969.65
STRAWBERRY BATH SPONGE ,1026,1301.86
HEARTS GIFT TAPE,1025,301.93
FAIRY DREAMS INCENSE ,1025,212.75
SET 8 CANDLES VINTAGE DOILY,1024,1932.0
PICTURE FRAME WOOD TRIPLE PORTRAIT,1023,6378.150000000001
CIRCUS PARADE CHILDRENS EGG CUP ,1022,1282.34
CAKES AND BOWS GIFT  TAPE,1017,318.81
BLUE POLKADOT EGG CUP ,1016,445.26
PINK  HEART SHAPE LOVE BUCKET ,1016,1686.5200000000002
IVORY HANGING DECORATION  BIRD,1015,862.75
GLASS APOTHECARY BOTTLE PERFUME,1014,3763.6400000000003
6 CHOCOLATE LOVE HEART T-LIGHTS,1014,1985.8600000000001
HEART CALCULATOR,1013,1155.88
GREEN POLKADOT PLATE ,1011,1618.03
BLUE PUDDING SPOON,1010,132.29999999999998
MULTICOLOUR HONEYCOMB PAPER GARLAND,1010,1272.9
GLITTER BUTTERFLY CLIPS,1010,2489.1
RED FLOCK LOVE HEART PHOTO FRAME,1010,517.68
LARGE RED BABUSHKA NOTEBOOK ,1008,949.21
SMALL IVORY HEART WALL ORGANISER,1008,4989.08
POLYESTER FILLER PAD 45x45cm,1008,1562.4
DIAMANTE RING ASSORTED IN BOX.,1008,1311.3600000000001
WRAP CHRISTMAS SCREEN PRINT,1000,270.5
6 RIBBONS SHIMMERING PINKS ,1000,772.94
RED METAL BOX TOP SECRET,998,7920.78
36 FOIL STAR CAKE CASES ,997,1912.3400000000001
CHRISTMAS TREE HEART DECORATION,997,418.74
COLOURED GLASS STAR T-LIGHT HOLDER,996,3474.88
PETIT TRAY CHIC,993,1606.73
GROW YOUR OWN BASIL IN ENAMEL MUG,990,2061.0
HOT WATER BOTTLE BABUSHKA ,983,4437.35
FELTCRAFT GIRL AMELIE KIT,982,4799.38
SKULL AND CROSSBONES  GARLAND ,981,1532.25
SKULLS PARTY BAG + STICKER SET,981,1561.05
NOEL GARLAND PAINTED ZINC ,980,425.15999999999997
CHARLIE & LOLA WASTEPAPER BIN FLORA,977,1228.25
FOOD COVER WITH BEADS SET 2 ,977,3545.17
BLUE CHARLIE+LOLA PERSONAL DOORSIGN,976,512.8
CUTE CATS TAPE,975,315.55
BIRTHDAY BANQUET GIFT WRAP,975,393.5
BLUE SCANDINAVIAN PAISLEY WRAP,975,409.5
RED RETROSPOT ROUND CAKE TINS,974,9178.3
SET/10 IVORY POLKADOT PARTY CANDLES,973,1213.31
ASSORTED COLOUR LIZARD SUCTION HOOK,970,382.92
TOOTHPASTE TUBE PEN,970,396.6
HOME SWEET HOME BLACKBOARD,969,4108.58
PARTY PIZZA DISH BLUE POLKADOT,969,317.90999999999997
OCEAN SCENT CANDLE IN JEWELLED BOX,968,1749.94
FLOWERS TILE COASTER,966,322.88
FRENCH LAVENDER SCENT HEART,965,846.6
WHITE HEART CONFETTI IN TUBE,963,929.91
CHILDRENS CUTLERY CIRCUS PARADE,962,3852.44
WALL ART BIG LOVE ,960,5319.36
WALL ART KEEP CALM ,958,4853.5
DANISH ROSE DECORATIVE PLATE,951,710.64
ENGLISH ROSE SPIRIT LEVEL ,948,860.88
ASSORTED MINI MADRAS NOTEBOOK,948,462.59999999999997
ENVELOPE 50 BLOSSOM IMAGES,947,491.55
POTTING SHED TWINE,946,2152.2000000000003
HEART SHAPED HOLLY WREATH,942,3933.1800000000003
FUNKY WASHING UP GLOVES ASSORTED,941,1917.0600000000002
RED RETROSPOT BUTTER DISH,936,4414.8
DANISH ROSE DELUXE COASTER,935,407.15
RED LOVE HEART SHAPE CUP,935,772.91
DRAWER KNOB CERAMIC BLACK,935,1314.95
RIDGED GLASS FINGER BOWL,934,427.85999999999996
REINDEER HEART DECORATION GOLD,929,774.4300000000001
HEART T-LIGHT HOLDER WILLIE WINKIE,928,1533.8400000000001
TRADTIONAL ALPHABET STAMP SET,926,4497.3
GAOLERS KEYS DECORATIVE GARDEN ,926,3400.94
JIGSAW TREE WITH WATERING CAN,925,356.16999999999996
CLASSIC METAL BIRDCAGE PLANT HOLDER,925,10123.16
LARGE HANGING IVORY & RED WOOD BIRD,925,598.37
WHITE BELL HONEYCOMB PAPER ,924,1390.2
CHILDS GARDEN FORK BLUE ,921,757.89
JUMBO BAG CHARLIE AND LOLA TOYS,921,1932.67
FELT EGG COSY CHICKEN,920,785.12
SMALL POLKADOT CHOCOLATE GIFT BAG ,920,782.0
DECORATIVE ROSE BATHROOM BOTTLE,920,693.52
BOX OF VINTAGE JIGSAW BLOCKS ,918,5019.67
FRENCH LAUNDRY SIGN BLUE METAL,918,1463.66
SMALL YELLOW BABUSHKA NOTEBOOK ,917,613.78
GOLD MINI TAPE MEASURE ,916,687.2
SET OF 12 T-LIGHTS VINTAGE DOILY,915,1715.85
SMALL PARISIENNE HEART PHOTO FRAME ,915,2122.67
BAKING MOULD CHOCOLATE CUPCAKES,915,2358.89
CREAM FELT EASTER EGG BASKET,914,1446.9
FAIRY TALE COTTAGE NIGHT LIGHT,912,1717.1999999999998
WOOD STAMP SET BEST WISHES,912,820.91
SMALL PINK GLASS SUNDAE DISH,911,383.90999999999997
MADRAS NOTEBOOK MEDIUM,911,699.45
SET OF 3 CAKE TINS SKETCHBOOK,908,3942.82
BLUE DINER WALL CLOCK,907,7528.93
DOLLY GIRL CHILDRENS EGG CUP,904,1131.21
GLITTER CHRISTMAS TREE,902,405.14
WHITE BAMBOO RIBS LAMPSHADE,902,728.66
SET 36 COLOUR PENCILS LOVE LONDON,901,1053.29
SET OF 6 T-LIGHTS SNOWMEN,900,2768.48
HANGING SPRING FLOWER EGG LARGE,900,746.28
COCKTAIL SWORDS 50 PIECES,899,705.2500000000001
4 VANILLA BOTANICAL CANDLES,896,1247.5
36 DOILIES DOLLY GIRL,893,1294.85
SWEETHEART CAKESTAND 3 TIER,891,8366.65
EMERGENCY FIRST AID TIN ,890,1102.64
ROUND CAKE TIN VINTAGE RED,888,6576.88
ANTIQUE GLASS PEDESTAL BOWL,887,3212.1
BALLOON ART MAKE YOUR OWN FLOWERS,887,801.45
VINTAGE EMBOSSED HEART,886,1102.46
PARTY PIZZA DISH GREEN POLKADOT,882,309.12
3 WHITE CHOC MORRIS BOXED CANDLES,880,1357.44
GLASS JAR ENGLISH CONFECTIONERY,880,2438.2000000000003
DOORMAT TOPIARY,880,5644.46
POPPY'S PLAYHOUSE BATHROOM,876,1794.6
BAKING MOULD EASTER EGG MILK CHOC,876,2272.2000000000003
FRENCH BLUE METAL DOOR SIGN 2,874,1092.51
METAL SIGN NEIGHBOURHOOD WITCH ,874,1778.4
HEN HOUSE DECORATION,874,1442.1000000000001
LARGE POPCORN HOLDER ,873,1370.45
PASTEL COLOUR HONEYCOMB FAN,873,531.6899999999999
SMALL RED RETROSPOT MUG IN BOX ,873,2030.68
SINGLE WIRE HOOK IVORY HEART,870,1201.8999999999999
JIGSAW TREE WITH BIRDHOUSE,867,821.13
IVORY PAPER CUP CAKE CASES ,866,460.7
BAKING MOULD TOFFEE CUP CHOCOLATE,866,1935.6000000000001
GLASS APOTHECARY BOTTLE TONIC,865,3211.09
SMALL STRIPES CHOCOLATE GIFT BAG ,865,591.25
PINK  HEART CONFETTI IN TUBE,864,766.56
FLOWERS CHANDELIER T-LIGHT HOLDER,863,2770.91
MAKE YOUR OWN FLOWERPOWER CARD KIT,863,2018.8100000000002
FRENCH BLUE METAL DOOR SIGN No,859,997.2
ROUND STORAGE TIN VINTAGE LEAF,853,1552.5099999999998
BUNNY WOODEN PAINTED WITH BIRD ,851,597.31
LARGE PINK GLASS SUNDAE DISH,848,708.16
BREAD BIN DINER STYLE IVORY,847,13131.89
VINTAGE BILLBOARD DRINK ME MUG,845,1020.98
CHILDS GARDEN FORK PINK,843,716.55
FELTCRAFT HAIRBAND RED AND BLUE,842,715.6999999999999
EGG CUP NATURAL CHICKEN,840,520.48
OPIUM SCENTED VOTIVE CANDLE,840,203.27999999999997
MINI HIGHLIGHTER PENS,840,100.80000000000001
PINK OWL SOFT TOY,839,2379.05
4 LAVENDER BOTANICAL DINNER CANDLES,839,1193.75
MISTLETOE HEART WREATH GREEN,838,3435.62
MIRROR MOSAIC VOTIVE HOLDER,837,631.62
WHITE STITCHED WALL CLOCK,837,761.9
GREEN 3 PIECE POLKADOT CUTLERY SET,837,3019.23
CREAM SLICE FLANNEL PINK SPOT ,837,2209.95
RED PUDDING SPOON,837,109.74
FAMILY PHOTO FRAME CORNICE,836,7636.889999999999
DECORATIVE CATS BATHROOM BOTTLE,835,647.03
ADVENT CALENDAR GINGHAM SACK,834,4775.780000000001
HOME GARLAND PAINTED ZINC ,833,769.65
MAGIC TREE -PAPER FLOWERS,831,706.35
JUNGLE POPSICLES ICE LOLLY MOULDS,831,1038.66
ZINC  HEART T-LIGHT HOLDER,830,997.1800000000001
MAKE YOUR OWN MONSOON CARD KIT,830,1892.14
LARGE CAKE TOWEL CHOCOLATE SPOTS,829,2082.15
SWEETHEART BIRD HOUSE,829,2908.55
FELTCRAFT HAIRBAND PINK AND PURPLE,828,716.28
EASTER DECORATION EGG BUNNY ,828,654.7
ICON PLACEMAT POP ART ELVIS,827,113.64
I LOVE LONDON BEAKER,827,999.75
SET/3 CHRISTMAS DECOUPAGE CANDLES,826,841.5600000000001
"METAL SIGN,CUPCAKE SINGLE HOOK",826,584.3
AIRLINE BAG VINTAGE TOKYO 78,825,3468.63
CAKE PLATE LOVEBIRD WHITE,824,2599.2
VINTAGE CREAM DOG FOOD CONTAINER,823,6753.85
PINK HANGING HEART T-LIGHT HOLDER,823,1476.13
INFLATABLE POLITICAL GLOBE ,823,699.55
GIFT BAG PSYCHEDELIC APPLES,822,534.6600000000001
T-LIGHT HOLDER SWEETHEART HANGING,822,1574.6399999999999
ROUND SNACK BOXES SET OF 4 SKULLS,821,2325.9500000000003
WALL ART CLASSIC PUDDINGS ,821,6093.49
WOOD STAMP SET HAPPY BIRTHDAY,820,798.6700000000001
HANGING CHICK GREEN DECORATION,817,1184.6499999999999
FELTCRAFT HAIRBANDS PINK AND WHITE ,817,711.6099999999999
CHRISTMAS CARD STACK OF PRESENTS,816,196.44
BEADED CRYSTAL HEART GREEN LARGE,816,707.7
SET OF 72 SKULL PAPER  DOILIES,815,1143.35
MAGIC DRAWING SLATE GO TO THE FAIR ,814,328.92
SET OF 4 KNICK KNACK TINS POPPIES,812,3142.4
VINTAGE BEAD PINK PURSE ,812,774.7600000000001
BLUE VICTORIAN FABRIC OVAL BOX,811,293.82
CHRISTMAS MUSICAL ZINC TREE,811,290.16999999999996
DANISH ROSE ROUND SEWING BOX,811,951.79
EMPIRE UNION JACK TV DINNER TRAY,810,2145.8199999999997
MINI  ZINC GARDEN DECORATIONS ,809,297.89
RETRO PLASTIC POLKA TRAY,809,376.0
RED RETROSPOT TEA CUP AND SAUCER ,807,2519.19
S/4 PINK FLOWER CANDLES IN BOWL,805,1344.89
CERAMIC STRAWBERRY MONEY BOX,804,1859.4
WOODLAND  STICKERS,804,683.4
RED STAR CARD HOLDER,801,1723.79
SET OF 36 DOILIES SPACEBOY DESIGN ,800,1102.3999999999999
GLASS APOTHECARY BOTTLE ELIXIR,798,2951.78
CINAMMON SET OF 9 T-LIGHTS,798,672.06
FELTCRAFT HAIRBAND PINK AND BLUE,796,676.5999999999999
KIDS RAIN MAC PINK,796,672.5799999999999
SET OF 4 ROSE BOTANICAL CANDLES,795,1188.75
HANGING HEN ON NEST DECORATION,794,1310.1
BAKING MOULD HEART WHITE CHOCOLATE,792,1873.51
CERAMIC PIRATE CHEST MONEY BANK,791,1122.95
MINT KITCHEN SCALES,789,6574.29
"SWISS ROLL TOWEL, CHOCOLATE  SPOTS",788,1290.3
WOODLAND MINI BACKPACK,784,3133.6000000000004
VINTAGE BELLS GARLAND,784,2246.56
EGG CUP MILKMAID HEIDI,784,919.52
WOOD STAMP SET FLOWERS,782,806.73
CHOCOLATE CALCULATOR,779,1296.83
TRIPLE HOOK ANTIQUE IVORY ROSE,778,2526.02
VINTAGE RED ENAMEL TRIM PLATE,778,1254.9
BATH BUILDING BLOCK WORD,778,4644.53
BULL DOG BOTTLE OPENER,778,3749.5
CHRISTMAS TREE HANGING GOLD,776,690.64
SET OF 6 T-LIGHTS CACTI ,775,1987.93
PICNIC BOXES SET OF 3 RETROSPOT ,774,3607.3
ENCHANTED BIRD COATHANGER 5 HOOK,774,3470.54
BALLOON PUMP WITH 10 BALLOONS,774,1511.48
BASKET OF FLOWERS SEWING KIT,774,599.76
LARGE CAKE TOWEL PINK SPOTS,774,2288.2999999999997
RED VICTORIAN FABRIC OVAL BOX,772,277.44
TOAST ITS - I LOVE YOU ,772,955.4
ALUMINIUM STAMPED HEART,771,1852.5500000000002
GLASS  BEURRE DISH,770,2862.2200000000003
FRENCH GARDEN SIGN BLUE METAL,769,956.83
EDWARDIAN PARASOL PINK,767,4242.26
HEARTS  STICKERS,766,655.0
PARISIENNE JEWELLERY DRAWER ,765,5399.02
PACK OF 12 STICKY BUNNIES,765,497.25
ANTIQUE TALL SWIRLGLASS TRINKET POT,764,2813.38
T-LIGHT HOLDER HANGING LACE,764,646.26
HOME SWEET HOME CUSHION COVER ,763,2861.25
SET OF 4 NAPKIN CHARMS HEARTS,762,1730.82
STORAGE TIN VINTAGE LEAF,762,1948.1
GROW YOUR OWN PLANT IN A CAN ,762,934.26
TRIPLE PHOTO FRAME CORNICE ,761,6932.83
GIFT BAG BIRTHDAY,761,494.83000000000004
RATTLE SNAKE EGGS,760,596.84
ZINC HEART FLOWER T-LIGHT HOLDER,760,947.18
JINGLE BELL HEART ANTIQUE GOLD,760,1599.8700000000001
SET 12 LAVENDER  BOTANICAL T-LIGHTS,760,2069.2000000000003
LARGE IVORY HEART WALL ORGANISER,759,5142.91
200 RED + WHITE BENDY STRAWS,759,912.27
UNION STRIPE WITH FRINGE  HAMMOCK,758,5674.14
CERAMIC CAKE DESIGN SPOTTED PLATE,757,1104.8899999999999
DAIRY MAID TOASTRACK,756,690.12
BALLOONS  WRITING SET ,755,1253.95
4 PEAR BOTANICAL DINNER CANDLES,755,1093.75
DECORATION WOBBLY RABBIT METAL ,753,375.57
GLASS CLOCHE SMALL,753,2727.95
SMALL MEDINA STAMPED METAL BOWL ,752,565.21
TOAST ITS - BEST MUM,751,885.95
FRENCH BLUE METAL DOOR SIGN 3,750,939.93
CREAM SWEETHEART EGG HOLDER,750,3547.3
12 IVORY ROSE PEG PLACE SETTINGS,749,936.25
STRAWBERRY FAIRY CAKE TEAPOT,748,3638.9
SET OF 2 CERAMIC CHRISTMAS TREES,748,1065.3999999999999
CHRISTMAS TREE HANGING SILVER ,745,670.11
TOADSTOOL MONEY BOX,745,2140.15
FRENCH BLUE METAL DOOR SIGN 5,743,929.97
VINTAGE UNION JACK PENNANT,741,1444.95
RETRO MOD TRAY,739,618.13
SET OF 4 KNICK KNACK TINS LEAF,739,2970.85
BLOSSOM IMAGES GIFT WRAP SET,739,655.8000000000001
MINI JIGSAW DINOSAUR ,738,279.51
COFFEE MUG BLUE PAISLEY DESIGN,738,1252.76
ROMANTIC IMAGES GIFT WRAP SET,737,679.15
BIRD DECORATION RED RETROSPOT,736,625.5999999999999
FOLDING BUTTERFLY MIRROR IVORY ,735,597.7800000000001
SET/4 SKULL BADGES,734,913.7
KINGS CHOICE GIANT TUBE MATCHES,731,1691.25
GARAGE KEY FOB,730,489.2
DOORMAT RESPECTABLE HOUSE,729,4865.19
GOLD MUG BONE CHINA TREE OF LIFE,729,835.61
HI TEC ALPINE HAND WARMER,728,632.76
PORCELAIN T-LIGHT HOLDERS ASSORTED,728,913.63
ROSE COTTAGE KEEPSAKE BOX ,728,6565.0
CHILDS BREAKFAST SET SPACEBOY ,728,6652.0
SKULLS SQUARE TISSUE BOX,727,304.17
TOYBOX  WRAP ,726,288.92
ROSE 1 WICK MORRIS BOXED CANDLE,726,1013.52
BOTANICAL ROSE GIFT WRAP,725,304.5
HANGING FAIRY CAKE DECORATION,724,1262.1000000000001
WHITE WOOD GARDEN PLANT LADDER,723,6768.86
FELT FARM ANIMAL RABBIT,722,543.9399999999999
RED GINGHAM TEDDY BEAR ,722,2029.9800000000002
VINTAGE DOILY DELUXE SEWING KIT ,722,4194.900000000001
DOORMAT AIRMAIL ,722,4887.82
CERAMIC LOVE HEART MONEY BANK,721,429.84999999999997
CHERUB HEART DECORATION GOLD,719,620.45
GINGHAM HEART  DOORSTOP RED,714,2371.2599999999998
DOLLY GIRL MINI BACKPACK,713,2838.9500000000003
ENAMEL BREAD BIN CREAM,711,8493.5
SMALL WHITE RETROSPOT MUG IN BOX ,710,1295.04
WOODEN CROQUET GARDEN SET,709,9555.98
3 DRAWER ANTIQUE WHITE WOOD CABINET,707,6124.13
LA PALMIERA TILE COASTER,705,266.64
CHILDS GARDEN TROWEL BLUE ,705,599.25
DOILY THANK YOU CARD,703,286.62
VINTAGE CREAM CAT FOOD CONTAINER,703,4201.74
PINK LOVE HEART SHAPE CUP,702,585.78
ICON MUG REVOLUTIONARY,701,283.71
RETROSPOT PADDED SEAT CUSHION,700,2502.82
WRAP BAD HAIR DAY,700,70.0
DOORMAT PEACE ON EARTH BLUE,700,3442.04
WICKER WREATH SMALL,695,850.87
BLACK STITCHED WALL CLOCK,695,684.65
BLACK CANDELABRA T-LIGHT HOLDER,694,702.8000000000001
BLACK TEA TOWEL CLASSIC DESIGN,692,607.74
WICKER WREATH LARGE,692,1303.4599999999998
CITRONELLA CANDLE FLOWERPOT,692,1429.2
SOAP DISH BROCANTE,691,1942.45
PARTY CONES CANDY TREE DECORATION,690,552.18
HANGING PHOTO CLIP ROPE LADDER,690,1089.58
IVORY HANGING DECORATION  EGG,689,253.01
WALL ART STOP FOR TEA ,688,3748.1800000000003
VINTAGE RED MUG,687,656.37
SET/6 PURPLE BUTTERFLY T-LIGHTS,687,1314.7800000000002
WHITE LOVEBIRD LANTERN,687,1970.65
DINOSAUR PARTY BAG + STICKER SET,684,1101.44
MORE BUTTER METAL SIGN ,684,705.3100000000001
WHITE BROCANTE SOAP DISH,684,1960.2000000000003
COFFEE MUG PINK PAISLEY DESIGN,684,1559.44
BELLE JARDINIERE CUSHION COVER,683,2555.73
DRAWER KNOB CERAMIC RED,679,943.75
GLASS CHALICE BLUE SMALL ,678,369.0
PLAYING CARDS VINTAGE DOILY ,677,822.73
YELLOW METAL CHICKEN HEART ,676,938.12
3 RAFFIA RIBBONS VINTAGE CHRISTMAS,676,606.28
CHILDRENS TOY COOKING UTENSIL SET,676,1363.16
BAKING MOULD ROSE MILK CHOCOLATE,673,1964.25
WOODLAND  HEIGHT CHART STICKERS ,672,1874.4
PINK METAL CHICKEN HEART ,670,906.14
SET/3 VANILLA SCENTED CANDLE IN BOX,669,2727.97
SET OF 6 T-LIGHTS TOADSTOOLS,669,1786.1900000000003
WHITE TALL PORCELAIN T-LIGHT HOLDER,669,1461.15
RIBBON REEL SOCKS AND MITTENS,668,1097.88
SWISS ROLL TOWEL PINK  SPOTS,666,1782.18
BLUE PAISLEY TISSUE BOX,666,311.56
CERAMIC CAKE BOWL + HANGING CAKES,665,1832.15
WOODLAND SMALL RED FELT HEART,665,530.83
PARISIENNE KEY CABINET ,662,3673.7
MEDIUM CHINESE STYLE SCISSOR,662,289.98
WRAP DAISY CARPET ,660,277.2
PINK/WHITE CHRISTMAS TREE 60CM,660,433.22
ENAMEL WASH BOWL CREAM,659,2228.05
CHARLIE & LOLA WASTEPAPER BIN BLUE,657,805.75
CHILDS BREAKFAST SET DOLLY GIRL ,656,6053.05
3 TIER CAKE TIN RED AND CREAM,652,8737.78
CHARLIE + LOLA RED HOT WATER BOTTLE,651,1333.15
SMALL GLASS SUNDAE DISH CLEAR,648,730.44
FRENCH BLUE METAL DOOR SIGN 4,646,809.32
ZINC HEART LATTICE T-LIGHT HOLDER,646,784.22
ASSORTED TUTTI FRUTTI SMALL PURSE,646,780.14
FELTCRAFT GIRL NICOLE KIT,645,3169.79
WALL ART BICYCLE SAFETY,644,3412.52
BLUE FLOCK GLASS CANDLEHOLDER,644,259.96
BIRDCAGE DECORATION TEALIGHT HOLDER,643,761.57
TOY TIDY DOLLY GIRL DESIGN,642,1178.18
MIRRORED DISCO BALL ,642,3393.4
ASSORTED CIRCULAR MOBILE,640,119.99999999999999
PINK STITCHED WALL CLOCK,639,590.57
200 BENDY SKULL STRAWS,637,705.0500000000001
ANGEL DECORATION PAINTED ZINC ,635,383.95
5 HOOK HANGER MAGIC TOADSTOOL,631,964.35
YULETIDE IMAGES GIFT WRAP SET,630,467.5
MINI LADLE LOVE HEART RED ,630,252.24
RED PAPER PARASOL,629,1732.7900000000002
DECORATION WHITE CHICK MAGIC GARDEN,629,530.49
FRENCH BLUE METAL DOOR SIGN 6,627,785.57
BREAD BIN DINER STYLE RED ,626,9597.31
HEART STRING MEMO HOLDER HANGING,626,580.94
SEWING SUSAN 21 NEEDLE SET,626,542.24
SET OF 6 HALLOWEEN GHOST T-LIGHTS,624,262.08
MAKE YOUR OWN PLAYTIME CARD KIT,624,1236.2400000000002
JIGSAW TOADSTOOLS 3 PIECE,623,506.42999999999995
BLUE/CREAM STRIPE CUSHION COVER ,622,769.9
"WHITE TEA,COFFEE,SUGAR JARS",622,1134.5
FOLKART CLIP ON STARS,621,245.60999999999999
METAL MERRY CHRISTMAS WREATH,619,1154.25
FRENCH BLUE METAL DOOR SIGN 7,618,773.11
SMALL PINK MAGIC CHRISTMAS TREE,618,252.23
BIRD HOUSE HOT WATER BOTTLE,617,1562.06
DOORMAT MERRY CHRISTMAS RED ,614,4340.44
SET OF 6 STRAWBERRY CHOPSTICKS,613,725.49
SET OF 4 ENGLISH ROSE PLACEMATS,612,2194.64
CRYSTAL STUD EARRINGS ASSORTED COL ,612,232.56
RED TEA TOWEL CLASSIC DESIGN,612,728.52
UNION JACK FLAG PASSPORT COVER ,609,1190.3400000000001
"CHARLIE+LOLA""EXTREMELY BUSY"" SIGN",607,313.78
FRENCH FLORAL CUSHION COVER ,605,541.75
COTTON APRON PANTRY DESIGN,602,2670.54
CARD HOLDER GINGHAM HEART,602,1724.42
ENAMEL PINK COFFEE CONTAINER,602,545.38
LAVENDER SCENT CAKE CANDLE,600,158.64
SKULLS TAPE,598,189.98000000000002
CHILDS GARDEN TROWEL PINK,598,508.29999999999995
WAKE UP COCKEREL TILE COASTER,597,198.08999999999997
BEADED CHANDELIER T-LIGHT HOLDER,596,1298.44
CURIOUS IMAGES GIFT WRAP SET,595,565.1
SET 6 FOOTBALL CELEBRATION CANDLES,595,743.75
LETTER HOLDER HOME SWEET HOME,595,1980.31
LED TEA LIGHTS,595,1676.35
SET OF 6 HEART CHOPSTICKS,594,741.48
FELT TOADSTOOL LARGE,594,706.02
CHILDRENS GARDEN GLOVES BLUE,592,721.0
SANDWICH BATH SPONGE,589,698.25
EGG CUP MILKMAID INGRID,587,703.51
SMOKEY GREY COLOUR D.O.F. GLASS,587,204.79
HANGING HEART BONHEUR,587,495.83
SPACEBOY ROCKET LOLLY MAKERS,587,1165.28
DINOSAURS  WRITING SET ,586,975.1
RIBBON REEL FLORA + FAUNA ,585,978.37
TEA TIME KITCHEN APRON,585,3248.07
BLACK ENCHANTED FOREST PLACEMAT,585,893.25
WOODLAND DESIGN  COTTON TOTE BAG,583,1311.75
EGG CUP HENRIETTA HEN CREAM ,580,664.52
CHRISTMAS LIGHTS 10 SANTAS ,580,4100.25
"SWISS ROLL TOWEL, PINK  SPOTS",579,769.65
CERAMIC PLATE STRAWBERRY DESIGN,578,648.18
VINTAGE RED ENAMEL TRIM JUG ,578,2123.34
SNOWSTORM PHOTO FRAME FRIDGE MAGNET,577,477.96999999999997
FRENCH BLUE METAL DOOR SIGN 8,575,720.57
MISTLETOE HEART WREATH CREAM,575,2332.13
GLITTER CHRISTMAS TREE WITH BELLS,573,527.65
PARTY INVITES DINOSAURS,573,487.04999999999995
ORANGE SCENTED SET/9 T-LIGHTS,573,471.45
ZINC FINISH 15CM PLANTER POTS,573,679.01
BISCUIT TIN VINTAGE RED,572,3609.8
RECYCLED ACAPULCO MAT TURQUOISE,571,4694.75
VINTAGE CARAVAN GIFT WRAP,571,239.82
HANGING WOOD AND FELT BUTTERFLY ,569,237.54
RED RETROSPOT OVEN GLOVE DOUBLE,569,1678.5500000000002
DOORMAT CHRISTMAS VILLAGE,568,2991.7
IVORY GIANT GARDEN THERMOMETER,566,3295.7000000000003
LOCAL CAFE MUG,566,785.13
CHILDS BREAKFAST SET CIRCUS PARADE,565,4656.3
ANTIQUE ALL GLASS CANDLESTICK,565,1129.1
ASSORTED EASTER DECORATIONS  BELLS,564,650.28
REGENCY CAKE SLICE,564,2579.21
LARGE CAKE STAND  HANGING STRAWBERY,564,3854.68
SET OF 6 KASHMIR FOLKART BAUBLES,563,1014.75
WOODLAND BUNNIES LOLLY MAKERS,563,1129.28
CERAMIC CAKE STAND + HANGING CAKES,561,5074.83
IVORY CHANDELIER T-LIGHT HOLDER,560,1286.72
BAKING MOULD EASTER EGG WHITE CHOC,560,1527.2
SET OF 10 LANTERNS FAIRY LIGHT STAR,560,2248.14
EASTER TIN CHICKS PINK DAISY,560,924.0
SMALLFOLKART BAUBLE CHRISTMAS DEC,558,146.04
EMBROIDERED RIBBON REEL DAISY ,558,1075.3799999999999
CHOCOLATE 3 WICK MORRIS BOX CANDLE,557,816.25
LANDMARK FRAME CAMDEN TOWN ,557,6244.85
EMBROIDERED RIBBON REEL SUSIE ,556,1072.96
LARGE YELLOW BABUSHKA NOTEBOOK ,554,546.88
CERAMIC BOWL WITH LOVE HEART DESIGN,554,599.74
BLACK CHRISTMAS TREE 60CM,554,433.7
OFFICE MUG WARMER PINK,553,1482.89
PHOTO FRAME 3 CLASSIC HANGING,552,5357.549999999999
BEADED CRYSTAL HEART PINK LARGE,552,526.38
CHRISTMAS GINGHAM HEART,552,450.48
PINK/BLUE DISC/MIRROR STRING,551,220.40999999999997
FRENCH ENAMEL POT W LID,549,1227.41
SAVE THE PLANET COTTON TOTE BAG,549,1235.25
FRENCH BLUE METAL DOOR SIGN 0,543,678.15
FELT TOADSTOOL  SMALL,542,460.7
TRAVEL CARD WALLET VINTAGE ROSE ,541,225.78
IVORY SWEETHEART WIRE LETTER RACK ,541,1998.51
DOORMAT VINTAGE LEAF,541,3766.57
JIGSAW RABBIT AND BIRDHOUSE,540,514.7
ENAMEL WATERING CAN CREAM,539,2621.85
SKULLS WRITING SET ,538,887.7
GLASS JAR DAISY FRESH COTTON WOOL,537,1507.3500000000001
CERAMIC BOWL WITH STRAWBERRY DESIGN,537,1106.5500000000002
BRIGHT BLUES RIBBONS ,537,671.25
WOODEN ADVENT CALENDAR RED,536,5047.6
ZINC HERB GARDEN CONTAINER,535,3279.82
UNION JACK FLAG LUGGAGE TAG,534,666.71
LAVENDER TOILETTE BOTTLE,533,1066.88
T-LIGHT HOLDER HANGING LOVE BIRD,533,1965.63
GUMBALL MAGAZINE RACK,532,3909.1400000000003
ORIGAMI ROSE INCENSE IN TUBE,532,257.88
IVORY KNITTED MUG COSY ,531,841.79
ASSORTED TUTTI FRUTTI  FOB NOTEBOOK,529,437.16999999999996
ROSE SCENT CANDLE JEWELLED DRAWER,528,714.0
PACK OF 6 HANDBAG GIFT BOXES,528,1346.4
CUT GLASS HEXAGON T-LIGHT HOLDER,528,912.9599999999999
HOT STUFF HOT WATER BOTTLE,527,1686.15
EMBROIDERED RIBBON REEL EMILY ,524,1046.42
SET OF 6 VINTAGE NOTELETS KIT,522,459.0
LE JARDIN BOTANIQUE CUSHION COVER,521,1948.23
DECORATION WOBBLY CHICKEN,521,256.11
ROSE CARAVAN DOORSTOP,519,2567.61
BUTTERFLIES STICKERS,519,442.71
ASSORTED MONKEY SUCTION CUP HOOK,519,205.02
LAUREL HEART ANTIQUE GOLD,518,613.51
SET/6 BEAD COASTERS GAUZE BAG GOLD,518,230.39999999999998
BIRDHOUSE DECORATION MAGIC GARDEN,518,642.94
STOP FOR TEA WALL ART,518,2572.7
GLASS JAR DIGESTIVE BISCUITS,516,1421.1200000000001
OFFICE MUG WARMER CHOC+BLUE,516,1431.14
ROUND CAKE TIN VINTAGE GREEN,515,3887.53
FELT EGG COSY WHITE RABBIT ,514,442.35999999999996
VINTAGE BEAD PINK EVENING BAG,513,668.88
CAST IRON HOOK GARDEN FORK,513,1371.4299999999998
CHARLIE AND LOLA TABLE TINS,513,1048.35
AFGHAN SLIPPER SOCK PAIR,511,1662.95
EASTER DECORATION NATURAL CHICK,510,331.5
RED RETROSPOT SHOPPING BAG,510,1284.66
HEART MINI PORTRAIT FRAME,510,990.9
ASS DES PHONE SPONGE CRAFT STICKER,509,153.09
LARGE ANTIQUE WHITE PHOTO FRAME,507,3568.26
MIRRORED WALL ART SNOWFLAKES,507,380.25
PAPER CHAIN KIT SKULLS ,507,1415.65
MIRROR MOSAIC GOBLET CANDLE HOLDER,506,566.5
CARDHOLDER HOLLY WREATH METAL,506,1886.08
METAL SIGN HIS DINNER IS SERVED,505,493.39000000000004
TEATIME GEL PENS ASST,504,82.08
18PC WOODEN CUTLERY SET DISPOSABLE,503,595.15
DRAWER KNOB VINTAGE GLASS STAR,503,1016.97
RECTANGULAR SHAPED MIRROR,502,420.68
S/15 SILVER GLASS BAUBLES IN BAG,502,586.46
WELCOME  WOODEN BLOCK LETTERS,502,4826.67
IVORY LOVE BIRD CANDLE,502,496.72
CANDY SPOT EGG WARMER RABBIT,501,122.75
CLASSIC FRENCH STYLE BASKET NATURAL,501,2064.4700000000003
BLACK KITCHEN SCALES,501,4134.03
EASTER DECORATION SITTING BUNNY,501,407.13
PARTY INVITES SPACEMAN,500,425.0
OFFICE MUG WARMER POLKADOT,499,1443.1900000000003
SALLE DE BAIN HOOK,498,653.8199999999999
BLOSSOM  IMAGES NOTEBOOK SET,498,640.5
GLASS STAR FROSTED T-LIGHT HOLDER,497,2319.19
"AIRLINE LOUNGE,METAL SIGN",495,1007.21
BUNNY WOODEN PAINTED WITH FLOWER ,495,334.27
S/4 CACTI CANDLES,493,1965.87
STRAWBERRY RAFFIA FOOD COVER,493,1695.15
SET OF 4 FAIRY CAKE PLACEMATS ,491,856.25
S/4 IVORY MINI ROSE CANDLE IN BOWL,491,669.91
ASSORTED TUTTI FRUTTI MIRROR,490,594.26
3 GARDENIA MORRIS BOXED CANDLES,489,840.29
OWL DOORSTOP,489,2339.19
METAL TUBE CHIME ON BAMBOO,488,522.5600000000001
BLUE OWL SOFT TOY,488,1420.4
VICTORIAN SEWING BOX MEDIUM,488,3727.44
SET OF 6 GIRLS CELEBRATION CANDLES,487,604.19
CHRISTMAS HANGING SNOWFLAKE,486,421.02000000000004
SET/4 DAISY MIRROR MAGNETS,486,166.27999999999997
PAPERWEIGHT VINTAGE COLLAGE,485,612.28
BOOM BOX SPEAKER GIRLS,485,827.15
EMBROIDERED RIBBON REEL ROSIE,484,921.46
BUNNY DECORATION MAGIC GARDEN,483,406.39
PARTY INVITES JAZZ HEARTS,483,412.10999999999996
PHARMACIE FIRST AID TIN,483,3220.81
PACK 20 ENGLISH ROSE PAPER NAPKINS,481,388.69
HOT BATHS SOAP HOLDER,479,809.51
BEADED CRYSTAL HEART BLUE  LARGE,478,424.06
EASTER BUNNY GARLAND OF FLOWERS,477,200.34
POCKET BAG BLUE PAISLEY RED SPOT,477,574.66
CUBIC MUG PINK POLKADOT,477,216.26999999999998
TOMATO CHARLIE+LOLA COASTER SET,477,739.19
CALENDAR IN SEASON DESIGN,477,1222.54
BOTANICAL LAVENDER GIFT WRAP ,475,199.5
SET OF 3 BLACK FLYING DUCKS,475,2251.15
WALL ART DOG LICENCE ,474,2265.18
ASS COL CIRCLE MOBILE ,474,173.15999999999997
GIN AND TONIC DIET METAL SIGN,474,1118.46
BOHEMIAN COLLAGE STATIONERY SET,471,675.53
POTTING SHED SEED ENVELOPES,471,604.48
PARISIENNE CURIO CABINET,471,3437.3
4 LILY  BOTANICAL DINNER CANDLES,470,848.0
MIXED NUTS LIGHT GREEN BOWL,469,205.28
BEADED PEARL HEART WHITE ON STICK,469,462.17
PENCIL CASE LIFE IS BEAUTIFUL,469,1359.3500000000001
METAL SIGN CUPCAKE SINGLE HOOK,469,270.85
BABUSHKA LIGHTS STRING OF 10,467,3032.39
TEATIME PUSH DOWN RUBBER,467,105.28999999999999
MINI JIGSAW LEAP FROG,465,180.62
RED RETROSPOT TRADITIONAL TEAPOT ,464,3508.8
GUMBALL MONOCHROME COAT RACK,463,508.07
FRENCH BLUE METAL DOOR SIGN 9,462,576.9
SET 3 WICKER OVAL BASKETS W LIDS,462,5922.12
SET OF 2 WOODEN MARKET CRATES,462,5652.9
ORANGE TV TRAY TABLE ,461,908.15
SET/12 TAPER CANDLES,459,364.95
RECYCLED ACAPULCO MAT GREEN,459,3763.55
BLUE CALCULATOR RULER,459,543.01
EMBROIDERED RIBBON REEL SALLY ,458,909.14
BICYCLE SAFTEY WALL ART,458,2371.94
CHILDRENS GARDEN GLOVES PINK,458,553.5
BOOZE & WOMEN GREETING CARD ,457,187.62
CHRISTMAS TREE DECORATION WITH BELL,457,191.94
RED ENCHANTED FOREST PLACEMAT,457,730.0500000000001
PINK NEW BAROQUECANDLESTICK CANDLE,455,470.75
ASSTD COL BUTTERFLY/CRYSTAL W/CHIME,455,210.19
ORIGAMI JASMINE INCENSE/CANDLE SET,455,422.54999999999995
KINGS CHOICE TEA CADDY ,454,1335.38
CHARLIE + LOLA BISCUITS TINS,453,963.3499999999999
GLASS JAR MARMALADE ,453,1223.99
HANGING METAL RABBIT DECORATION,452,565.0
BOX OF 9 PEBBLE CANDLES,452,851.4
SET/4 BIRD MIRROR MAGNETS ,452,158.23
FRENCH PAISLEY CUSHION COVER ,452,411.84
"BLACK TEA,COFFEE,SUGAR JARS",451,779.4499999999999
CANDY SPOT EGG WARMER HARE,451,227.48999999999998
4 IVORY DINNER CANDLES SILVER FLOCK,450,913.74
 SPACEBOY BABY GIFT SET,449,7048.549999999999
SHELF WITH 4 HOOKS HOME SWEET HOME,448,2247.36
BLUE TEA TOWEL CLASSIC DESIGN,448,523.52
DOLLY HONEYCOMB GARLAND,448,403.20000000000005
DECORATION  BUTTERFLY  MAGIC GARDEN,447,375.78999999999996
URBAN BLACK RIBBONS ,447,519.22
CHARLIE+LOLA PINK HOT WATER BOTTLE,447,1107.01
AIRLINE BAG VINTAGE JET SET RED,445,1870.09
POTTING SHED ROSE CANDLE,445,1423.0300000000002
SWIRLY CIRCULAR RUBBERS IN BAG,445,156.53
HEART SHAPE WIRELESS DOORBELL,443,792.5400000000001
SET/4 RED MINI ROSE CANDLE IN BOWL,443,583.25
PARLOUR CERAMIC WALL HOOK,443,1819.25
LARGE STRIPES CHOCOLATE GIFT BAG,443,553.75
RUSTIC MIRROR WITH LACE HEART,443,2155.51
PING MICROWAVE APRON,442,793.5999999999999
APRON MODERN VINTAGE COTTON,441,927.9499999999999
BLUE NEW BAROQUE CANDLESTICK CANDLE,439,478.15
A PRETTY THANK YOU CARD,438,179.64000000000001
GREEN METAL BOX ARMY SUPPLIES,437,3474.39
PAPER CHAIN KIT LONDON,437,1243.99
SMALL SKULL WINDMILL,437,527.53
HOME SWEET HOME BOTTLE ,437,895.0400000000001
TV DINNER TRAY VINTAGE PAISLEY,437,1239.3899999999999
BIRTHDAY PARTY CORDON BARRIER TAPE,436,548.63
PINK DOG BOWL,436,613.24
PINK  HONEYCOMB PAPER FAN,436,364.6
PANTRY APPLE CORER,435,601.9499999999999
RECYCLED ACAPULCO MAT RED,435,3572.75
LANDMARK FRAME COVENT GARDEN ,435,4912.05
FOOT STOOL HOME SWEET HOME ,434,4069.9
HOME SWEET HOME KEY HOLDER,434,2148.54
SET/6 FROG PRINCE T-LIGHT CANDLES,434,628.47
ENAMEL COLANDER CREAM,434,2086.11
RED HEARTS LIGHT CHAIN ,434,844.34
BISCUIT TIN VINTAGE GREEN,433,2685.13
BLACK PIRATE TREASURE CHEST,432,502.38
HOT WATER BOTTLE SEX BOMB,432,1832.0
CAT BOWL VINTAGE CREAM,431,1396.95
FAIRY CAKE BIRTHDAY CANDLE SET,428,1547.4
BLUE COAT RACK PARIS FASHION,427,1974.69
BLUE GLASS GEMS IN BAG,427,291.25
BLUE GIANT GARDEN THERMOMETER,426,2511.7200000000003
DOORMAT VINTAGE LEAVES DESIGN ,426,2833.7000000000003
VICTORIAN SEWING BOX LARGE,425,5014.23
CARROT CHARLIE+LOLA COASTER SET,425,545.99
BATHROOM METAL SIGN ,424,566.8
ROSE FOLKART HEART DECORATIONS,423,504.64
PSYCHEDELIC TILE COASTER,423,178.0
ENGLISH ROSE SCENTED HANGING FLOWER,422,365.5
PINK PAPER PARASOL ,422,1230.5800000000002
FANNY'S REST STOPMETAL SIGN,421,879.1800000000001
PAPER BUNTING VINTAGE PARTY,420,1175.0
DOLLY GIRL BABY GIFT SET,419,6534.049999999999
DAISIES  HONEYCOMB GARLAND ,419,691.35
LANDMARK FRAME OXFORD STREET,419,4730.65
LANDMARK FRAME NOTTING HILL ,419,4730.65
SET OF 6 CAKE CHOPSTICKS,417,541.82
PINK  HONEYCOMB PAPER BALL ,417,607.86
CREAM WALL PLANTER HEART SHAPED,416,2396.71
SMALL BONNE JAM JAR  T-LIGHT HOLDER,416,795.6800000000001
PEARLISED IVORY HEART LARGE ,415,651.15
RED/CREAM STRIPE CUSHION COVER ,414,509.9
WHITE CHRISTMAS STAR DECORATION,414,173.88
BUNNY EGG GARLAND,413,173.46
PARTY INVITES FOOTBALL,412,350.2
FAIRY CAKE DESIGN UMBRELLA,411,1482.87
FELT EGG COSY BLUE RABBIT ,410,351.62
RAIN PONCHO ,410,267.1
LANDMARK FRAME LONDON BRIDGE ,410,4604.2
ROMANTIC IMAGES NOTEBOOK SET,409,547.25
GINGHAM RECIPE BOOK BOX,409,1966.95
DOG LICENCE WALL ART,408,2081.64
RUSTIC STRAWBERRY JAM POT SMALL,408,642.0
BLUE ROSE FABRIC MIRROR,408,487.34
SET 10 LIGHTS NIGHT OWL,407,2593.65
SINGLE WIRE HOOK PINK HEART,406,502.38
6PC WOOD PLATE SET DISPOSABLE,405,443.25
LOVE GARLAND PAINTED ZINC ,405,672.65
EGG FRYING PAN RED ,405,820.32
EASTER TIN BUCKET,405,931.95
LAUREL STAR ANTIQUE SILVER ,404,504.6
COLUMBIAN CANDLE ROUND,404,272.32
UNION STRIPE CUSHION COVER ,403,503.75
TUMBLER BAROQUE,402,156.78
POTTING SHED CANDLE CITRONELLA,402,1250.82
PARTY CONES CARNIVAL ASSORTED,402,479.7
CHARLOTTE BAG ALPHABET  DESIGN,400,320.5
ENGLISH ROSE NOTEBOOK A6 SIZE,398,185.1
FRENCH LATTICE CUSHION COVER ,396,337.71999999999997
FIVE HEART HANGING DECORATION,396,1161.0000000000002
GREEN GIANT GARDEN THERMOMETER,395,2278.25
LARGE WHITE HONEYCOMB PAPER BELL  ,394,788.04
SET OF 3 COLOURED  FLYING DUCKS,393,1882.6499999999999
IVORY ENCHANTED FOREST PLACEMAT,393,624.45
IVORY PILLAR CANDLE SILVER FLOCK,393,725.19
POSTE FRANCE CUSHION COVER,392,1470.0
12 RED ROSE PEG PLACE SETTINGS,392,490.0
VINTAGE CHRISTMAS TABLECLOTH,391,4638.52
SMALL LICORICE DES PINK BOWL,391,252.63
BIRD DECORATION GREEN POLKADOT,390,331.5
SET 10 NIGHT OWL LIGHTS,388,2510.34
ENAMEL PINK TEA CONTAINER,388,374.11
MEASURING TAPE BABUSHKA PINK,388,1094.8000000000002
SEASIDE FLYING DISC,387,472.77
GREEN BIRDHOUSE DECORATION,386,229.45999999999998
MINI JIGSAW GO TO THE FAIR,386,151.07999999999998
VILLAGE SHOW WALL ART,386,2072.42
VINTAGE CREAM 3 BASKET CAKE STAND,385,3667.23
ORIGAMI ROSE INCENSE/CANDLE SET ,385,362.95
UNION FLAG WINDSOCK,385,421.97
CHOC TRUFFLE GOLD TRINKET POT ,385,562.53
RIDGED GLASS T-LIGHT HOLDER,384,249.60000000000002
RETROSPOT CANDLE  SMALL,384,311.84000000000003
FELT FARM ANIMAL HEN,384,240.96
DECORATION  PINK CHICK MAGIC GARDEN,382,320.53999999999996
FRYING PAN RED RETROSPOT,382,1323.0
SILVER FABRIC MIRROR,381,159.26
FOLK ART METAL STAR T-LIGHT HOLDER,381,150.54
BLUE BIRDHOUSE DECORATION,376,223.29999999999998
WRAP RED DOILEY,375,157.5
WRAP CAROUSEL,375,157.5
CAST IRON HOOK GARDEN TROWEL,375,962.73
CARDHOLDER GINGHAM CHRISTMAS TREE,374,1250.84
BABY BOOM RIBBONS ,374,467.5
PANDA AND BUNNIES STICKER SHEET,372,316.2
LAUREL STAR ANTIQUE GOLD,372,465.81
CHILDS GARDEN BRUSH PINK,370,741.0
ANTIQUE SILVER BAUBLE LAMP  ,369,3437.7000000000003
WOODEN ADVENT CALENDAR CREAM,369,5323.05
ALPHABET HEARTS STICKER SHEET,367,311.95
ROUND PURPLE CLOCK WITH SUCKER,365,69.35
ORIGAMI SANDLEWOOD INCENSE/CAND SET,365,329.05
SNOWFLAKE PORTABLE TABLE LIGHT ,365,1122.19
SILK PURSE BABUSHKA PINK,364,1214.3300000000002
BOTANICAL LAVENDER BIRTHDAY CARD,363,158.61
MINT DINER WALL CLOCK,363,3034.5
ORIGAMI LAVENDER INCENSE/CANDL SET ,362,341.8
3 TIER CAKE TIN GREEN AND CREAM,362,4924.66
SET OF 4 PISTACHIO LOVEBIRD COASTER,362,314.27
CHARLIE+LOLA MY ROOM DOOR SIGN,362,205.98
BOTANICAL LILY GREETING CARD,361,151.62
BLUE POLKADOT WASHING UP GLOVES,360,756.0
LARGE WHITE/PINK ROSE ART FLOWER,360,639.36
NOVELTY BISCUITS CAKE STAND 3 TIER,360,3445.4199999999996
CHRISTMAS CARD SINGING ANGEL,360,151.2
TV DINNER TRAY AIR HOSTESS ,359,1092.73
 I LOVE LONDON MINI BACKPACK,359,1449.8500000000001
EGG FRYING PAN IVORY ,358,722.5600000000001
VINTAGE UNION JACK CUSHION COVER,358,1755.3
SET/4 WHITE RETRO STORAGE CUBES ,357,13007.150000000001
EMBROIDERED RIBBON REEL RACHEL ,357,954.93
PARTY INVITES BALLOON GIRL,356,302.59999999999997
SET/6 PINK BIRD T-LIGHT CANDLES,355,497.21
COSMETIC BAG VINTAGE ROSE PAISLEY,355,728.62
ASSORTED SHAPES PHOTO CLIP SILVER ,355,164.51
"ART LIGHTS,FUNK MONKEY",355,950.45
DOG BOWL VINTAGE CREAM,354,1507.92
BLUE STONES ON WIRE FOR CANDLE,352,29.59
TREE T-LIGHT HOLDER WILLIE WINKIE,352,522.74
CHOCOLATE 1 WICK MORRIS BOX CANDLE,352,553.58
HEART MIRROR ANTIQUE WHITE,351,2269.14
RETROSPOT CANDLE  MEDIUM,350,357.62
BLUE FELT EASTER EGG BASKET,350,577.5
DRAGONS BLOOD INCENSE,349,73.29
FELTCRAFT BOY JEAN-PAUL KIT,349,1711.23
GLASS JAR PEACOCK BATH SALTS,349,987.23
SET/3 OCEAN SCENT CANDLE JEWEL BOX,348,1435.0
EGG CUP MILKMAID HELGA ,348,435.0
PAISLEY PARK CARD,348,141.84
MIRRORED WALL ART STARS,348,360.0
LANDMARK FRAME BAKER STREET ,347,3867.85
PAPER LANTERN 9 POINT DELUXE STAR,347,2091.55
STANDING FAIRY POLE SUPPORT ,346,278.5
SMALL HAMMERED SILVER CANDLEPOT ,346,1020.7000000000002
MONEY BOX POCKET MONEY DESIGN,345,348.69
RETRO PLASTIC 70'S TRAY,343,146.55
DOORMAT WELCOME SUNRISE,343,2260.69
PEACE WOODEN BLOCK LETTERS,342,1699.66
TEA FOR ONE POLKADOT,341,1502.01
RED RETROSPOT PURSE ,340,998.2000000000002
SET/3 ROSE CANDLE IN JEWELLED BOX,339,1402.03
JASMINE VOTIVE CANDLE,338,90.33999999999999
TEA TIME TEAPOT IN GIFT BOX,338,1972.46
POMPOM CURTAIN,337,1570.15
FLOWER VINE RAFFIA FOOD COVER,336,1271.13
BOTANICAL ROSE GREETING CARD,336,141.12
EAU DE NIL LOVE BIRD CANDLE,336,353.72
"DECOUPAGE,GREETING CARD,",336,141.12
CHERRY BLOSSOM  DECORATIVE FLASK,336,1242.72
RECYCLED ACAPULCO MAT BLUE,335,2741.35
SET OF 4 BLACK LOVEBIRD COASTERS,334,318.44
MOUSE TOY WITH PINK T-SHIRT,334,1256.3
WALL ART 70'S ALPHABET ,334,2399.58
CHILDS GARDEN BRUSH BLUE,333,663.3000000000001
MEASURING TAPE BABUSHKA BLUE,333,948.7500000000001
LOVE HEART SOCK HANGER,333,530.25
NOEL WOODEN BLOCK LETTERS ,332,1924.94
CLASSIC FRENCH STYLE BASKET GREEN ,331,1388.65
VINTAGE BEAD PINK SCARF ,330,557.1
CAKE STAND WHITE TWO TIER LACE,330,2254.5
GLASS CLOCHE LARGE,329,2581.45
FUNKY MONKEY GIFT BAG MEDIUM,329,138.18
PAPERWEIGHT SAVE THE PLANET,329,596.91
TEA TIME DES TEA COSY,328,813.61
WHITE BELL HONEYCOMB PAPER GARLAND ,328,522.0
RED RETROSPOT LUGGAGE TAG,327,408.75
DOORMAT I LOVE LONDON,327,2157.33
T-LIGHT HOLDER WHITE LACE,327,182.31
TOAST ITS - HAPPY BIRTHDAY,327,408.75
RED COAT RACK PARIS FASHION,327,1479.69
RED RETROSPOT PUDDING BOWL,326,1337.5
FRYING PAN PINK POLKADOT,326,1209.54
HOME SWEET HOME HOOK,326,405.6
WALL ART VINTAGE HEART,326,1273.92
MARIE ANTOINETTE TRINKET BOX SILVER,326,1099.0
SUMMER FUN DESIGN SHOWER CAP,325,116.32999999999998
WHITE HEARTS WIRE PLANT POT HOLDER,324,873.5600000000001
KINGS CHOICE BISCUIT TIN,324,1332.6
S/12 MINI RABBIT EASTER,324,515.4
CRYSTAL STUD EARRINGS CLEAR DISPLAY,324,123.12
SET/4 BADGES BALLOON GIRL,323,408.59
CARDHOLDER GINGHAM STAR,323,940.49
12 DAISY PEGS IN WOOD BOX,322,531.3
WALL ART BUFFALO BILL ,321,932.6700000000001
DAIRY MAID LARGE MILK JUG,321,1563.75
SET OF 6 T-LIGHTS EASTER CHICKS,320,899.8000000000002
CARD HOLDER LOVE BIRD SMALL,320,1255.76
HAWAIIAN GRASS SKIRT ,319,368.35
MONEY BOX KINGS CHOICE DESIGN,319,336.89
RECYCLED ACAPULCO MAT PINK,318,2589.9
DOLLY GIRL WALL ART,318,1055.94
FRENCH STYLE STORAGE JAR JAM,317,114.85
PAINTED PINK RABBIT ,317,269.45
DRAWER KNOB VINTAGE GLASS BALL,317,669.61
SILVER PLATE CANDLE BOWL SMALL,316,932.2000000000002
ROSE SCENT CANDLE IN JEWELLED BOX,315,1271.67
CAKE PLATE LOVEBIRD PINK,315,902.85
OVAL  MINI PORTRAIT FRAME,315,611.85
PARTY FOOD SHOPPER BAG,314,373.5
EMBROIDERED RIBBON REEL REBECCA ,312,860.88
MARIE ANTOINETTE TRINKET BOX GOLD,312,1167.6
EUCALYPTUS & PINECONE  WREATH,311,1118.65
WALL ART DOLLY GIRL ,311,896.3700000000001
EIGHT PIECE SNAKE  SET,311,388.75
PHOTO FRAME LINEN AND LACE SMALL,310,644.8000000000001
MILK PAN RED RETROSPOT,310,996.13
JAM CLOCK MAGNET,309,838.47
CAKE STAND 3 TIER MAGIC GARDEN,308,3624.5999999999995
PINK HEART SHAPE PHOTO FRAME,307,476.35
BLUE PAPER PARASOL ,307,865.6500000000001
FRAPPUCINO SCARF KNITTING KIT,307,413.83
SPACEBOY WALL ART,306,885.9000000000001
VINTAGE SEASIDE JIGSAW PUZZLES,305,1142.53
75 GREEN PETIT FOUR CASES,305,128.1
SET OF 4 KNICK KNACK TINS LEAVES ,304,1237.2
CLOCK MAGNET MUM'S KITCHEN,304,837.88
TOAST ITS - FAIRY FLOWER,303,361.9
VINTAGE UNION JACK APRON,303,2112.39
SMALL REGAL  SILVER CANDLEPOT ,303,817.0500000000001
WOODEN SKITTLES GARDEN SET,303,4304.849999999999
EAU DE NILE HEART SHAPE PHOTO FRAME,303,471.15000000000003
BREAD BIN DINER STYLE MINT,302,4612.66
GREEN METAL SWINGING BUNNY,302,256.7
RED RETROSPOT APRON ,302,1796.9
BREAD BIN DINER STYLE PINK,301,4581.4
LOVELY BONBON STICKER SHEET,301,255.85
4 WILDFLOWER BOTANICAL CANDLES,301,471.25
WHITE WIRE EGG HOLDER,301,1881.15
SET OF 6 FUNKY BEAKERS,300,854.0400000000001
SWEETHEART WIRE MAGAZINE RACK,300,2373.0
RETROSPOT LAMP,299,2922.85
PORCELAIN ROSE LARGE ,298,345.14
RED RETROSPOT STORAGE JAR,298,1067.1
EAU DE NILE JEWELLED PHOTOFRAME,297,522.45
MEDIUM MEDINA STAMPED METAL BOWL ,297,876.1500000000001
WOODLAND SMALL BLUE FELT HEART,297,246.51000000000002
WHITE CANDYSTUFT ARTIFICIAL FLOWER,296,394.15999999999997
HANGING WOOD AND FELT HEART,296,124.32
PARISIENNE SEWING BOX,296,3464.8
CLASSIC FRENCH STYLE BASKET BROWN,296,1240.44
PARTY CONES CANDY DECORATION,296,233.27999999999997
PSYCHEDELIC TILE HOOK,295,166.35
BOX OF 6 ASSORTED COLOUR TEASPOONS,295,1267.99
ANTIQUE GLASS HEART DECORATION ,295,575.25
MIRRORED WALL ART SKULLS,294,400.0
3D HEARTS  HONEYCOMB PAPER GARLAND,294,838.5000000000001
HENRIETTA HEN MUG ,293,483.45000000000005
GROW YOUR OWN FLOWERS SET OF 3,292,1177.8
SET OF 36 DINOSAUR PAPER DOILIES,292,423.4
EASTER TIN CHICKS IN GARDEN,292,481.8
TEA COSY RED  STRIPE,292,706.83
TABLECLOTH RED APPLES DESIGN ,291,2821.95
PIZZA PLATE IN BOX,291,962.48
BLUE PAISLEY POCKET BOOK,291,247.35
TV DINNER TRAY DOLLY GIRL,291,1224.17
GROOVY CACTUS INFLATABLE,291,114.41
EMBROIDERED RIBBON REEL SOPHIE  ,291,1025.01
COFFEE SCENT PILLAR CANDLE,291,276.45
FRENCH ENAMEL WATER BASIN,290,771.21
3D DOG PICTURE PLAYING CARDS,290,855.5
COCKLE SHELL DISH,289,420.88
SET/5 RED SPOTTY LID GLASS BOWLS,288,734.4
GLITTER HEART GARLAND WITH BELLS ,288,1068.59
DRAWER KNOB VINTAGE GLASS HEXAGON,287,596.96
ANT WHITE WIRE HEART SPIRAL,286,1076.66
MIRROR MOSAIC HURRICANE LAMP ,286,584.9
CIRCUS PARADE BABY GIFT SET,285,4444.75
DECORATIVE FLORE BATHROOM BOTTLE,283,313.91
FELT FARM ANIMAL SHEEP,283,194.39
PINK DINER WALL CLOCK,281,2317.1
WOODLAND SMALL PINK FELT HEART,280,232.4
ASS COLOUR GLOWING TIARAS,279,211.95
SKULL DESIGN TV DINNER TRAY,278,1211.1000000000001
WOODLAND LARGE PINK FELT HEART,278,307.18
MIDNIGHT GLAMOUR SCARF KNITTING KIT,277,385.52
SMALL SILVER FLOWER CANDLE POT,277,817.1500000000001
SILVER APERITIF GLASS,276,128.4
MIRRORED WALL ART POPPIES,275,274.65
ZINC HEARTS PLANT POT HOLDER,275,746.15
STAR PORTABLE TABLE LIGHT ,274,750.7
HANGING ENGRAVED METAL HEART,274,1137.1000000000001
SWEETIES  STICKERS,274,232.89999999999998
"DECORATION , WOBBLY RABBIT , METAL ",272,448.8
3D SHEET OF DOG STICKERS,272,231.98
SILVER RECORD COVER FRAME,272,955.86
PAINTED YELLOW WOODEN DAISY,271,230.35
PURPLE PAPER PARASOL,271,779.45
CAT AND BIRD WALL ART,270,323.64
ORIGAMI VANILLA INCENSE/CANDLE SET ,270,244.9
YELLOW COAT RACK PARIS FASHION,270,1222.74
TREASURE AHOY WALL ART,270,833.46
MADRAS NOTEBOOK LARGE ,270,367.5
HEN HOUSE W CHICK STANDING,270,107.39999999999999
KEEP CALM WALL ART ,269,2015.97
SQUARE MINI PORTRAIT FRAME,268,519.0
PACK 6 HEART/ICE-CREAM PATCHES,268,337.42
"DIAMANTE HEART SHAPED WALL MIRROR, ",267,1490.65
ANIMALS AND NATURE WALL ART,267,923.97
APRON APPLE DELIGHT,267,1286.65
ANTIQUE HEART SHELF UNIT,267,3879.15
RED FLOWER CROCHET FOOD COVER,267,982.49
SET OF 3 BABUSHKA STACKING TINS,267,1321.6499999999999
"ACRYLIC HANGING JEWEL,BLUE",266,101.08
MAGIC GARDEN FELT GARLAND ,266,531.78
RECYCLED ACAPULCO MAT LAVENDER,266,2189.7
MOCK LOBSTER FRIDGE MAGNET,266,116.61999999999999
WHITE GOOSE FEATHER CHRISTMAS TREE ,265,781.7500000000001
BANK ACCOUNT  GREETING  CARD ,265,106.98
BLUE POT PLANT CANDLE ,263,794.45
RAINBOW PEGS PHOTO CLIP STRING,262,148.88
GLITTER CHRISTMAS HEART ,262,222.7
"ACRYLIC JEWEL ICICLE, PINK",261,99.18
PINK UNION JACK  LUGGAGE TAG,261,330.02
RUSTIC STRAWBERRY JAM POT LARGE ,261,531.84
CHILDS GARDEN SPADE BLUE,260,537.0
GRASS HOPPER WOODEN WALL CLOCK ,260,324.04
RIDGED BONNE JAM JAR T-LIGHT HOLDER,260,411.44
GARDENIA 3 WICK MORRIS BOXED CANDLE,260,677.04
DANISH ROSE TRINKET TRAYS,259,483.05
PAPERWEIGHT CHILDHOOD MEMORIES,259,405.62
BOTANICAL GARDENS WALL CLOCK ,259,5719.0
"TRAY, BREAKFAST IN BED",259,3089.85
BAKING MOULD ROSE WHITE CHOCOLATE,258,766.88
HANGING BAUBLE T-LIGHT HOLDER SMALL,258,566.5500000000001
FELT FARM ANIMAL CHICKEN,257,321.25
GREY FLORAL FELTCRAFT SHOULDER BAG,256,960.0
6 EGG HOUSE PAINTED WOOD,256,2043.04
HORSE & PONY WALL ART,256,797.3100000000001
SET OF 4 NAPKIN CHARMS CROWNS ,255,394.42
RETROSPOT CANDLE  LARGE,255,279.37
HOME SWEET HOME 3 PEG HANGER ,255,934.1700000000001
FELT EGG COSY LADYBIRD ,255,124.83
LARGE BONNE JAM JAR  T-LIGHT HOLDER,254,662.0600000000001
WHITE GOOSE FEATHER TREE 60CM ,254,495.29999999999995
DOORMAT NEIGHBOURHOOD WITCH ,253,1645.67
SET OF 4 NAPKIN CHARMS STARS   ,253,516.8
WASH BAG VINTAGE ROSE PAISLEY,253,645.15
STRIPEY CHOCOLATE NESTING BOXES,253,707.95
BELL HEART DECORATION,252,387.0
SET/6 EAU DE NIL BIRD T-LIGHTS,252,366.23
DOG AND BALL WALL ART,252,425.88
RETRO PLASTIC DAISY TRAY,252,116.59
DOLLY MIXTURE CHILDREN'S UMBRELLA,252,822.38
YELLOW GIANT GARDEN THERMOMETER,251,1535.5700000000002
BOTANICAL LILY GIFT WRAP,250,105.0
GARLAND WITH STARS AND BELLS,250,1187.1000000000001
POLKA DOT RAFFIA FOOD COVER,250,941.21
AIRLINE BAG VINTAGE JET SET BROWN,250,1043.3
WHITE/PINK CHICK DECORATION,249,283.89
ZINC SWEETHEART WIRE LETTER RACK,248,923.63
SET OF 2 TRAYS HOME SWEET HOME,248,2426.72
BUFFALO BILL WALL ART ,246,845.22
PAPER BUNTING PAISLEY PARK,246,661.7
PAPER LANTERN 9 POINT SNOW STAR,246,1040.1
LARGE DECO JEWELLERY STAND,246,2977.8
TOADSTOOL BEDSIDE LIGHT ,246,2180.7
RETROSPOT BABUSHKA DOORSTOP,245,455.87
DISCO BALL ROTATOR BATTERY OPERATED,244,1034.0
HEART BEADED TRELLIS DECORATION,244,507.52000000000004
SPACEBOY TV DINNER TRAY,244,1009.04
SET OF 6 T-LIGHTS WEDDING CAKE ,243,595.6500000000001
SET OF 6 RIBBONS PERFECTLY PRETTY  ,243,678.27
OVERNIGHT BAG VINTAGE ROSE PAISLEY,243,1202.85
MULTICOLOUR  CONFETTI IN TUBE,243,322.71
SET OF 2 ROUND TINS DUTCH CHEESE,242,474.14000000000004
PACK 20 DOLLY PEGS,242,174.5
MINI LADLE LOVE HEART PINK,242,106.56
SET 3 WICKER STORAGE BASKETS ,241,3399.95
CUT GLASS T-LIGHT HOLDER OCTAGON,241,511.35
SET OF 2 ROUND TINS CAMEMBERT ,241,512.23
MISELTOE HEART WREATH CREAM,240,996.0
PINK HORSE SOCK PUPPET,240,688.8000000000001
WHITE HANGING BEADS CANDLE HOLDER,238,1239.5
STORAGE TIN HOME SWEET HOME,237,435.43
CHILDS GARDEN SPADE PINK,237,488.70000000000005
SET OF 2 TINS JARDIN DE PROVENCE,235,826.5500000000001
"RETRO PILL BOX KEY CHAIN,THE KING",235,43.65
RED REFECTORY CLOCK ,235,2212.25
HOME SWEET HOME 2 DRAWER CABINET,235,1128.05
PAPER LANTERN 9 POINT SNOW STAR ,234,1249.5
ASSORTED TUTTI FRUTTI NOTEBOOK,233,489.3
BROWN CHECK CAT DOORSTOP ,233,965.0
KITTENS DESIGN FLANNEL,232,177.88
PINK LOVE BIRD CANDLE,232,236.48000000000002
FAIRY SOAP SOAP HOLDER,232,392.08
SET/6 GREEN SPRING PAPER CUPS,231,45.73
SAVOY ART DECO CLOCK,231,1251.25
MULTI HEARTS  STICKERS,231,196.35
PINK ENAMEL+GLASS HAIR COMB,231,413.7
LARGE CAKE STAND HANGING HEARTS,231,1111.05
BLUE POLKADOT PASSPORT COVER,231,233.34
FROSTED WHITE BASE ,229,106.44999999999999
SET/4 BADGES DOGS,229,299.56
SMALL DECO JEWELLERY STAND,229,1831.65
WALL ART LOVES' SECRET ,229,1082.1100000000001
BLUE POLKADOT KIDS BAG,228,456.35999999999996
MEASURING TAPE BABUSHKA RED,228,639.0
WOODEN REGATTA BUNTING,228,1356.6000000000001
FOLDING UMBRELLA RED/WHITE POLKADOT,228,1129.63
WOODLAND STORAGE BOX LARGE ,227,612.0500000000001
WALL ART VILLAGE SHOW ,227,1201.6100000000001
STOOL HOME SWEET HOME ,227,2635.9
"DECORATION , WOBBLY CHICKEN, METAL ",227,374.55
VINTAGE JINGLE BELLS HEART,226,1864.5
PACK OF 6 PANETTONE GIFT BOXES,226,513.9100000000001
LOVE POTION MASALA INCENSE,225,47.25
STRAWBERRIES  DESIGN FLANNEL ,225,190.79
GLITTER STAR GARLAND WITH BELLS ,223,825.45
MONEY BOX HOUSEKEEPING DESIGN,223,212.88
SWEETHEART 3 TIER CAKE STAND ,222,2174.1
S/4 BLACK MINI ROSE CANDLE IN BOWL,222,129.94
PINK STOCKING CHRISTMAS DECORATION,222,84.36
50CM METAL STRING WITH  7 CLIPS,221,163.37
ENAMEL FIRE BUCKET CREAM,221,1528.73
AIRLINE BAG VINTAGE WORLD CHAMPION ,221,935.33
SPOTTY PINK DUCK DOORSTOP,221,752.51
EMBOSSED HEART TRINKET BOX,221,444.02000000000004
S/12 VANILLA  BOTANICAL T-LIGHTS,221,632.7500000000001
CARD HOLDER LOVE BIRD LARGE ,220,1323.4
CINDERELLA CHANDELIER ,220,3617.6000000000004
SPRIG LAVENDER ARTIFICIAL FLOWER,220,155.48
SMALL SILVER TRELLIS CANDLEPOT,220,649.0000000000001
PINK UNION JACK  PASSPORT COVER ,220,457.08000000000004
VINTAGE UNION JACK SHOPPING BAG,219,1016.85
JARDIN ETCHED GLASS CHEESE DISH,219,575.45
EMBROIDERED RIBBON REEL CLAIRE,219,755.01
GARDEN PATH JOURNAL,218,534.46
BROWN  PIRATE TREASURE CHEST ,218,237.48
JOY WOODEN BLOCK LETTERS,217,742.63
GARLAND WITH HEARTS AND BELLS,217,1032.15
PEARLISED IVORY HEART SMALL ,217,266.21
 TRELLIS COAT RACK,217,1016.5500000000001
MONEY BOX BISCUITS DESIGN,216,270.0
3D SHEET OF CAT STICKERS,216,183.6
CLASSIC SUGAR DISPENSER,216,247.32
CHRISTMAS HANGING HEART WITH BELL,216,270.0
ASSORTED TUTTI FRUTTI HEART BOX,215,268.75
CHERRY CROCHET FOOD COVER,215,813.67
12 PINK ROSE PEG PLACE SETTINGS,214,267.5
BLUE PAISLEY JOURNAL ,214,534.32
CAKE STAND LOVEBIRD 2 TIER WHITE,213,1489.55
WOODLAND STORAGE BOX SMALL,213,411.30000000000007
SWEETHEART WIRE WALL TIDY,213,2046.85
ANGEL DECORATION WITH LACE PADDED,212,180.2
HAND TOWEL PALE BLUE W FLOWERS,212,407.4
ROUND BLUE CLOCK WITH SUCKER,211,40.09
MR ROBOT SOFT TOY,211,626.45
FLOWERS  STICKERS,211,191.04999999999998
HAPPY EASTER HANGING DECORATION,210,770.22
WALL ART GARDEN HAVEN ,210,936.34
16 PIECE CUTLERY SET PANTRY DESIGN,210,3018.2999999999997
TWO DOOR CURIO CABINET,210,2551.95
WALL ART HORSE & PONY ,209,644.6700000000001
GINGHAM BABUSHKA DOORSTOP,209,400.87
BLACK CHRISTMAS TREE 120CM,209,503.85
I LOVE LONDON BABY GIFT SET,209,3262.5499999999997
MULTICOLOUR 3D BALLS GARLAND,209,532.95
PHOTO FRAME LINEN AND LACE LARGE,208,771.72
CUPID DESIGN SCENTED CANDLES,208,436.40000000000003
HOME SMALL WOOD LETTERS,207,1024.65
MULTICOLOUR RABBIT EGG WARMER,205,194.14999999999998
WALL ART WORK REST AND PLAY  ,205,853.47
CREAM SWEETHEART LETTER RACK,205,866.05
BROCANTE COAT RACK,205,1734.05
PHOTO CLIP LINE,204,256.21
CAKE STAND VICTORIAN FILIGREE SMALL,204,713.8000000000001
MILK MAIDS MUG ,204,336.6
VINTAGE UNION JACK DOORSTOP,203,1184.8500000000001
SEWING BOX RETROSPOT DESIGN ,203,1923.85
PINK POLKADOT PLATE ,202,318.34
CLAM SHELL SMALL ,202,375.73
PANTRY 3 HOOK ROLLING PIN HANGER,202,757.5
IVORY REFECTORY CLOCK,202,1894.6999999999998
SET/4 BADGES CUTE CREATURES,201,262.14
BLACK LOVE BIRD CANDLE,201,191.49
VINTAGE RED TEATIME MUG,201,246.88
GREEN HEART COMPACT MIRROR,201,251.25
SILK PURSE BABUSHKA RED,201,654.1500000000001
LUNCH BAG RED SPOTTY,200,290.0
WRAP FOLK ART,200,84.0
TRANQUILITY MASALA INCENSE,200,42.0
HAND TOWEL PINK FLOWER AND DAISY,199,281.95
EGG FRYING PAN PINK ,199,415.97
GARDENIA 1 WICK MORRIS BOXED CANDLE,199,631.03
RETRO LONGBOARD IRONING BOARD COVER,198,250.0
WOODLAND LARGE RED FELT HEART,198,247.5
STRIPY DESIGN SHOWER CAP,197,70.57
SWEETHEART WIRE FRUIT BOWL,197,1489.3
PANTRY HOOK BALLOON WHISK ,196,407.68
SMOKEY GREY COLOUR GLASS,196,56.83999999999999
PINK HEARTS LIGHT CHAIN ,196,381.0
SILVER GLASS T-LIGHT SET,196,502.47999999999996
ASSORTED COLOUR SUCTION CUP HOOK,196,37.24
COSY HOUR GIANT TUBE MATCHES,195,475.65
RED HEART LUGGAGE TAG,195,243.75
FELTCRAFT DOLL MARIA,194,553.1
SET/4 BADGES BEETLES,194,252.18
CANDLE HOLDER SILVER MADELINE,193,315.29
CREAM SLICE FLANNEL CHOCOLATE SPOT ,193,530.95
FUNKY MONKEY CUSHION COVER,193,164.04999999999998
ICE CREAM DESIGN GARDEN PARASOL,193,894.35
PINK FLOWER CROCHET FOOD COVER,193,727.46
PORCELAIN BUTTERFLY OIL BURNER,193,540.5500000000001
ENGLISH ROSE SMALL SCENTED FLOWER,192,163.2
DOGGY RUBBER,192,40.32
"NURSERY A,B,C PAINTED LETTERS",192,859.2
T-LIGHT HOLDER SILVER HEART HANDLE,192,370.79999999999995
LARGE ROUND WICKER PLATTER ,192,1142.4
SET OF 3 PANTRY WOODEN SPOONS,192,240.0
AIRLINE BAG VINTAGE JET SET WHITE,191,812.19
PACK 3 IRON ON DOG PATCHES,191,239.96
MAGAZINE RACK GEBRA ASSORTED ,190,246.5
KEY CABINET MA CAMPAGNE,190,1855.6999999999998
PINK POT PLANT CANDLE,189,516.25
CANDY SPOT HAND BAG,188,385.27000000000004
"RETRO PILL BOX , REVOLUTIONARY",188,34.72
CLASSICAL ROSE CANDLESTAND,187,147.35000000000002
DOOR HANGER  MUM + DADS ROOM,187,271.15
PINK ROSE FABRIC MIRROR,187,231.47
PIN CUSHION BABUSHKA RED,187,576.3100000000001
EGG CUP HENRIETTA HEN PINK,187,233.75
GLASS CHALICE GREEN  LARGE ,186,309.66
FLYING PIG WATERING CAN,186,426.3
PINK AND WHITE CHRISTMAS TREE 120CM,186,465.38
PINK RIVIERA HANDBAG,185,250.05
SNACK TRAY RED VINTAGE DOILY,185,346.34999999999997
BULL DOG BOTTLE TOP WALL CLOCK,185,1484.25
SET OF 4 NAPKIN CHARMS 3 KEYS ,185,341.67
SET OF 4 NAPKIN CHARMS LEAVES   ,183,331.29
BUNNY EGG BOX,183,228.75
SILK PURSE BABUSHKA BLUE,183,610.6500000000001
BIRDS MOBILE VINTAGE DESIGN,183,1100.21
T-LIGHT HOLDER SILVER PETIT FOUR ,182,227.5
CURIOUS  IMAGES NOTEBOOK SET,181,262.25
FOLKART HEART NAPKIN RINGS,181,181.87
TEA TIME TABLE CLOTH,180,1642.68
"GREETING CARD, OVERCROWDED POOL.",180,34.199999999999996
ENCHANTED BIRD PLANT CAGE,180,595.8000000000001
CHILDS GARDEN RAKE PINK,179,366.9
CHERRY BLOSSOM DECORATIVE FLASK,179,666.93
ADULT APRON APPLE DELIGHT,179,891.9300000000001
SET/6 BLACK BIRD T-LIGHT CANDLES,179,195.9
MOTHER'S KITCHEN SPOON REST ,178,690.71
WHITE CHRISTMAS GARLAND STARS TREES,178,656.7
PACK 3 BOXES BIRD PANETTONE ,177,340.33
LARGE MEDINA STAMPED METAL BOWL ,177,881.1600000000001
LETS GO SHOPPING COTTON TOTE BAG,177,403.67
SET OF 2 TINS VINTAGE BATHROOM ,177,752.25
POCKET BAG PINK PAISELY BROWN SPOT,176,223.63
DAIRY MAID TRADITIONAL TEAPOT ,176,1209.2
CANDY SHOP  STICKER SHEET,175,148.75
COLUMBIAN CANDLE RECTANGLE,175,285.15
RED RETROSPOT BIG BOWL,175,849.45
SET/3 DECOUPAGE STACKING TINS,174,827.7
DOCTOR'S BAG SOFT TOY,174,1640.1799999999998
DOORKNOB CRACKED GLAZE IVORY,174,258.3
CHARLIE+LOLA RED HOT WATER BOTTLE ,173,498.53
SMALL POP BOX FUNKY MONKEY,172,210.48
BLUE DAISY MOBILE,172,138.76
LAVENDER INCENSE IN TIN,171,98.91
BOOM BOX SPEAKER BOYS,171,740.15
FIVE CATS HANGING DECORATION,171,503.37000000000006
WHITE HAND TOWEL WITH BUTTERFLY,170,400.5
FRENCH PAISLEY CUSHION COVER,170,141.10000000000002
CHILDS GARDEN RAKE BLUE,170,348.0
EGG FRYING PAN MINT ,169,351.52000000000004
GOLD PHOTO FRAME,169,272.34000000000003
PINK CAT BOWL,168,249.42
COLUMBIAN CANDLE ROUND ,168,208.1
PINK HEARTS PAPER GARLAND,168,245.20000000000002
SUNSET CHECK HAMMOCK,167,1249.65
GREEN GOOSE FEATHER CHRISTMAS TREE ,167,520.6500000000001
SET OF 6 RIBBONS PARTY,167,458.63
IVORY STRING CURTAIN WITH POLE ,166,363.7
DINOSAUR HEIGHT CHART STICKER SET,165,486.75000000000006
WHITE HONEYCOMB PAPER GARLAND ,165,272.25
SKULLS  DESIGN  COTTON TOTE BAG,165,371.25
GLASS  SONGBIRD STORAGE JAR,165,1965.3
BEADED CRYSTAL HEART PINK SMALL,165,240.13
EMBROIDERED RIBBON REEL RUBY ,165,585.63
BLUE PATCH PURSE PINK HEART,164,252.79999999999998
SMALL PARLOUR PICTURE FRAME,164,459.56
PAINT YOUR OWN EGGS IN CRATE,164,299.36
WALL ART MID CENTURY MODERN ,164,1015.78
DOG TOY WITH PINK CROCHET SKIRT,164,615.76
SNACK TRAY PAISLEY PARK,164,305.4
SET OF 6 RIBBONS COUNTRY STYLE,163,447.07
ASSORTED CHEESE FRIDGE MAGNETS,163,105.94999999999999
MIRRORED WALL ART GENTS,163,159.51
3 TRADITIONAL COOKIE CUTTERS  SET,162,304.20000000000005
DOORKNOB CRACKED GLAZE BLUE,162,238.5
"ACRYLIC JEWEL SNOWFLAKE, PINK",162,63.28
BLUE REFECTORY CLOCK ,161,1547.95
GLASS JAR KINGS CHOICE,161,477.7900000000001
SKULLS DESIGN FLANNEL,161,134.54999999999998
GREEN GOOSE FEATHER TREE 60CM,161,313.95
PIN CUSHION BABUSHKA PINK,161,432.99
WHITE SOAP RACK WITH 2 BOTTLES,161,864.35
2 PICTURE BOOK EGGS EASTER CHICKS,161,201.25
MIRRORED WALL ART LADIES,160,128.4
HEN PARTY CORDON BARRIER TAPE,160,200.0
SET/12 FUNKY FELT FLOWER PEG IN BAG,160,296.64000000000004
CABIN BAG VINTAGE RETROSPOT,160,3012.4
PAPERWEIGHT KINGS CHOICE ,160,190.79999999999998
CD WALL TIDY RED FLOWERS,160,58.56
TRIPLE WIRE HOOK IVORY HEART,160,658.54
GOLD WINE GOBLET,160,126.4
"GREETING CARD,SQUARE, DOUGHNUTS",160,68.84
PANTRY HOOK TEA STRAINER ,159,330.72
FUSCHIA FLOWER PURSE WITH BEADS,159,145.17000000000002
SET OF 36 MUSHROOM PAPER DOILIES,159,230.54999999999998
ABSTRACT CIRCLES POCKET BOOK,158,134.29999999999998
PINK BUNNY EASTER EGG BASKET,158,231.9
2 PICTURE BOOK EGGS EASTER BUNNY,158,197.5
BLACK MINI TAPE MEASURE ,158,121.3
"GREETING CARD, STICKY GORDON",157,29.83
BLUE BUNNY EASTER EGG BASKET,157,230.25
HAND OPEN SHAPE GOLD,156,506.58
FOLDING MIRROR HOT PINK ,156,118.92000000000002
WALL ART SPACEBOY,156,495.48
SET OF 4 FAIRY CAKE PLACEMATS,156,585.0
HIPPY CHIC DECORATIVE PARASOL,155,761.85
CRAZY DAISY HEART DECORATION,155,195.52
RED DAISY POCKET BOOK ,155,132.53
HELLO SAILOR BLUE SOAP HOLDER,155,261.95
BROCANTE SHELF WITH HOOKS,155,1645.45
PINK GLASS CANDLEHOLDER,155,447.65000000000003
ORIGAMI VANILLA INCENSE CONES,154,67.83
CALENDAR FAMILY FAVOURITES,153,427.43
LOLITA  DESIGN  COTTON TOTE BAG,152,342.0
MOBILE VINTAGE HEARTS ,152,750.3
PANTRY HOOK SPATULA,152,316.16
GROW YOUR OWN HERBS SET OF 3,152,1208.4
SET 4 VALENTINE DECOUPAGE HEART BOX,151,441.53000000000003
MIRROR MOSAIC CANDLE PLATE,151,120.07
70'S ALPHABET WALL ART,150,1043.1
EGG FRYING PAN BLUE ,150,312.0
SQUARECUSHION COVER PINK UNION JACK,150,382.14
BLUE KNITTED EGG COSY,149,81.50999999999999
SNACK TRAY I LOVE LONDON,149,276.15
GIFT BAG LARGE VINTAGE CHRISTMAS,148,185.0
GREEN ROSE WASHBAG,148,555.0
BLUE POLKADOT GARDEN PARASOL,148,1104.6
SMALL CHUNKY GLASS ROMAN  BOWL,148,153.64000000000001
WALL ART ANIMALS AND NATURE ,148,471.0
BLUE POLKADOT LUGGAGE TAG ,147,191.01
SET OF 16 VINTAGE ROSE CUTLERY,147,1787.85
GLASS CHALICE GREEN  SMALL ,147,129.51
EDWARDIAN HEART PHOTO FRAME,147,610.0500000000001
ENAMEL BLUE RIM COFFEE CONTAINER,147,155.03
LE GRAND TRAY CHIC SET,147,1837.5
SILVER ROCOCO CANDLE STICK,146,340.7
"BUNTING , SPOTTY ",146,634.7
PAPERWEIGHT HOME SWEET HOME,146,186.06
CHEST OF DRAWERS GINGHAM HEART ,146,2459.04
FOLK ART METAL HEART T-LIGHT HOLDER,145,52.760000000000005
SET OF 4 DIAMOND NAPKIN RINGS,145,1146.97
TEA COSY BLUE STRIPE,145,356.89
BLACK LOVE BIRD T-LIGHT HOLDER,145,247.46
CUPBOARD 3 DRAWER MA CAMPAGNE,145,2070.95
WALL ART THE MAGIC FOREST ,144,876.64
TOOL BOX SOFT TOY ,144,1350.24
VINTAGE LEAF CHOPPING BOARD  ,144,684.0
RED APPLES CHOPPING BOARD   ,144,684.0
NUMBER TILE VINTAGE FONT No ,143,156.18
MRS ROBOT SOFT TOY,143,428.85
FAN BLACK FRAME ,143,41.47
JUMBO BAG VINTAGE DOILEY ,143,268.44
CORONA MEXICAN TRAY,143,496.25
HEART T-LIGHT HOLDER,142,135.74
S/4 GROOVY CAT MAGNETS,142,151.92
TROPICAL PASSPORT COVER ,142,206.23
BEADED CRYSTAL HEART GREEN ON STICK,142,120.38
CAMPHOR WOOD PORTOBELLO MUSHROOM,141,155.61
COSY SLIPPER SHOES SMALL GREEN,141,411.54
GEORGIAN TRINKET BOX,141,1681.5
MIRROR LOVE BIRD T-LIGHT HOLDER,140,225.0
BATHROOM HOOK,140,137.76
SPACE OWL,140,173.62
DENIM PATCH PURSE PINK BUTTERFLY,140,231.0
PINK KNITTED EGG COSY,140,71.75999999999999
ZINC BOX SIGN HOME,139,1348.01
IVORY SWEETHEART SOAP DISH,139,346.11
ORGANISER WOOD ANTIQUE WHITE ,139,1171.3
PINK SPOTS CHOCOLATE NESTING BOXES ,139,355.65000000000003
LOVE HEART NAPKIN BOX ,139,590.75
GOLD FABRIC MIRROR,139,54.21
4 ROSE PINK DINNER CANDLES,138,163.38
"TUMBLER, NEW ENGLAND",138,131.94
 4 PURPLE FLOCK DINNER CANDLES,138,265.65999999999997
CLASSICAL ROSE SMALL VASE,138,227.1
BLACK ORANGE SQUEEZER,138,57.96
FOLDING UMBRELLA CREAM POLKADOT,138,677.5
PINK CANDYSTUFT ARTIFICIAL FLOWER,137,96.88999999999999
BLACK SILOUETTE CANDLE PLATE,137,116.44999999999999
MA CAMPAGNE CUTLERY BOX,137,1997.55
MONEY BOX CONFECTIONERY DESIGN,136,140.25
PINK/PURPLE RETRO RADIO,136,401.20000000000005
MEDIUM PARLOUR PICTURE FRAME ,136,550.0
SET/4 BLUE FLOWER CANDLES IN BOWL,135,222.75
PINK CHICK EGG WARMER + EGG CUP,135,162.25
BLUE FLY SWAT,135,114.21
PAPERWEIGHT VINTAGE PAISLEY,134,130.26
WHITE TRAVEL ALARM CLOCK,134,314.31
WHITE AND BLUE CERAMIC OIL BURNER,134,153.1
CHERRY BLOSSOM PASSPORT COVER,134,122.78
CARRIAGE,134,6686.0
DOORSTOP FOOTBALL DESIGN,134,404.98
FRENCH CARRIAGE LANTERN,132,858.9000000000001
BLUE SCOTTIE DOG W FLOWER PATTERN,131,334.05
STAR  T-LIGHT HOLDER ,131,189.95
UTILTY CABINET WITH HOOKS,131,2610.29
COSY SLIPPER SHOES LARGE GREEN,131,386.45000000000005
GREEN FERN JOURNAL ,130,317.71
KEEP OUT BOYS DOOR HANGER ,130,188.5
SPACE BOY CHILDRENS CUP,130,143.3
SMALL TALL CAMPHOR WOOD TOADSTOOL,129,175.05
SQUARE CHERRY BLOSSOM CABINET,129,719.5500000000001
THREE MINI HANGING FRAMES,129,535.35
GLOW IN DARK DOLPHINS,128,26.88
PIG MUG IN TWO COLOUR DESIGNS,128,60.04
PINK GOOSE FEATHER TREE 60CM,128,249.59999999999997
CUBIC MUG FLOCK BLUE ON BROWN,127,60.33
IVORY WIRE SWEETHEART LETTER TRAY,127,467.05
IVORY PILLAR CANDLE GOLD FLOCK,127,365.05
MEDIUM WHITE/PINK ROSE ART FLOWER,127,174.31
VIPPASSPORT COVER ,127,164.58
SMALL ROUND CUT GLASS CANDLESTICK,127,574.75
PINK PADDED MOBILE,127,539.75
GREEN ROUND COMPACT MIRROR,126,157.5
SET OF 3 GOLD FLYING DUCKS,126,448.29999999999995
RELAX LARGE WOOD LETTERS,126,743.7
SET/6 POSIES PAPER CUPS,126,62.12
ABSTRACT CIRCLES SKETCHBOOK ,126,483.63
PINK POLKADOT CHILDRENS UMBRELLA,125,406.25
HANGING GLASS ETCHED TEALIGHT,125,191.85
GREEN SQUARE COMPACT MIRROR,125,168.75
CAKE STAND LOVEBIRD 2 TIER PINK,124,964.4
4 PINK DINNER CANDLE SILVER FLOCK,124,229.96
BLUE HEART COMPACT MIRROR,124,187.5
SILVER DISCO HANDBAG,123,248.20999999999998
CHAMBRE HOOK,123,155.07
BUTTERFLY CROCHET FOOD COVER,123,468.67
PINK FAIRY CAKE CUSHION COVER,123,436.05
HANGING METAL CHICKEN DECORATION,122,152.5
BOX/12 CHICK & EGG IN BASKET,122,222.3
ANTIQUE GLASS PLACE SETTING,122,152.5
SET 8 CANDLES VINTAGE DOILEY,122,216.29999999999998
WALL MIRROR RECTANGLE DIAMANTE PINK,122,489.9000000000001
GYMKHANNA TREASURE BOOK BOX,120,261.84000000000003
 OVAL WALL MIRROR DIAMANTE ,120,1050.0
DOILEY BISCUIT TIN,120,327.59999999999997
FOLDING UMBRELLA BLACKBLUE POLKADOT,120,601.22
RUSTIC STRAWBERRY JAMPOT LARGE ,120,238.56
HAND WARMER RED POLKA DOT,120,225.0
CLASSIC GLASS SWEET JAR,119,479.45
ROSE DU SUD OVEN GLOVE,119,348.25000000000006
LADYBIRD + BEE RAFFIA FOOD COVER,119,446.25
JARDIN ETCHED GLASS FRUITBOWL,119,611.65
SET/3 RABBITS FLOWER SKIPPPING ROPE,119,101.14999999999999
GREEN BITTY LIGHT CHAIN,119,188.31
JUNGLE POPSICLES ICE LOLLY HOLDERS,119,148.75
HEART TRELLIS TRIPLE T-LIGHT HOLDER,118,331.42
WALL ART CAT AND BIRD ,118,324.98
CUBIC MUG FLOCK PINK ON BROWN,118,52.5
RIDGED GLASS POSY VASE ,117,169.64999999999998
GLASS BONNE JAM JAR,117,475.95000000000005
DOORSTOP RACING CAR DESIGN,117,232.25
PINK FELT EASTER RABBIT GARLAND,116,295.8
FLOWER BLUE CLOCK WITH SUCKER,116,33.64
NINJA RABBIT BLACK,116,148.29
IVORY WIRE KITCHEN ORGANISER,116,1137.65
BEADED CRYSTAL HEART PINK ON STICK,115,113.09
2 PICTURE BOOK EGGS EASTER DUCKS,115,143.75
PINK POLKADOT GARDEN PARASOL,115,866.25
IVORY CAFE HANGING LAMP ,114,1330.5
CANDLE PLATE LACE WHITE,114,246.70000000000002
A4 WALL TIDY BLUE OFFICE,114,61.86000000000001
WHEELBARROW FOR CHILDREN ,112,1406.4
RED KUKUI COCONUT SEED NECKLACE,112,131.8
SET OF 4 NAPKIN CHARMS INSTRUMENT,112,225.92
DANISH ROSE FOLDING CHAIR,112,890.4000000000001
ASSORTED COLOUR METAL CAT ,111,138.75
GARDEN PATH SKETCHBOOK,111,414.58
12 EGG HOUSE PAINTED WOOD,111,1425.27
SPACE CADET RED,111,141.17
CHRISTMAS RETROSPOT HEART WOOD,110,93.5
SNACK TRAY HAPPY FOREST  ,110,214.5
LAVENDER INCENSE 40 CONES IN TIN,109,107.45
WIRE EGG BASKET ,109,819.65
PINK BERTIE GLASS BEAD BAG CHARM,109,93.89999999999999
BLOND DOLL DOORSTOP,109,141.75
ASSORTED SANSKRIT MINI NOTEBOOK,109,136.25
RIBBONS PURSE ,108,228.83
EASTER TREE YELLOW BIRDS,108,642.6
CUSHION COVER PINK UNION JACK,108,576.64
FRYING PAN BLUE POLKADOT,108,366.0
S/6 SEW ON CROCHET FLOWERS,108,135.0
SWEETHEART WALL TIDY ,108,1007.0799999999999
FAWN AND MUSHROOM GREETING CARD,108,45.36
BLUE PAISLEY SKETCHBOOK,107,408.67
POLYESTER FILLER PAD 30CMx30CM,107,133.75
SMALL WHITE/PINK ROSE ART FLOWER,107,120.07
PAINTED LIGHTBULB STAR+ MOON,107,42.54
ABSTRACT CIRCLE JOURNAL ,107,256.65
HEART GARLAND RUSTIC PADDED,106,312.7
ASSORTED TUTTI FRUTTI LARGE PURSE,106,222.60000000000002
PINK/YELLOW FLOWERS HANDBAG,106,132.5
PAPER LANTERN 5 POINT STAR MOON ,106,439.90000000000003
BLACK BIRD GARDEN DESIGN MUG,105,46.11
"FLOWER FAIRY,5 SUMMER B'DRAW LINERS",105,267.75
GARDEN METAL SIGN ,105,173.25
EASTER BUNNY WITH BASKET ON BACK,105,68.25
FIRST CLASS LUGGAGE TAG ,105,126.69
PURPLE ACRYLIC FACETED BANGLE,104,125.0
PAISLEY PATTERN  STICKERS,104,88.39999999999999
GREEN ENAMEL+GLASS HAIR COMB,104,189.0
MUM'S KITCHEN CLOCK,104,471.90000000000003
PINK ROSE WASHBAG,103,386.25
TUB 24 PINK FLOWER PEGS,103,169.95
RETRO LEAVES MAGNETIC NOTEPAD,103,149.35
TEA TIME TEA SET IN GIFT BOX,102,708.9000000000001
VINTAGE COFFEE GRINDER BOX,102,485.7
PING! MICROWAVE PLATE,101,246.53
BEADED CRYSTAL HEART GREEN SMALL,101,124.11
POLYESTER FILLER PAD 45x30cm,101,146.45
GREEN FERN SKETCHBOOK ,101,382.46
CINAMMON & ORANGE WREATH,101,654.55
MIRRORED DOVE WALL DECORATION,101,214.13
PEG BAG APPLE DESIGN,100,210.0
WRAP  VINTAGE DOILEY ,100,42.0
SPACE FROG,100,127.25
"WRAP, CAROUSEL",100,42.0
WRAP SUMMER ROSE DESIGN,100,42.0
BLUE DELPHINIUM ARTIFICIAL FLOWER,99,188.37000000000003
"CHRISTMAS GARLAND STARS,TREES",99,366.25
PAPER LANTERN 7 POINT SNOW STAR,99,658.35
NINJA RABBIT PINK,99,119.95
MIRRORED WALL ART SPLODGES,98,142.5
POP ART PUSH DOWN RUBBER ,98,11.759999999999998
PINK SWEETHEART BRACELET,98,404.5
COLUMBIAN  CUBE CANDLE ,98,47.18
ANTIQUE IVORY WIRE BOWL SMALL,97,241.53
FUSCHIA VOILE POINTY SHOE DEC,97,50.31
DAISY FOLKART HEART DECORATION,96,120.0
RIDGED GLASS STORAGE JAR CREAM LID,96,342.72
SET OF 4 POLKADOT COASTERS,96,122.42
MILK PAN BLUE POLKADOT,96,302.5
BLACK FEATHER CHRISTMAS DECORATION,96,18.240000000000002
CD WALL TIDY BLUE OFFICE,96,34.56
GIFT BAG LARGE SPOT ,96,120.0
"ACRYLIC HANGING JEWEL,PINK",95,66.55
SET/6 POSIES PAPER PLATES,95,80.75
CHRYSANTHEMUM NOTEBOOK,95,156.75
GLASS SPHERE CANDLE STAND MEDIUM,95,510.75
PINK MONTE CARLO HANDBAG,95,198.35
ASS FLORAL PRINT SPIRIT LEVEL ,95,90.13
BLACK SQUARE TABLE CLOCK,95,225.49
RED   ACRYLIC FACETED BANGLE,94,115.9
CHRYSANTHEMUM SKETCHBOOK ,94,367.34
SET OF 16 VINTAGE PISTACHIO CUTLERY,94,1198.5
WHITE SQUARE TABLE CLOCK,94,132.99
ECONOMY LUGGAGE TAG,94,139.56
SMALL CAMPHOR WOOD FIELD  MUSHROOM,93,123.21
"SMALL POP BOX,FUNKY MONKEY",93,116.25
GOLD STANDING GNOME,93,290.25
CHARLIE LOLA BLUE HOT WATER BOTTLE ,93,338.09
PAINTED SEA SHELL METAL WINDCHIME,93,85.31
EIGHT PIECE DINOSAUR SET,92,115.0
SILVER VANILLA  FLOWER CANDLE POT,92,345.0
"GARLAND, VINTAGE BELLS",92,265.88
FORKED CACTUS CANDLE,92,272.98
HAND OPEN SHAPE DECO.WHITE,92,270.02
SET OF SKULL WALL STICKERS,92,257.0
LOVE LARGE WOOD LETTERS ,91,1127.85
BLUE KNITTED HEN ,91,150.15
SILVER T-LIGHT SETTING,91,545.45
SCOTTIES DESIGN WASHBAG,91,177.45
TALL ROCOCO CANDLE HOLDER,90,720.0
RABBIT  DESIGN  COTTON TOTE BAG,90,202.5
CRYSTAL SEA HORSE PHONE CHARM,90,33.66
ROUND WHITE CONFETTI IN TUBE,89,146.85
WALL ART DOG AND BALL ,89,226.29
JINGLE BELLS TREE DECORATION,89,200.94
QUEEN OF SKIES LUGGAGE TAG,89,109.11
ENAMEL BLUE RIM BISCUIT BIN,89,413.95
GOLD APERITIF GLASS,88,34.32
PANTRY KITCHEN THERMOMETER ,88,110.0
SUNFLOWER DECORATIVE PARASOL,87,528.45
FOLDING UMBRELLA CHOCOLATE POLKADOT,87,430.06
BLUE ROUND COMPACT MIRROR,87,121.25
WALL ART TREASURE AHOY ,87,317.97
EDWARDIAN PHOTO FRAME,87,543.75
SET OF 16 VINTAGE BLACK CUTLERY,87,1035.06
ASSORTED FARMYARD ANIMALS IN BUCKET,86,68.06
WALL ART I LOVE LONDON ,86,387.3
FOLDING UMBRELLA WHITE/RED POLKADOT,86,420.1
BLUE  VOILE LAMPSHADE,86,234.50000000000003
PINK RETRO BIG FLOWER BAG,86,167.7
4 BLUE DINNER CANDLES SILVER FLOCK,85,216.75
POPPY FIELDS CHOPPING BOARD,85,420.75
VINTAGE NOTEBOOK PARIS DAYS,85,230.35
WOODLAND LARGE BLUE FELT HEART,85,106.25
CRYSTAL FROG PHONE CHARM,85,49.92999999999999
BLUE  TILE HOOK,85,213.14999999999998
FOLDING UMBRELLA PINKWHITE POLKADOT,84,412.41
GREEN JUICY FRUIT PHOTO FRAME,84,214.2
PURPLE ENAMEL+GLASS HAIR COMB,84,163.8
MIRROR CORNICE,83,1223.25
PINK GINGHAM CAT WITH SCARF,83,211.65
PINK DISCO HANDBAG,83,176.39
NUMBER TILE VINTAGE FONT 3,83,110.28999999999999
BLUE JUICY FRUIT PHOTO FRAME,82,209.1
DOLLCRAFT BOY JEAN-PAUL ,82,373.9
PAPER LANTERN 9 POINT HOLLY STAR S,82,340.3
PINK SCOTTIE DOG W FLOWER PATTERN,82,209.1
SET 4 PICNIC CUTLERY BLUEBERRY,82,159.9
SMALL APOTHECARY MEASURING JAR ,81,629.05
ZINC WIRE SWEETHEART LETTER TRAY,80,253.24
MISELTOE HEART WREATH ,80,312.8
ORIGAMI SANDLEWOOD INCENSE+FLOWER,80,62.15
SMALL SQUARE CUT GLASS CANDLESTICK,80,396.0
PINK PILLAR CANDLE SILVER FLOCK,80,123.68
GOLD SCROLL GLASS T-LIGHT HOLDER,80,137.22
LA JARDIN BOTANIQUE CUSHION COVER,80,300.0
SET/4 BUTTERFLY MIRROR MAGNETS,79,39.199999999999996
NUMBER TILE VINTAGE FONT 6 ,79,102.49
Next Day Carriage,79,1200.0
NUMBER TILE VINTAGE FONT 2,79,102.49
PSYCHEDELIC WALL THERMOMETER,79,109.93
SET OF 2 TEA TOWELS PING MICROWAVE,78,127.42
MISELTOE HEART WREATH WHITE,78,304.5
SET OF 16 VINTAGE SKY BLUE CUTLERY,78,951.3
ROUND PINK HEART MIRROR,78,163.8
WHITE WITH BLACK CATS PLATE,78,33.18
SWEET HEART CAKE CARRIER,78,754.0
RED DRAGONFLY HELICOPTER,78,620.1
GEMSTONE CHANDELIER T-LIGHT HOLDER,78,347.7
"ACRYLIC JEWEL ANGEL,PINK",78,29.64
NUMBER TILE VINTAGE FONT 4,78,100.53999999999999
LARGE PARLOUR PICTURE FRAME,77,375.75
STRAWBERRY DREAM CHILDS UMBRELLA,77,250.25
SET OF 4 POLKADOT PLACEMATS ,77,269.55
SET/4 MODERN VINTAGE COTTON NAPKINS,77,86.75
BEADED CRYSTAL HEART BLUE SMALL,77,99.88
LARGE SKULL WINDMILL,77,161.70000000000002
SKULLS STORAGE BOX SMALL,77,161.70000000000002
BEADED PEARL HEART WHITE LARGE,77,127.05
GREEN SWEETHEART BRACELET,76,311.0
BLUE TV TRAY TABLE ,76,175.8
YELLOW EASTER EGG HUNT START POST,75,146.25
PACK 3 FIRE ENGINE/CAR PATCHES,75,93.75
NUMBER TILE VINTAGE FONT 5,75,94.69
PINK METAL SWINGING BUNNY,75,63.74999999999999
PIN CUSHION BABUSHKA BLUE,75,223.95000000000002
ROCOCO WALL MIRROR WHITE,75,1442.25
SILVER PHOTO FRAME,75,157.5
HALL CABINET WITH 3 DRAWERS,75,2503.5299999999997
EAU DE NILE JEWELLED T-LIGHT HOLDER,75,63.75
METAL RABBIT LADDER EASTER ,74,62.9
PURPLE BERTIE GLASS BEAD BAG CHARM,74,65.39999999999999
CAKE STAND VICTORIAN FILIGREE MED,74,466.95
NUMBER TILE VINTAGE FONT 7,74,92.74
BROWN KUKUI COCONUT SEED NECKLACE,74,74.0
SET/3 POLKADOT STACKING TINS,74,349.5
VINTAGE GLASS COFFEE CADDY,74,416.3
VINTAGE JINGLE BELLS WREATH,74,610.5
POSY CANDY BAG,74,92.5
TABLE LAMP WHITE SHADE WOOD BASE,74,388.3
TURQUOISE BERTIE GLASS BEAD CHARM,73,63.3
BEADED CRYSTAL HEART BLUE ON STICK,73,78.71
PACK OF 12 DOILEY TISSUES,72,28.08
LILAC VOTIVE CANDLE,72,15.120000000000001
PINK DIAMANTE PEN IN GIFT BOX,72,365.62
SPOTTED WHITE NATURAL SEED NECKLACE,72,72.0
HEAVENS SCENT FRAGRANCE OILS ASSTD,72,20.88
BABY MOUSE RED GINGHAM DRESS,72,306.0
WAKE UP COCKEREL CALENDAR SIGN ,72,281.13
PARTY TIME DESIGN FLANNEL,72,58.9
CERAMIC BIRDHOUSE CRESTED TIT SMALL,72,212.40000000000003
PINK FLOWER FABRIC PONY,71,266.25
STRING OF STARS CARD HOLDER,71,209.45000000000005
SET 4 PICNIC CUTLERY CHERRY ,71,138.45
DAISY SKETCHBOOK ,71,189.96
HEART T-LIGHT HOLDER ,71,102.95
FRENCH CHATEAU LARGE PLATTER ,70,160.5
CROCHET ROSE PURSE WITH SUEDE BACK,70,206.50000000000003
SET OF 4 CAROUSEL PLACEMATS ,70,101.06
CREAM DELPHINIUM ARTIFICIAL FLOWER,70,180.58
LUNCH BAG VINTAGE DOILEY ,70,115.5
NUMBER TILE VINTAGE FONT 1,70,84.94
CHRYSANTHEMUM  JOURNAL,70,180.91
DECORATIVE PLANT POT WITH FRIEZE,70,544.5
VEGETABLE GARDEN CHOPPING BOARD,70,317.70000000000005
MINT GREEN ROSE TOWEL,70,325.5
IVORY RETRO KITCHEN WALL CLOCK,70,559.5
BEACH HUT SHELF W 3 DRAWERS,70,376.5
GARDEN PATH POCKET BOOK,69,58.65
BLUE & WHITE BREAKFAST TRAY,69,209.55
NUMBER TILE COTTAGE GARDEN 1,69,134.54999999999998
GLASS TWIST BON BON JAR,69,512.85
PINK BITTY LIGHT CHAIN,69,89.65
BLUE SAVANNAH PICNIC HAMPER FOR 2,69,793.3499999999999
HANGING MEDINA LANTERN SMALL,69,203.55
WEEKEND BAG VINTAGE ROSE PAISLEY,69,527.85
PAPER LANTERN 9 POINT HOLLY STAR L,69,431.25
BATHROOM SET LOVE HEART DESIGN,68,191.00000000000003
DOLLCRAFT GIRL NICOLE,68,336.6
TRIPLE WIRE HOOK PINK HEART,68,215.0
YELLOW/ORANGE FLOWER DESIGN PLATE,68,19.72
NURSE'S BAG SOFT TOY,68,608.5999999999999
QUEEN OF THE SKIES PASSPORT COVER ,68,137.88
FOUR RABBIT EASTER DECORATIONS,67,83.75
SKULLS STORAGE BOX LARGE,67,188.05
MIRRORED WALL ART TABLE LAMP,67,75.73
BLACK SWEETHEART BRACELET,67,284.75
COOKING SET RETROSPOT,66,621.66
DAISY JOURNAL ,66,173.12
DOLLCRAFT GIRL AMELIE KIT,66,294.7
SILVER JEWELLED MIRROR TRINKET TRAY,66,440.73999999999995
THREE CANVAS LUGGAGE TAGS,66,128.26
SUMMER DAISIES BAG CHARM,66,168.29999999999998
FIRST CLASS PASSPORT COVER ,66,137.74
NUMBER TILE VINTAGE FONT 8,66,77.14
NUMBER TILE COTTAGE GARDEN 2,66,128.7
VINTAGE KITCHEN PRINT FRUITS,65,165.75
SWEET PUDDING STICKER SHEET,65,55.24999999999999
VINTAGE KITCHEN PRINT VEGETABLES,65,165.75
SET OF PICTURE FRAME  STICKERS,65,189.59000000000003
SET 4 PICNIC CUTLERY FONDANT,65,126.75
FAUX FUR CHOCOLATE THROW,65,1035.75
SET 36 COLOUR PENCILS DOILEY,64,80.0
ASSORTED COLOURED CIRCLE MOBILE ,64,26.88
APOTHECARY MEASURING JAR,64,751.4000000000001
BLUE BLOSSOM HAIR CLIP,64,67.2
TEATIME PEN CASE & PENS,64,54.4
CHRYSANTHEMUM POCKET BOOK ,64,54.4
CABIN BAG VINTAGE PAISLEY,64,1279.2
BLACK ENAMEL FLOWER RING,64,188.8
LARGE TORTILLA DESIGN RED BOWL,64,109.8
SPACE CADET WHITE,64,83.63
SIX DRAWER OFFICE TIDY,64,596.0
"LETTER ""A"" BLING KEY RING",63,55.71
GREEN FERN POCKET BOOK,63,53.55
PAINTED LIGHTBULB RAINBOW DESIGN,63,24.06
DAISY NOTEBOOK ,63,103.95
NUMBER TILE VINTAGE FONT 9 ,63,71.28999999999999
HARDMAN MUG 3 ASSORTED,63,24.57
BLUE CIRCLES DESIGN MONKEY DOLL,63,160.64999999999998
PINK FLY SWAT,63,40.95
SQUARECUSHION COVER PINK UNION FLAG,62,415.3
POLKADOT MUG PINK ,62,89.7
SET OF 16 VINTAGE RED CUTLERY,62,814.92
PINK SQUARE TABLE CLOCK,62,70.10000000000001
NUMBER TILE VINTAGE FONT 0,62,69.34
BLACK SMALL GLASS CAKE STAND,61,54.99
"LETTER ""Y"" BLING KEY RING",61,18.65
TROPICAL LUGGAGE TAG,61,76.39
FROG CANDLE,61,76.25
PICNIC BASKET WICKER 60 PIECES,61,39619.5
PURPLE DRESS JEWELLERY STAND,61,48.19
FLOWER FAIRY INCENSE BOUQUET,61,32.349999999999994
SET OF 12 T-LIGHTS VINTAGE DOILEY,61,118.94999999999999
SMALL BLUE PROVENCAL CERAMIC BALL,61,100.64999999999999
BUNDLE OF 3 RETRO EXERCISE BOOKS,60,99.0
LUNCH BOX WITH CUTLERY FAIRY CAKES ,60,153.0
VINTAGE ENGRAVED HEART,60,75.0
BLUE  DIAMANTE PEN IN GIFT BOX,60,271.8
VINTAGE PINK DECORATIVE PARASOL,60,237.00000000000003
CITRUS GARLAND FELT FLOWERS ,60,117.0
CLASSIC CROME BICYCLE BELL ,60,77.4
VINTAGE RED KITCHEN CABINET,60,8125.0
STARFISH SOAP DISH,59,115.25
FLOWER FAIRY 5 DRAWER LINERS,59,150.45
PINK & WHITE BREAKFAST TRAY,59,198.05
ZINC SWEETHEART SOAP DISH,59,104.41
METALIC LEAVES BAG CHARMS,59,145.77
4 SKY BLUE DINNER CANDLES,58,72.5
LOVE SEAT ANTIQUE WHITE METAL,58,6210.0
CAKE SHOP  STICKER SHEET,57,48.449999999999996
FLOWERS TILE HOOK,57,71.82
CAKES AND RABBITS DESIGN FLANNEL ,57,48.449999999999996
PAIR PADDED HANGERS PINK CHECK,57,194.55
BLUE CAT BISCUIT BARREL PINK HEART,57,111.14999999999999
CREAM HANGING HEART T-LIGHT HOLDER,57,155.35
75 BLACK PETIT FOUR CASES,57,23.94
LAZER CUT NECKLACE W PASTEL BEADS,57,421.75
HEART TRELLISTRIPLE T-LIGHT HOLDER,56,152.24
NUMBER TILE COTTAGE GARDEN 9,56,109.2
BLUE PAISLEY NOTEBOOK,56,92.39999999999999
SNACK TRAY RED GINGHAM,56,109.2
PINK/BLUE STRING CURTAIN ,56,109.2
STRIPES DESIGN TEDDY,56,142.79999999999998
SET/4 COLOURFUL MIXING BOWLS,56,522.16
CERAMIC STRAWBERRY TRINKET TRAY,55,140.25
ASSORTED CAKES FRIDGE MAGNETS,55,35.75
CLASSIC WHITE FRAME,55,162.25
3 TIER SWEETHEART GARDEN SHELF,55,1938.2500000000002
NUMBER TILE COTTAGE GARDEN 4,55,107.25
SET 4 NURSERY DES ROUND BOXES,55,57.25
DONKEY TAIL GAME ,54,189.54000000000002
EASTER BUNNY HANGING GARLAND,54,67.5
FLOOR CUSHION ELEPHANT CARNIVAL,54,461.3
PINK FELT HANGING HEART W FLOWER,54,45.9
"TUMBLER, BAROQUE",54,58.86
 NINE DRAWER OFFICE TIDY,54,777.9
LUSH GREENS RIBBONS,54,67.5
SET/3 POT PLANT CANDLES,54,294.3
NUMBER TILE COTTAGE GARDEN 6,54,105.3
KENSINGTON COFFEE SET,53,675.75
NUMBER TILE COTTAGE GARDEN 0 ,53,103.35
PINK JEWELLED PHOTO FRAME ,53,256.75
"PINK/WHITE ""KEEP CLEAN"" BULLET BIN",53,156.35000000000002
BLACK DINER WALL CLOCK,53,450.5
"RETRO TIN ASHTRAY,REVOLUTIONARY",52,19.4
SCENTED CANDLE IN DIGITALIS TIN,52,109.2
PLASMATRONIC LAMP,52,288.94
RED ENAMEL FLOWER RING,52,153.4
NUMBER TILE COTTAGE GARDEN 3 ,52,101.39999999999999
CAROUSEL DESIGN WASHBAG,52,101.39999999999999
"LETTER ""C"" BLING KEY RING",52,40.04
PINK FEATHERS CURTAIN,52,50.28
NUMBER TILE COTTAGE GARDEN No,52,109.2
NUMBER TILE COTTAGE GARDEN 8,52,101.39999999999999
PINK/PURPLE CIRCLE CURTAIN,52,56.52
GREEN FERN NOTEBOOK,52,85.8
SILVER FLOWR PINK SHELL NECKLACE,52,335.28000000000003
SQUARE METAL CANDLEHOLDER BASE,52,36.519999999999996
SQUARE FLOOR CUSHION VINTAGE RED,51,395.45000000000005
"LETTER ""L"" BLING KEY RING",51,29.189999999999998
BLUE SQUARE COMPACT MIRROR,51,63.75
SHOE SHINE BOX ,51,507.44999999999993
BATHROOM SCALES FOOTPRINTS IN SAND,51,172.05
DOLLY CABINET 3 DRAWERS ,51,762.4499999999999
BLUE CIRCLES DESIGN TEDDY,51,130.05
NUMBER TILE COTTAGE GARDEN 7,51,99.45
WRAP GREEN RUSSIAN FOLKART ,50,21.0
LARGE APOTHECARY MEASURING JAR ,50,587.2
SET OF 36 SPACEBOY PAPER DOILIES,50,72.5
PAPER LANTERN 5 POINT SEQUIN STAR,50,287.5
YELLOW SHARK HELICOPTER,50,397.5
KEEP CALM BIRTHDAY WRAP,50,21.0
WRAP A PRETTY THANK YOU,50,21.0
MONEY BOX FIRST ADE DESIGN,50,62.5
SILVER DIAMANTE PEN IN GIFT BOX,50,250.84
RED DAISY PAPER LAMPSHADE,50,62.5
HOUSE WRECKING METAL SIGN ,50,105.0
HEN HOUSE W FAMILY IN BARN & NEST,49,34.510000000000005
ENVELOPE 50 CURIOUS IMAGES,49,26.17
FLOWERS HANDBAG blue and orange,49,61.25
BEACH HUT MIRROR,49,66.39
SMALL ZINC/GLASS CANDLEHOLDER,49,67.25
PEACH KNITTED HEN ,49,80.85000000000001
RED RETROSPOT WASHBAG,48,100.80000000000001
SET 12 COLOUR PENCILS DOILEY,48,31.200000000000003
BILI NUT AND WOOD NECKLACE,48,48.0
MINITURE ANTIQUE ROSE HOOK IVORY,48,40.8
SILVER TEDDY BEAR,48,183.71
SET OF 12 ROSE BOTANICAL T-LIGHTS,48,141.60000000000002
ELVIS WALLHANGING / CURTAIN,48,60.0
NEW BAROQUE JEWELLERY BOX ,48,367.6
BLACK GRAND BAROQUE PHOTO FRAME,48,93.0
FLAMES SUNGLASSES PINK LENSES,47,84.45
BLUE DRAGONFLY HELICOPTER,47,373.65000000000003
CLEAR CRYSTAL STAR PHONE CHARM,47,20.39
GOLD FISHING GNOME,47,284.16
OYSTER TRINKET BOX,47,83.87
"LETTER ""K"" BLING KEY RING",47,34.75
YELLOW BREAKFAST CUP AND SAUCER,47,31.130000000000003
NUMBER TILE COTTAGE GARDEN 5,47,91.64999999999999
PURPLE ENAMEL FLOWER RING,47,138.65
WHITE MOROCCAN METAL LANTERN,47,199.17
PACK OF 12 CHRISTMAS FUN CARDS,47,138.65
VINTAGE BEAD NOTEBOOK,47,138.65
TOP SECRET PEN SET,46,57.5
PINK HYDRANGEA ART FLOWER,46,96.60000000000001
FAIRY CAKE NOTEBOOK A5 SIZE,46,39.1
ZINC HEART LATTICE CHARGER LARGE,46,172.5
DAISY HAIR BAND,46,75.9
IVORY EMBROIDERED QUILT ,46,1715.9
WAKE UP COCKEREL TILE HOOK,46,53.85
MEDIUM PINK BUDDHA HEAD ,46,135.70000000000002
GREEN ENAMEL FLOWER RING,46,135.70000000000002
RETRO PINK BALL ASHTRAY ,46,57.5
PINK/WHITE CHRISTMAS TREE 30CM,46,17.479999999999997
CANDY SPOT HEART DECORATION,45,38.25
WHITE BAROQUE WALL CLOCK ,45,349.95
ANT COPPER LIME BOUDICCA BRACELET,45,222.75
ROSE DU SUD COSMETICS BAG,45,191.25
ANT COPPER TURQ BOUDICCA BRACELET,45,222.75
SILVER FISHING GNOME ,45,332.3
BLUE TABLE RUN FLOWER,45,56.25
BAG OF SILVER STONES,45,18.9
YELLOW FLOWERS FELT HANDBAG KIT,45,94.5
DECORATIVE VINTAGE COFFEE  BOX,44,208.2
WHITE STITCHED CUSHION COVER,44,308.48
IVORY SCULPTED RND CANDLE ,44,37.39999999999999
LARGE BLUE PROVENCAL CERAMIC BALL,44,92.4
LA PALMIERA TILE HOOK,44,39.39
RED RETRO KITCHEN WALL CLOCK,44,358.6
BLACK BAROQUE WALL CLOCK ,44,333.6
BLUE FLOWER DES PURSE,44,43.66
4 BURGUNDY WINE DINNER CANDLES,43,53.75
JARDIN ETCHED GLASS SMALL BELL JAR,43,147.85000000000002
COSY SLIPPER SHOES SMALL  RED ,43,126.85000000000001
BLUE CHENILLE SHAGGY CUSHION COVER ,43,43.15
SMALL HANGING GLASS+ZINC LANTERN,43,62.349999999999994
WINE BOTTLE DRESSING DARK BLUE,43,5.5
TRIANGULAR POUFFE VINTAGE ,43,605.4499999999999
MONEY BOX FIRST AID DESIGN,43,34.32
CHARLIE AND LOLA CHARLOTTE BAG,43,70.95
PINK HORSE SOCK PUPPET KIT,42,123.9
SET OF 36 DOLLY GIRL PAPER DOILIES,42,60.9
SMALL PARLOUR FRAME,42,106.98000000000002
12 PINK HEN+CHICKS IN BASKET,41,104.55
PURPLE SWEETHEART BRACELET,41,174.25
FREESTYLE CANVAS ART PICTURE,41,39.65
TURQ+RED BOUDICCA LARGE BRACELET,41,284.95000000000005
RETRO BROWN BALL ASHTRAY ,41,51.25
T-LIGHT HOLDER SILVER SAUCER,41,38.03
BATHROOM SCALES RUBBER DUCKS,41,139.35
CHERRY BLOSSOM CANVAS ART PICTURE,41,97.95
"LETTER ""E"" BLING KEY RING",41,27.25
SET OF 72 GREEN PAPER DOILIES,41,59.449999999999996
GREEN CHRISTMAS TREE STRING 20LIGHT,41,186.15
PINK/GREEN FLOWER DESIGN BIG MUG,40,17.16
CLEAR ACRYLIC FACETED BANGLE,40,58.6
"LETTER ""S"" BLING KEY RING",40,26.0
CANDY SPOT CUSHION COVER,40,119.36000000000001
12 HANGING EGGS HAND PAINTED,40,83.2
SET OF 36 PANTRY PAPER DOILIES,39,58.019999999999996
SPACE CADET BLACK,39,49.96
MILK PAN PINK POLKADOT,39,146.25
S/2 ZINC HEART DESIGN PLANTERS,39,388.04999999999995
CAMOUFLAGE EAR MUFF HEADPHONES,39,215.87
PACK 3 BOXES CHRISTMAS PANETTONE,39,95.67
"DECORATION HEN ON NEST, HANGING",39,64.35
"LETTER ""D"" BLING KEY RING",39,25.71
PINK FLOCK GLASS CANDLEHOLDER,38,29.68
SCOTTIES CHILDRENS APRON,38,62.7
CLEAR LOVE BIRD T-LIGHT HOLDER,38,146.21
PINK AND BLACK STRING CURTAIN,38,82.1
BLUE CLIMBING HYDRANGA ART FLOWER,38,52.5
WHITE CHRYSANTHEMUMS ART FLOWER,38,79.8
ELEPHANT CARNIVAL POUFFE,38,568.1
JOY LARGE WOOD LETTERS,37,194.15
TUSCAN VILLA DOVECOTE BIRD FEEDER,37,299.25
FLAG OF ST GEORGE CHAIR,37,179.35
SOFT PINK ROSE TOWEL ,37,172.05
FRENCH ENAMEL UTENSIL HOLDER,37,122.75
JARDIN ETCHED GLASS LARGE BELL JAR,37,163.75
VEGETABLE MAGNETIC  SHOPPING LIST,36,49.8
KIDS CUTLERY DOLLY GIRL ,36,149.4
KIDS CUTLERY SPACEBOY ,36,149.4
HANGING RIDGE GLASS T-LIGHT HOLDER,36,60.84
CURIO CABINET LINEN AND LACE ,36,290.1
FLORAL PINK MONSTER,36,135.0
RETO LEAVES MAGNETIC SHOPPING LIST,36,52.199999999999996
WAY OUT METAL SIGN ,36,59.400000000000006
DOORKNOB CERAMIC IVORY,36,52.2
4 PINK FLOCK CHRISTMAS BALLS,36,45.0
PINK MARSHMALLOW SCARF KNITTING KIT,36,91.8
DOLLCRAFT GIRL AMELIE,36,178.2
CLEAR MILKSHAKE GLASS,36,75.60000000000001
BLACK EAR MUFF HEADPHONES,36,192.86
PERIWINKLE T-LIGHT HOLDER,36,45.0
CANNABIS LEAF BEAD CURTAIN,36,30.599999999999998
RUSTIC STRAWBERRY JAMPOT SMALL,36,59.400000000000006
LIGHT PINK FLOCK GLASS CANDLEHOLDER,36,13.679999999999998
RED SHARK HELICOPTER,35,278.25
VINTAGE KITCHEN PRINT SEAFOOD,35,89.24999999999999
ORIGAMI OPIUM INCENSE/CANDLE SET ,35,40.05
BLUE RETRO KITCHEN WALL CLOCK,35,285.25
RUSTIC  SEVENTEEN DRAWER SIDEBOARD,35,5415.0
CHRISTMAS MUSICAL ZINC HEART ,35,29.75
SILVER STANDING GNOME   ,35,142.75
VIP PASSPORT COVER ,35,73.5
WHITE/PINK CHICK EASTER DECORATION,34,28.9
CHEST 7 DRAWER MA CAMPAGNE,34,821.3
VINTAGE ROSE BEAD BRACELET RASPBERR,34,144.5
"LETTER ""G"" BLING KEY RING",34,18.5
GREEN WIRE STANDING CANDLE HOLDER,34,127.5
BEACH HUT DESIGN BLACKBOARD,34,144.5
BLUE TRAVEL FIRST AID KIT,34,56.1
SMALL SINGLE FLAME CANDLE HOLDER,33,11.55
CAROUSEL PONIES BABY BIB,33,14.37
DOLLY CABINET 2 DRAWERS ,33,412.5
YELLOW/PINK FLOWER DESIGN BIG MUG,33,14.43
CHERRY BLOSSOM LUGGAGE TAG,33,43.67
CHRISTMAS TREE T-LIGHT HOLDER,33,47.849999999999994
VINTAGE KEEPSAKE BOX PARIS DAYS,33,190.35
PACK/12 XMAS FUN CARD,33,97.35000000000001
MEDINA STAMPED METAL STOOL,33,1268.3500000000001
SILVER CHRISTMAS TREE BAUBLE STAND ,33,543.35
FLORAL SOFT CAR TOY,32,120.0
PINK BOUDICCA LARGE BRACELET,32,222.4
VINTAGE SHELLS PRINT,32,202.4
BLUE HANGING GINGHAM EASTER HEN,32,13.44
FLOOR LAMP SHADE WOOD BASE,32,287.74
BLUE ROSE PATCH PURSE PINK BUTTERFL,32,52.8
SET OF 3 MINI HANGING PORTRAITS,32,123.2
RED POLKADOT PUDDING BOWL,32,38.129999999999995
SET OF 12 MINI BUNNIES IN A BUCKET,32,67.2
PINK HANGING GINGHAM EASTER HEN,32,13.44
CRYSTAL DIAMANTE EXPANDABLE RING,32,136.0
ANT COPPER PINK BOUDICCA BRACELET,31,153.45
BLUE/YELLOW FLOWER DESIGN BIG MUG,31,16.77
STEEL SWEETHEART ROUND TABLE CREAM,31,463.45
BEST DAD CANDLE LETTERS,31,26.349999999999998
VINTAGE KITCHEN PRINT PUDDINGS,31,79.05
CROCHET WHITE RABBIT KEYRING ,31,46.349999999999994
GREEN MURANO TWIST BRACELET,31,131.75
PURPLE BOUDICCA LARGE BRACELET,31,215.45
TRANSPARENT ACRYLIC TAPE DISPENSER,31,27.91
STRIPES DESIGN MONKEY DOLL,31,79.05
"ACRYLIC JEWEL ICICLE, BLUE",31,11.78
ALUMINIUM HEART,30,74.7
CREAM CLIMBING HYDRANGA ART FLOWER,30,52.5
VINTAGE ROSE BEAD BRACELET BLACK,30,127.5
FOLDING CAMPING SCISSOR W/KNIF & S,30,3.5999999999999996
CORDIAL GLASS JUG,30,247.5
CHRISTMAS CRAFT HEART STOCKING ,30,63.0
BLUE DISCO HANDBAG,30,60.68
BLUE POLKADOT PUDDING BOWL,29,38.67
PASTEL BLUE PHOTO ALBUM ,29,14.5
BLUE CUSHION COVER WITH FLOWER,29,201.55
VANILLA INCENSE 40 CONES IN TIN,29,36.25
KITCHEN FLOWER POTS WALL PLAQUE,29,172.55
PINK JEWELLED MIRROR TRINKET TRAY,29,178.56
LARGE  TALL CAMPHOR WOOD TOADSTOOL ,29,149.65
GOLD EAR MUFF HEADPHONES,29,152.13
MOUSEY LONG LEGS SOFT TOY,29,73.95
ANTIQUE CREAM CUTLERY SHELF ,28,238.0
PINK CLEAR GLASS CANDLE PLATE,28,35.0
COLUMBIAN CUBE CANDLE,28,54.599999999999994
EASTER BUNNY WREATH,28,138.6
MILK BOTTLE WITH GLASS STOPPER ,28,194.60000000000002
PINK STRING CURTAIN WITH POLE,28,62.6
YELLOW PINK FLOWER DESIGN BIG BOWL,28,10.92
WHITE  ROSEBUD PEARL BRACELET,28,65.7
ROUND ARTICULATED PINK CLOCK W/SUCK,28,5.32
"LETTER ""P"" BLING KEY RING",28,10.999999999999998
NECKLACE+BRACELET PINK BUTTERFLY,28,71.39999999999999
ASS COL SMALL SAND GECKO P'WEIGHT,27,11.34
75 GREEN FAIRY CAKE CASES,27,14.85
LARGE PARLOUR FRAME,27,122.85
SET OF 36 VINTAGE CHRISTMAS DOILIES,27,39.15
CANDY SPOT TEA COSY,27,40.05
ANT SILVER LIME GREEN BOUDICCA RING,27,79.65
FUSCHIA TABLE RUN FLOWER ,27,38.75
36 PENCILS TUBE POSY,27,33.75
FOLKART CHRISTMAS TREE T-LIGHT HOLD,27,10.260000000000002
ASS COL LARGE SAND FROG P'WEIGHT,27,28.35
"PET MUG, GOLDFISH",27,5.59
"LETTER ""M"" BLING KEY RING",27,22.23
VINTAGE BLUE KITCHEN CABINET,26,3685.0
GREEN EASTER EGG HUNT START POST,26,50.699999999999996
PAPER LANTERN 6 POINT SNOW STAR,26,107.9
LILAC DIAMANTE PEN IN GIFT BOX,26,138.72
THE KING GIFT BAG 25x24x12cm,26,10.92
GREY ACRYLIC FACETED BANGLE,26,35.9
DIAMANTE BOW BROOCH RED COLOUR,25,158.75
FLAG OF ST GEORGE CAR FLAG,25,10.5
"S/4 ICON COASTER,ELVIS LIVES",25,10.61
HOME SWEEET HOME 3 PEG HANGER ,25,93.75
VINTAGE NOTEBOOK TRAVELOGUE,25,73.75
WRAP BLUE RUSSIAN FOLKART,25,10.5
ZINC WIRE KITCHEN ORGANISER,25,156.8
"LETTER ""I"" BLING KEY RING",25,18.77
HANGING BAUBLE T-LIGHT HOLDER LARGE,25,73.75
CREAM BUNNY EASTER EGG BASKET,25,41.25
NEWSPAPER STAND,25,257.37
"STRING OF 8 BUTTERFLIES,PINK",25,41.25
SET OF 4 GREEN CAROUSEL COASTERS,25,26.05
PEACE SMALL WOOD LETTERS,25,168.75
WRAP  PINK FLOCK,25,10.5
ZINC T-LIGHT HOLDER STARS LARGE,24,22.8
PINK FLUFFY CHRISTMAS DECORATION,24,4.5600000000000005
BLUE MONTE CARLO HANDBAG,24,46.8
WISE MAN STAR SHAPE EGG PAN,24,13.139999999999999
ENAMEL BOWL PANTRY,24,30.0
SET/9 CHRISTMAS T-LIGHTS SCENTED ,24,30.0
SUNSET COLOUR CHUNKY KNITTED THROW,24,406.8
LEAVES MAGNETIC  SHOPPING LIST,24,34.8
CHILDRENS SPACEBOY MUG,24,39.6
CHEST NATURAL WOOD 20 DRAWERS,24,2745.0
3 BLACK CATS W HEARTS BLANK CARD,24,4.56
S/3 POT POURI CUSHIONS BLUE COLOURS,24,50.400000000000006
NEW BAROQUE BLACK PHOTO ALBUM,24,109.65
GIFT BAG LARGE 50'S CHRISTMAS,24,30.0
MIRRORED WALL ART PHOTO FRAMES,24,102.0
BISCUIT TIN VINTAGE LEAF,24,64.56
WHITE CHRISTMAS FLOCK DROPLET ,24,30.0
BLACK CHRISTMAS FLOCK DROPLET ,24,30.0
"GREETING CARD, TWO SISTERS.",24,4.56
LILAC GAUZE BUTTERFLY LAMPSHADE,24,10.08
CRYSTAL STILETTO PHONE CHARM,24,20.4
PINK SMALL GLASS CAKE STAND,24,46.8
ROSE DU SUD WASHBAG ,24,142.8
JAM JAR WITH BLUE LID,24,17.28
FOLK FELT HANGING MULTICOL GARLAND,24,90.0
FRENCH CHATEAU SMALL FRUITBOWL,24,51.599999999999994
METAL HERB GERDEN CONTAINER,24,139.68
BIRTHDAY BANNER TAPE,24,30.0
72 CAKE CASES VINTAGE CHRISTMAS,24,13.2
VINTAGE ZINC PLANTER  ,23,75.66999999999999
JADE DROP EARRINGS W FILIGREE,23,113.85000000000001
FRENCH STYLE EMBOSSED HEART CABINET,23,485.9
GREEN/BLUE FLOWER DESIGN BIG MUG,23,13.65
FLAG OF ST GEORGE ,23,37.95
YELLOW POT PLANT CANDLE,23,71.05
"LETTER ""J"" BLING KEY RING",23,17.23
BIRD BOX CHRISTMAS TREE DECORATION,22,18.7
DOUBLE CERAMIC PARLOUR HOOK,22,91.30000000000001
WHITE HYDRANGEA ART FLOWER,22,46.2
HAND PAINTED HANGING EASTER EGG,22,9.24
LARGE CAMPHOR WOOD FIELD MUSHROOM ,22,107.30000000000001
CUTE BIRD CEATURE SCREEN,22,8.58
PACK/12 BLUE FOLKART CARDS,22,64.9
"FOLK ART GREETING CARD,pack/12",22,64.9
MEDIUM PARLOUR FRAME ,22,84.1
SWEETHEART CREAM STEEL TABLE RECT,22,438.9
SILVER  CANDLEPOT JARDIN ,22,82.5
AMBER DIAMANTE EXPANDABLE RING,22,93.5
"LETTER ""H"" BLING KEY RING",22,15.02
MODERN VINTAGE COTTON SHOPPING BAG,22,29.7
SILVER LARIAT 40CM,22,113.9
DIAMANTE BOW BROOCH GREEN COLOUR,21,133.35
BEACH HUT KEY CABINET,21,78.75
ZINC HEART LATTICE CHARGER SMALL,21,61.95
WALL ART BICYCLE SAFTEY ,21,114.15
BLACK DIAMANTE EXPANDABLE RING,21,89.25
TURQUOISE GLASS TASSLE BAG CHARM ,21,61.95
AMETHYST CHUNKY BEAD BRACELET W STR,21,187.95
PINK FLOWERS RABBIT EASTER,21,48.95
RED BOUDICCA LARGE BRACELET,21,145.95
CHUNKY SILVER NECKLACE PASTEL FLOWE,21,208.95
SILVER HOOP EARRINGS WITH FLOWER,21,124.95
PINK OVAL JEWELLED MIRROR,20,119.0
ENGLISH ROSE METAL WASTE BIN,20,59.0
NECKLACE+BRACELET SET BLUE HIBISCUS,20,50.99999999999999
BLUE SWEETHEART BRACELET,20,85.0
HILDA CANDY SPOT RABBIT,20,75.0
CARNIVAL BRACELET,20,255.0
MULTICOLOUR EASTER RABBIT ,20,39.0
VINTAGE KEEPSAKE BOX TRAVELOGUE,20,127.0
BLUE MURANO TWIST BRACELET,20,85.0
GREEN GEISHA GIRL ,20,75.0
WHITE 3 FRAME BIRDS AND TREE ,20,150.0
FLORAL BATHROOM SET,20,75.0
AMBER DROP EARRINGS W LONG BEADS,20,59.00000000000001
YELLOW FELT HANGING HEART W FLOWER,20,17.0
BLUE GEISHA GIRL ,20,75.0
SMALL KITCHEN FLOWER POTS PLAQUE,19,132.05
WOVEN ROSE GARDEN CUSHION COVER ,19,94.05000000000001
ZINC HEART LATTICE 2 WALL PLANTER,19,120.64999999999999
TOAST ITS - DINOSAUR,19,23.75
CRYSTAL CZECH CROSS PHONE CHARM,19,13.69
PINK JEWELLED PHOTO FRAME,19,147.87
TUSCAN VILLA BIRD TABLE ,19,156.75
LADLE LOVE HEART PINK,19,7.98
WHITE TISSUE REAM,19,151.05
GOLD PRINT PAPER BAG,19,3.6100000000000003
GREEN PEONY CUSHION COVER,19,88.35
IVORY SHELL HEART NECKLACE,19,90.67
SCHOOL DESK AND CHAIR ,19,1199.75
AQUA BERTIE GLASS BEAD BAG CHARM,19,24.9
PINK ROSEBUD PEARL BRACELET,19,70.35
PINK BREAKFAST CUP AND SAUCER ,19,30.45
SILVER M.O.P ORBIT BRACELET,18,89.10000000000001
SILVER BRACELET W PASTEL FLOWER,18,135.0
PAPER LANTERN 9 POINT HOLLY STAR 23,18,74.7
PURPLE/COPPER HANGING LAMPSHADE,18,15.299999999999999
SILICON STAR BULB  BLUE,18,7.56
LARGE ZINC GLASS CANDLEHOLDER,18,49.98
"LETTER ""N"" BLING KEY RING",18,10.02
CRYSTAL PAIR HEART HAIR SLIDES,18,67.5
GLITTER SNOW PEAR TREE DECORATION,18,26.099999999999998
PINK CHRYSANTHEMUMS ART FLOWER,18,37.8
FOLDING MIRROR RED  ,18,14.940000000000001
FOLDING MIRROR IVORY ,18,14.940000000000001
GREEN GLASS TASSLE BAG CHARM,17,50.150000000000006
PAIR OF ENAMEL BUTTERFLY HAIRCLIP,17,56.95
BLUE CHECK BAG W HANDLE 34X20CM,17,14.110000000000001
POLYESTER FILLER PAD 65CMx65CM,17,72.25
ARMY CAMO BOOKCOVER TAPE,17,7.14
SILVER LATTICE VANILLA CANDLE POT,17,63.75
PINK BUTTERFLY CUSHION COVER,17,33.15
PINK/FLOWER RABBIT EGG WARMER ,17,35.7
THE KING GIFT BAG,17,11.05
BLACK MEDIUM GLASS CAKE STAND,17,37.11
TURQUOISE CRYSTAL+GLASS BRACELET,17,84.15
SILVER M.O.P ORBIT DROP EARRINGS,17,72.25
LITTLE GREEN MONSTER SOFT TOY,17,43.349999999999994
DROP DIAMANTE EARRINGS PURPLE,17,50.150000000000006
RED PEONY CUSHION COVER ,17,79.05
BLACK BAROQUE CARRIAGE CLOCK,17,149.67
HOLLY TOP CHRISTMAS STOCKING,17,14.45
CONDIMENT TRAY 4 BOWLS AND 4 SPOONS,17,160.39
YELLOW/BLUE RETRO RADIO,16,47.2
PAIR BUTTERFLY HAIR CLIPS,16,60.0
TUSCAN VILLA BIRD FEEDER,16,132.0
RED GLASS TASSLE BAG CHARM,16,47.2
KNITTED RABBIT DOLL ,16,26.4
VINTAGE BEAD COSMETIC BAG ,16,51.82
PURPLE GEMSTONE BRACELET,16,95.2
SET OF 6 ICE CREAM SKITTLES,16,47.2
DOTCOM POSTAGE,16,11906.36
SPOTS ON RED BOOKCOVER TAPE,16,6.72
BUTTERFLY HAIR BAND,16,40.8
VINTAGE ZINC WATERING CAN SMALL,16,79.2
GREEN METAL BOX TOP SECRET,16,132.0
WHITE WIRE PLANT POT HOLDER,16,46.24
LITTLE PINK MONSTER SOFT TOY,16,40.8
ELEPHANT CLIP W SUCTION CUP,16,6.72
LARGE MINT DIAMANTE HAIRSLIDE,16,26.4
CHRISTMAS TABLE CANDLE SILVER SPIKE,16,13.28
COLOURFUL FLOWER FRUIT BOWL,16,50.25
GOLDIE LOOKING MIRROR,16,79.2
BLACK SIL'T SQU CANDLE PLATE ,16,33.6
FRUIT TREE AND BIRDS WALL PLAQUE,16,127.2
5 STRAND GLASS NECKLACE CRYSTAL,16,101.6
ROMANTIC IMAGES SCRAP BOOK SET,16,45.9
"BATHROOM SCALES, TROPICAL BEACH",16,60.0
MIDNIGHT BLUE VINTAGE EARRINGS,16,60.0
RED PEONY TABLE CLOCK,16,47.2
SMALL JEWELLERY STAND,16,132.0
FRUIT SALAD BAG CHARM,16,27.04
WOVEN BERRIES CUSHION COVER ,15,74.25
GARDEN PATH NOTEBOOK ,15,24.75
FROG SOCK PUPPET,15,44.25000000000001
FLOWER PURPLE CLOCK WITH SUCKER,15,4.35
PINK OVAL SHAPE TRINKET BOX,15,149.25
YELLOW DRAGONFLY HELICOPTER,15,119.25
BLACK PHOTO ALBUM ,15,7.5
"LETTER ""R"" BLING KEY RING",15,6.27
CROCHET BEAR RED/BLUE  KEYRING,15,24.75
LILY BROOCH AMETHYST COLOUR,15,74.25
MIRRORED WALL ART FOXY,15,88.2
LA PALMIERA WALL THERMOMETER,15,38.25
ROSE DU SUD CUSHION COVER ,15,74.25
WHITE ALLIUM  ARTIFICIAL FLOWER,15,25.35
PINK GAUZE BUTTERFLY LAMPSHADE,15,6.3
WHITE FRANGIPANI NECKLACE,15,38.25
FRENCH CHATEAU OVAL PLATTER,15,29.25
SILVER/M.O.P PENDANT ORBIT NECKLACE,14,80.75
BLUE WHITE PLASTIC RINGS LAMPSHADE,14,11.899999999999999
PINK FELT EASTER EGG BASKET,14,23.099999999999998
OLD DOC RUSSEL METAL SIGN,14,29.4
HEN HOUSE WITH CHICK STANDING,14,5.88
PINK & WHITE ROSEBUD RING,14,58.900000000000006
PINK HAWAIIAN PICNIC HAMPER FOR 2,14,178.5
ST TROPEZ NECKLACE,14,69.3
PACKING CHARGE,14,105.0
WOVEN BUBBLE GUM CUSHION COVER,14,69.30000000000001
WOVEN CANDY CUSHION COVER ,14,69.3
SILVER OVAL SHAPE TRINKET BOX,14,139.29999999999998
PINK HEART OF GLASS BRACELET,14,83.3
MOROCCAN BEATEN METAL DISH,14,139.29999999999998
HELLO SAILOR BATHROOM SET,14,52.5
MOROCCAN BEATEN METAL MIRROR,14,143.3
"RETRO ""TEA FOR ONE"" ",14,54.3
FIRE POLISHED GLASS BRACELET GREEN,14,52.5
"LETTER ""V"" BLING KEY RING",14,5.9799999999999995
WINE BOTTLE DRESSING LT.BLUE,14,3.0399999999999996
ANT SILVER FUSCHIA BOUDICCA RING,14,41.300000000000004
ANTIQUE CREAM CUTLERY CUPBOARD,14,178.5
FUSCHIA RETRO BAR STOOL,14,523.3000000000001
PINK DOG CANNISTER,14,39.3
PINK FOXGLOVE ARTIIFCIAL FLOWER,14,35.699999999999996
ORIENTAL RED CUSHION COVER ,13,60.45
"LETTER ""F"" BLING KEY RING",13,3.7699999999999996
ROSE DU SUD DRAWSTRING BAG,13,55.25
NECKLACE+BRACELET SET FRUIT SALAD ,13,33.15
FINE SILVER NECKLACE W PASTEL FLOWE,13,63.75
AMETHYST DIAMANTE EXPANDABLE RING,13,55.25
BUTTONS AND STRIPES NOTEBOOK ,13,48.75
BLUE HOLE PUNCH,13,16.25
PINK CRYSTAL SKULL PHONE CHARM,13,2.4699999999999998
PINK STRAWBERRY HANDBAG ,13,38.35000000000001
GREEN HEART OF GLASS BRACELET,13,77.35
HAPPY BIRTHDAY CARD STRIPEY TEDDY,13,2.4699999999999998
DROP DIAMANTE EARRINGS CRYSTAL,13,38.35000000000001
TURQ ICE CREAM BUM BAG ,13,33.150000000000006
ROSE DU SUD CUSHION COVER,13,82.55
CONGRATULATIONS BUNTING,13,70.85
BLACK+WHITE NECKLACE W TASSEL,13,87.35
A4 WALL TIDY RED FLOWERS,13,7.37
DANISH ROSE BEDSIDE CABINET,13,519.35
"LETTER ""B"" BLING KEY RING",13,4.7299999999999995
SPACEBOY MINI RUCKSACK,13,53.95
CANDY SPOT BUNNY,13,38.35
VINTAGE BEAD PINK SHADE ,13,16.25
VINTAGE ENAMEL & CRYSTAL EARRINGS,13,64.35
PLAYING CARDS VINTAGE DOILEY ,13,16.25
WOVEN SUNSET CUSHION COVER ,12,59.400000000000006
YULETIDE IMAGES S/6 PAPER BOXES,12,30.6
ENAMEL MUG PANTRY,12,15.0
PAINTED HEART WREATH WITH BELL,12,15.0
ENAMEL DINNER PLATE PANTRY,12,19.8
3 PINK HEN+CHICKS IN BASKET,12,15.0
IVY HEART WREATH,12,81.0
SILVER LARIAT BLACK STONE EARRINGS,12,51.0
"LETTER ""W"" BLING KEY RING",12,3.4799999999999995
"LETTER ""Z"" BLING KEY RING",12,3.4799999999999995
"LETTER ""U"" BLING KEY RING",12,3.4799999999999995
LILAC FEATHERS CURTAIN,12,9.48
PINK ACRYLIC JEWEL SNOWFLAKE,12,4.5600000000000005
GREEN POP ART MAO CUSHION COVER ,12,2.28
PINK BUTTERFLY CUSHION COVER ,12,59.400000000000006
PINK BOUDOIR T-LIGHT HOLDER,12,10.2
SET OF 6 EASTER RAINBOW CHICKS,12,15.0
DOORKNOB CRACKED GLAZE GREEN,12,19.8
Bank Charges,12,165.001
PINK ROUND COMPACT MIRROR,12,15.0
PINK PARTY SUNGLASSES,12,23.4
VINTAGE ZINC WATERING CAN,12,119.39999999999999
PINK SMALL JEWELLED PHOTOFRAME,12,19.799999999999997
PINK FLOCK PHOTO FRAME ,12,15.0
DOTCOMGIFTSHOP TEA TOWEL,12,19.8
PINK ENAMEL FLOWER HAIR TIE,12,35.400000000000006
PINK FLOCK SUEDE CUSHION COVER ,12,15.0
CANNISTER VINTAGE LEAF DESIGN,12,23.4
DOORKNOB CRACKED GLAZE PINK,12,19.8
MIDNIGHT BLUE PAIR HEART HAIR SLIDE,12,45.0
SET OF 3 CONEY ISLAND OVAL BOXES,12,55.95
"LETTER ""O"" BLING KEY RING",12,3.4799999999999995
CRYSTAL DIAMANTE STAR BROOCH,12,59.4
CRYSTAL HOOP EARRING FLORAL LEAF,12,35.400000000000006
TUSCAN VILLA FEEDING STATION,12,99.0
TUSCAN VILLA DOVECOTE,12,99.0
BELL HEART ANTIQUE GOLD,12,24.96
BAKING MOULD CHOCOLATE CUP CAKES,12,30.6
"LETTER ""T"" BLING KEY RING",12,3.4799999999999995
BAKING MOULD CUPCAKE CHOCOLATE,12,30.6
MULTICOLOUR POLKADOT PLATE,12,10.2
I LOVE LONDON WALL ART,12,59.400000000000006
GOLD TEDDY BEAR,12,20.0
BLACK DROP CRYSTAL NECKLACE,12,35.400000000000006
"GARLAND, MAGIC GARDEN 1.8M",12,23.4
FOLKART ZINC STAR CHRISTMAS DEC,12,10.2
ACRYLIC GEOMETRIC LAMP,12,221.4
BLUE ORGANDY ROUND LAMPSHADE W BEA,12,10.2
FIRST CLASS HOLIDAY PURSE ,11,40.97
BLUE WIRE SPIRAL CANDLE HOLDER,11,69.85
BLACK CHUNKY BEAD BRACELET W STRAP,11,98.44999999999999
"SILICON CUBE 25W, BLUE",11,4.62
BLACK VINTAGE  CRYSTAL EARRINGS,11,41.25
WHITE VINT ART DECO CRYSTAL NECKLAC,11,93.5
WOVEN FROST CUSHION COVER,11,54.45
PINK B'FLY C/COVER W BOBBLES,11,65.45
CREAM AND PINK FLOWERS PONY ,11,41.25
BIRD ON BRANCH CANVAS SCREEN,11,21.45
CUPID SCENTED CANDLE IN GLASS,11,18.15
HANGING HEART BASKET,11,23.1
RASPBERRY ANT COPPER FLOWER NECKLAC,11,65.45
VINTAGE POST OFFICE CABINET,11,607.6500000000001
MOROCCAN BEATEN METAL DISH LARGE,11,140.25
SILVER ROCCOCO CHANDELIER,11,329.45
GLASS SONGBIRD STORAGE JAR,11,126.7
"FLOWER GLASS GARLAND NECKL.36""BLACK",11,87.45
LILY BROOCH OLIVE COLOUR,11,54.45
CUTE RABBIT CEATURE SCREEN ,11,4.29
METAL BASE FOR CANDLES,11,4.62
GREEN VINTAGE EARRINGS ,11,41.25
ANT SILVER PURPLE BOUDICCA RING,10,29.500000000000004
FRENCH CHATEAU LARGE FRUIT BOWL ,10,19.5
DIAMANTE HAIR GRIP PACK/2 RUBY,10,16.5
BEADED LOVE HEART JEWELLERY SET,10,8.5
PINK PAISLEY CUSHION COVER ,10,59.5
SILVER BOOK MARK WITH BEADS,10,8.5
WOOD AND GLASS MEDICINE CABINET,10,299.5
LARGE JEWELLERY STAND,10,125.0
FLOWER BURST SILVER RING CRYSTAL,10,37.5
PAPER LANTERN 5 POINT STAR MOON 30,10,41.5
AMBER GLASS/SILVER BRACELET,10,89.5
RUBY DROP CHANDELIER EARRINGS,10,37.5
15 PINK FLUFFY CHICKS IN BOX,10,29.5
PINK VINTAGE VICTORIAN EARRINGS,10,29.500000000000004
GREEN CAT FLORAL CUSHION COVER ,10,37.5
BLUE TEATIME PRINT BOWL ,10,12.5
DECROTIVEVINTAGE COFFEE GRINDER BOX,10,49.5
ZINC TOP  2 DOOR WOODEN SHELF ,10,169.5
PAIR OF PINK FLOWER CLUSTER SLIDE,10,25.5
WOODEN BOX ADVENT CALENDAR ,10,89.5
PSYCHEDELIC METAL SIGN CALENDAR,10,7.9
WHITE FRANGIPANI HAIR CLIP,10,8.5
REGENCY MIRROR WITH SHUTTERS,10,1530.0
DUSTY PINK CHRISTMAS TREE 60CM,9,26.550000000000004
TURQ STONE/CRYSTAL EARRINGS,9,26.55
FROG KING WATERING CAN,9,26.55
BLUE GLASS CHUNKY CHARM BRACELET,9,80.55
HANGING BUTTERFLY  EGG,9,7.6499999999999995
WHITE GLASS CHUNKY CHARM BRACELET,9,80.55
ANT COPPER RED BOUDICCA BRACELET,9,44.55
GOLD/M.O.P PENDANT ORBIT NECKLACE,9,76.5
GREEN  DIAMANTE PEN IN GIFT BOX,9,44.55
TEAL/FUSCHIA COL BEAD NECKLACE,9,44.55
ZINC HEART LATTICE TRAY OVAL ,9,53.550000000000004
BLUE STRIPES SHOULDER BAG,9,7.470000000000001
DIAMANTE HAIR GRIP PACK/2 BLACK DIA,9,14.850000000000001
MOP PENDANT SHELL NECKLACE,9,44.55
DIAMANTE HAIR GRIP PACK/2 LT ROSE,9,14.850000000000001
BLUE CRUSOE CHECK LAMPSHADE,9,3.78
ASSTD RASTA KEY-CHAINS,9,3.7800000000000002
BLUE POLKADOT PURSE ,9,35.07
RUBY GLASS CLUSTER BRACELET,8,47.6
AMBER GLASS TASSLE BAG CHARM,8,23.6
PAPER LANTERN 5 POINT STUDDED STAR,8,46.0
NECKLACE+BRACELET SET BLUE BLOSSOM,8,20.4
GOLD M.O.P ORBIT DROP EARRINGS,8,34.0
BLUE TILED TRAY,8,54.0
ZINC PLANT POT HOLDER,8,23.12
SILVER/NATURAL SHELL NECKLACE,8,68.0
SILVER/MOP ORBIT NECKLACE,8,79.6
BLACK CHERRY LIGHTS,8,54.0
ZINC STAR T-LIGHT HOLDER ,8,10.0
BLUE NETTING STORAGE HANGER,8,15.6
VINTAGE PHOTO ALBUM PARIS DAYS,8,50.8
HOT WATER BOTTLE BABUSHKA LARGE,8,37.2
PURPLE GEMSTONE NECKLACE 45CM,8,102.0
DIAMANTE HAIR GRIP PACK/2 MONTANA,8,13.200000000000001
MIDNIGHT BLUE DROP CRYSTAL NECKLACE,8,23.6
VIP HOLIDAY PURSE,8,29.28
RABBIT EASTER DECORATION,8,23.6
BLUE EASTER EGG HUNT START POST,8,15.6
FILIGREE DIAMANTE EARRINGS,8,34.0
5 STRAND GLASS NECKLACE BLACK,8,50.8
SILVER M.O.P. ORBIT NECKLACE,8,23.6
POCKET MIRROR WOODLAND,8,10.0
CAKE STAND VICTORIAN FILIGREE LARGE,8,68.0
BUTTERFLY CUSHION COVER,8,30.0
DOLLY GIRL MINI RUCKSACK,8,33.2
PINK GREEN EMBROIDERY COSMETIC BAG,8,23.6
"WALL ART ,PUDDINGS ",8,61.2
"WALL ART , LOVES' SECRET ",8,47.6
PURPLE FRANGIPANI NECKLACE,8,20.4
PINK HEART DOTS HOT WATER BOTTLE,8,30.0
PINK CRYSTAL+GLASS BRACELET,8,39.6
TURQUOISE HEART OF GLASS BRACELET,8,47.6
CHAMPAGNE TRAY BLANK CARD,8,1.52
PINK BUTTERFLY WASHBAG,8,34.0
PINK CHRISTMAS FLOCK DROPLET ,8,10.0
GREEN/BLUE CERAMIC CANDLE HOLDER,8,13.2
GREEN PAIR HEART HAIR SLIDES,8,30.0
GOLD WASHBAG,8,23.6
EDWARDIAN DROP EARRINGS JET BLACK,8,30.0
GOLD M PEARL  ORBIT NECKLACE,8,79.6
GOLD FLOWER CUSHION COVER ,8,15.6
ENAMEL BLUE RIM TEA CONTAINER,8,9.18
AMBER CHUNKY BEAD BRACELET W STRAP,8,71.6
BLACK VINT ART DEC CRYSTAL NECKLACE,8,68.0
ENAMEL JUG PANTRY,8,30.0
SILVER DROP EARRINGS WITH FLOWER,7,26.25
BLACK FLOWER CANDLE PLATE,7,5.949999999999999
MURANO STYLE GLASS BRACELET GOLD,7,24.5
DIAMANTE NECKLACE PURPLE,7,52.5
DIAMANTE BOW BROOCH BLACK COLOUR,7,44.449999999999996
MIDNIGHT BLUE GLASS/SILVER BRACELET,7,62.64999999999999
RECIPE BOX WITH METAL HEART,7,55.65
RASTA IN BATH W SPLIFF ASHTRAY,7,5.949999999999999
PINK GLASS TASSLE BAG CHARM ,7,20.650000000000002
GREEN ENAMEL FLOWER HAIR TIE,7,20.650000000000002
PURPLE FOXGLOVE ARTIIFCIAL FLOWER,7,17.85
MAXWELL 2 TONE BLUE 60 PAGE PHOTO A,7,7.85
DROP DIAMANTE EARRINGS BLACK DIAMON,7,20.650000000000002
GREEN MURANO TWIST NECKLACE,7,69.65
RED PURSE WITH PINK HEART,7,8.75
"FLOWER GLASS GARLD NECKL36""AMETHYST",7,55.650000000000006
HEART BUTTONS JEWELLERY BOX,7,53.550000000000004
WHITE ENAMEL FLOWER HAIR TIE,7,20.650000000000002
SET/4 GARDEN ROSE DINNER CANDLE,7,11.549999999999999
CREAM SWEETHEART WALL CABINET,7,126.65
PASTEL PINK PHOTO ALBUM ,7,3.5
BLACK CRYSTAL DROP EARRINGS,7,20.650000000000002
RIVIERA NECKLACE,7,34.65
WHITE VINTAGE CRYSTAL EARRINGS,7,26.25
LONG SILVER NECKLACE PASTEL FLOWER,7,89.25
BLACK/WHITE GLASS/SILVER BRACELET,7,62.64999999999999
"LARGE CAKE TOWEL, CHOCOLATE SPOTS",7,47.25
"ACRYLIC JEWEL SNOWFLAKE,PINK",6,15.3
BLACK 3 BEAD DROP EARRINGS,6,17.700000000000003
ORANGE/WHT/FUSCHIA STONES NECKLACE,6,29.700000000000003
EIGHT PIECE CREEPY CRAWLIE SET,6,7.5
GOLD/AMBER DROP EARRINGS W LEAF,6,17.700000000000003
CORDIAL JUG,6,49.5
COPPER/OLIVE GREEN FLOWER NECKLACE,6,35.7
CLEAR STATIONERY BOX SET ,6,5.1
FLOWER FAIRY 5 SUMMER DRAW LINERS,6,15.3
CLASSIC DIAMANTE EARRINGS JET,6,17.700000000000003
ROSE COLOUR PAIR HEART HAIR SLIDES,6,22.5
TINY CRYSTAL BRACELET GREEN,6,15.3
CLASSICAL ROSE TABLE LAMP,6,55.7
WHITE VINTAGE CRYSTAL BRACELET,6,40.5
PAPER LANTERN 9 POINT HOLLY STAR 40,6,37.5
LADLE LOVE HEART RED ,6,2.52
ANT SILVER TURQUOISE BOUDICCA RING,6,17.700000000000003
AMBER CHUNKY GLASS+BEAD NECKLACE,6,71.69999999999999
FIRE POLISHED GLASS BRACELET RED,6,22.5
MURANO STYLE GLASS BRACELET RED,6,21.0
LARGE CRYSTAL DIAMANTE HAIRSLIDE,6,9.899999999999999
BLING KEY RING STAND,6,6.25
ROUND CACTUS CANDLE,6,17.700000000000003
SILVER BLACK ORBIT DROP EARRINGS,6,25.5
SILVER/CRYSTAL DROP EARRINGS W LEAF,6,17.700000000000003
CRACKED GLAZE NECKLACE RED,6,41.7
RESIN NECKLACE W PASTEL BEADS,6,45.0
INCENSE BAZAAR PEACH,6,2.52
GOLD DIAMANTE STAR BROOCH,6,29.7
DROP DIAMANTE EARRINGS GREEN,6,17.700000000000003
LIGHTHOUSE PRINTED METAL SIGN,6,29.700000000000003
BIG POLKADOT MUG,6,2.34
PINK CHERRY BLOSSOM CUP & SAUCER,6,7.5
FLOWER GARLAND NECKLACE RED,6,47.7
MONTANA DIAMOND CLUSTER EARRINGS,6,15.3
PINK DAISY BAG CHARM,6,15.3
"FLOWER GLASS GARLAND NECKL.36""BLUE",6,47.7
"WALL ART,ONLY ONE PERSON ",6,29.700000000000003
CHERRY BLOSSOM TABLE CLOCK ,6,25.7
CHALKBOARD KITCHEN ORGANISER,6,137.7
DECORATIVE HANGING SHELVING UNIT,6,359.70000000000005
PINK CAT FLORAL CUSHION COVER ,6,22.5
DAISY HAIR COMB,6,15.3
TROPICAL HOLIDAY PURSE ,6,17.700000000000003
CRACKED GLAZE NECKLACE IVORY,6,41.7
PINK MURANO TWIST NECKLACE,6,59.699999999999996
PINK NEW BAROQUE FLOCK CANDLESTICK,6,27.9
PURPLE LAS VEGAS BRACELET ROUND,6,22.5
PURPLE GLASS TASSLE BAG CHARM,6,17.700000000000003
BAKING MOULD TOFFEE CUP  CHOCOLATE,6,15.3
SET OF 4 KNICK KNACK TINS  DOILEY ,6,24.9
VINTAGE WOODEN BAR STOOL,6,169.75
DIAMANTE HAIR GRIP PACK/2 CRYSTAL,6,9.9
DIAMANTE HAIR GRIP PACK/2 PERIDOT,6,9.9
IVORY PENDANT TRIPLE SHELL NECKLACE,6,29.7
STORAGE TIN VINTAGE DOILEY ,6,17.34
PURPLE ENAMEL FLOWER HAIR TIE,6,17.700000000000003
BLUE FLOCK CUSHION COVER ,6,12.5
BLUE FELT HANGING HEART WITH FLOWER,6,5.1
ENVELOPE 50 ROMANTIC IMAGES,6,5.1
2 DAISIES HAIR COMB,6,17.700000000000003
GLASS AND PAINTED BEADS BRACELET OL,6,22.5
GLASS AND PAINTED BEADS BRACELET TO,6,22.5
FIRE POLISHED GLASS BRACELET MONTAN,6,22.5
GLASS AND BEADS BRACELET IVORY,6,22.5
GIRLY PINK TOOL SET,5,24.75
SILVER/AMETHYST DROP EARRINGS LEAF,5,14.75
FLORAL BLUE MONSTER,5,21.25
DIAMOND LAS VEGAS NECKLACE 45CM,5,29.75
"POCKET MIRROR ""GLAMOROUS""",5,6.25
PINK YELLOW PATCH CUSHION COVER,5,38.25
PINK TALL PORCELAIN T-LIGHT HOLDER ,5,12.75
CAT WITH SUNGLASSES BLANK CARD,5,0.95
FLOWER PURPLE CLOCK W/SUCKER,5,4.25
CROCHET ROSE DES CLOTHES HANGER,5,14.750000000000002
TURQUOISE CHRISTMAS TREE ,5,6.25
DAIRY MAID  PUDDING BOWL,5,18.75
IVORY GOLD METAL BAG CHARM,5,34.77
VINTAGE ENAMEL & CRYSTAL NECKLACE,5,24.75
HAPPY BIRTHDAY CARD TEDDY/CAKE,5,0.95
UBO-LIGHT TRIOBASE PURPLE,5,4.25
CLAM SHELL LARGE,5,18.75
HEART SHAPED MIRROR,5,8.45
HEARTS WRAPPING TAPE ,5,3.25
SILVER LOOKING MIRROR,5,24.75
WOODLAND MINI RUCKSACK ,5,20.75
ANTIQUE OLIVE GREEN FLOWER EARRINGS,5,21.25
"FLOWER GLASS GARLAND NECKL.36""GREEN",4,31.8
MURANO STYLE GLASS BRACELET BLACK,4,14.0
PINK ROSEBUD & PEARL NECKLACE,4,30.0
VINTAGE BEAD PINK JEWEL BOX,4,17.0
GREEN DROP EARRINGS W BEAD CLUSTER,4,13.4
PINK/AMETHYST/GOLD NECKLACE,4,27.8
PURPLE ANEMONE ARTIFICIAL FLOWER,4,6.76
High Resolution Image,4,27.0
BLUE MURANO TWIST NECKLACE,4,39.8
ENGLISH ROSE SCENTED HANGING HEART,4,17.0
BLUE/YELLOW CERAMIC CANDLE HOLDER,4,6.6
ANTIQUE MID BLUE FLOWER EARRINGS,4,17.0
"PEARL & SHELL 42""NECKL. GREEN",4,43.0
ORANGE FLOWER MUG ,4,1.56
ECONOMY HOLIDAY PURSE,4,11.8
WHITE/PINK MINI CRYSTALS NECKLACE,4,19.8
BLACK GEMSTONE NECKLACE 45CM,4,51.0
GLASS BELL JAR SMALL,4,15.8
LARGE BLACK DIAMANTE HAIRSLIDE,4,6.6
16 PC CUTLERY SET PANTRY DESIGN,4,63.8
NEW BAROQUE B'FLY NECKLACE RED,4,34.0
AMETHYST HOOP EARRING FLORAL LEAF,4,11.8
JET BLACK LAS VEGAS NECKLACE 45CM,4,23.8
ROSE FLOWER CANDLE+INCENSE 16X16CM,4,15.0
SILVER BLACK ORBIT BRACELET,4,19.8
GLASS BEAD HOOP EARRINGS BLACK,4,11.8
UNION JACK HOT WATER BOTTLE ,4,23.8
"BREAD BIN, DINER STYLE, IVORY",4,59.8
GLASS BEAD HOOP EARRINGS AMETHYST,4,11.8
GREEN PENDANT TRIPLE SHELL NECKLACE,4,19.8
PINK CHERRY LIGHTS,4,27.0
COPPER AND BRASS BAG CHARM,4,24.810000000000002
TURQ PENDANT TRIPLE SHELL NECKLACE,4,19.8
"BREAD BIN, DINER STYLE, MINT",4,59.8
"FLOWER GLASS GARLD NECKL36""TURQUOIS",4,31.8
UBO-LIGHT TRIOBASE BLUE,4,3.4
BLUE BREAKFAST CUP AND SAUCER ,4,11.8
PINK HEART RED HANDBAG,4,11.31
PINK PAINTED KASHMIRI CHAIR,4,171.8
BLACK GLASS BRACELET W HEART CHARMS,3,14.85
GLASS BEAD HOOP NECKLACE GREEN,3,25.5
GLASS BEAD HOOP NECKLACE AMETHYST,3,25.5
VINTAGE NOTEBOOK BEAUTY GIRL,3,8.850000000000001
GINGHAM OVEN GLOVE RED HEART ,3,11.25
SILVER/BLACK ORBIT NECKLACE,3,29.849999999999998
PADS TO MATCH ALL CUSHIONS,3,0.003
BLUE PAINTED KASHMIRI CHAIR,3,149.85000000000002
BLUE GREEN EMBROIDERY COSMETIC BAG,3,11.690000000000001
PINK EASTER HENS+FLOWER,3,11.25
CRYSTAL CHANDELIER T-LIGHT HOLDER,3,18.75
FRESHWATER PEARL BRACELET GOLD,3,7.6499999999999995
ASSORTED COLOUR SILK GLASSES CASE,3,6.300000000000001
PURPLE AMETHYST NECKLACE W TASSEL,3,29.849999999999998
MIDNIGHT BLUE COPPER FLOWER NECKLAC,3,17.85
QUEEN OF THE SKIES HOLIDAY PURSE ,3,11.690000000000001
RED WHITE SCARF  HOT WATER BOTTLE,3,11.850000000000001
VINTAGE KEEPSAKE BOX PINK FLOWER,3,19.049999999999997
WHITE BEADED GARLAND STRING 20LIGHT,3,19.049999999999997
ROSE PENDANT TRIPLE SHELL NECKLACE,3,14.85
TIGRIS EYE CHUNKY CHARM BRACELET,3,26.849999999999998
JET BLACK LAS VEGAS BRACELET ROUND,3,11.25
"FOOD COVER WITH BEADS , SET 2 SIZES",3,11.25
PALE PINK/AMETHYST STONE NECKLACE,3,29.849999999999998
SILVER/NAT SHELL NECKLACE W PENDANT,3,17.85
NEW BAROQUE BLACK BOXES,3,38.25
NEW BAROQUE SMALL NECKLACE BLACK,3,25.5
AMBER FINE BEAD NECKLACE W TASSEL,3,17.85
ROBIN CHRISTMAS CARD,3,1.26
FOLDING SHOE TIDY,3,8.850000000000001
ROBOT MUG IN DISPLAY BOX,3,3.75
TEATIME FUNKY FLOWER BACKPACK FOR 2,3,50.849999999999994
FIRE POLISHED GLASS NECKL BRONZE,3,17.85
VINTAGE GLASS TEA CADDY,3,17.85
DIAMANTE NECKLACE GREEN,3,22.5
BLACK GEMSTONE BRACELET,3,20.849999999999998
ORANGE PENDANT TRIPLE SHELL NECKLAC,3,14.85
GREEN WITH METAL BAG CHARM,3,14.85
CURIOUS IMAGES SCRAP BOOK SET,3,14.85
"RUSTIC WOODEN CABINET, GLASS DOORS",3,74.85
S/2 BEACH HUT TREASURE CHESTS,3,9.95
WHITE WITH METAL BAG CHARM,3,14.85
SWEETHEART CARRY-ALL BASKET,3,25.5
RED ROSE AND LACE C/COVER,3,8.850000000000001
RESIN BRACELET W PASTEL BEADS,3,14.850000000000001
COTE D'AZURE NECKLACE,3,14.850000000000001
WHITE HEART OF GLASS BRACELET,3,17.85
 TOADSTOOL BEDSIDE LIGHT ,2,17.9
NEW BAROQUE B'FLY NECKLACE GREEN,2,17.0
NEW BAROQUE LARGE NECKLACE BLK/WHIT,2,17.0
S/3 PINK SQUARE PLANTERS ROSES,2,21.9
OCEAN STRIPE HAMMOCK ,2,15.9
60 GOLD AND SILVER FAIRY CAKE CASES,2,1.1
GIANT MEDINA STAMPED METAL BOWL ,2,19.9
NEW ENGLAND MUG W GIFT BOX,2,5.1
RUBY GLASS CLUSTER NECKLACE,2,15.0
SILVER 2 STRAND NECKLACE-LEAF CHARM,2,15.0
NEW BAROQUE B'FLY NECKLACE CRYSTAL,2,17.0
ROCOCO WALL MIROR,2,39.9
GLASS CAKE COVER AND PLATE,2,29.9
GLASS BELL JAR LARGE,2,17.0
GLASS BEAD HOOP NECKLACE MONTANA,2,17.0
GLASS BEAD HOOP NECKLACE BLACK,2,17.0
CLASSIC DIAMANTE NECKLACE JET,2,15.0
DIAMANTE NECKLACE,2,15.0
"CAKESTAND, 3 TIER, LOVEHEART",2,19.9
IVORY PANTRY HANGING LAMP ,2,25.0
3 BIRDS CANVAS SCREEN,2,2.04
ST GEORGE SET OF 10 PARTY LIGHTS,2,5.9
SET OF 16 VINTAGE IVORY CUTLERY,2,25.5
POLYESTER FILLER PAD 60x40cm,2,5.1
5 STRAND GLASS NECKLACE AMBER,2,12.7
5 STRAND GLASS NECKLACE AMETHYST,2,12.7
BLUE SHARK HELICOPTER,2,15.9
VINTAGE BLUE TINSEL REEL,2,0.84
PINK/WHITE RIBBED MELAMINE JUG,2,15.9
BAROQUE BUTTERFLY EARRINGS BLACK,2,7.5
DANISH ROSE UMBRELLA STAND,2,31.9
PURPLE/TURQ FLOWERS HANDBAG,2,2.5
PURPLE/BLUE CERAMIC CANDLE HOLDER,2,3.3
"WALL ART , THE MAGIC FOREST ",2,13.9
GOLD M.O.P. ORBIT NECKLACE,2,5.9
PINK/WHITE GLASS DEMI CHOKER,2,15.0
MINT DINER CLOCK,2,17.0
"PEARL & SHELL 42""NECKL. IVORY",2,21.5
GOLD M.O.P ORBIT BRACELET,2,9.9
PEARL AND CHERRY QUARTZ BRACLET,2,7.0
WHITE ANEMONE ARTIFICIAL FLOWER,2,3.38
DROP EARRINGS W FLOWER & LEAF,2,5.1
LIGHT DECORATION BATTERY OPERATED,2,4.2
WHITE CHRISTMAS TREE 60CM,2,5.9
ANTIQUE RASPBERRY FLOWER EARRINGS,2,8.5
WHITE ROSEBUD & PEARL NECKLACE,2,15.0
ANTIQUE OPAL WHITE FLOWER EARRINGS,2,8.5
GOLD COSMETIC BAG PINK STAR,2,4.2
DIAMANTE NECKLACE BLACK ,2,15.0
WHITE MURANO TWIST BRACELET,2,8.5
BLUE GINGHAM ROSE CUSHION COVER,2,11.9
PINK BAROQUE FLOCK CANDLE HOLDER,2,11.9
3 WICK CHRISTMAS BRIAR CANDLE ,2,7.5
FUNKY FLOWER PICNIC BAG FOR 4,2,33.9
IVORY SHELL HEART EARRINGS,2,5.1
BLACK DIAMOND CLUSTER NECKLACE,2,17.9
M/COLOUR POM-POM CURTAIN,2,8.5
SET 36 COLOURING PENCILS DOILEY,1,1.25
SET 10 CARDS HANGING BAUBLES 17080,1,2.99
BLOSSOM IMAGES SCRAP BOOK SET,1,4.95
SET/3 FLORAL GARDEN TOOLS IN BAG,1,7.95
FLOWER SHOP DESIGN MUG,1,1.65
PURPLE CHUNKY GLASS+BEAD NECKLACE,1,11.95
PURPLE FRANGIPANI HAIRCLIP,1,0.85
LASER CUT MULTI STRAND NECKLACE,1,11.95
SET 12 COLOURING PENCILS DOILEY,1,0.65
PINK POLKADOT KIDS BAG,1,1.95
PINK CRYSTAL GUITAR PHONE CHARM,1,0.85
CAKE STAND LACE WHITE,1,4.25
BAROQUE BUTTERFLY EARRINGS CRYSTAL,1,3.75
POTTING SHED SOW 'N' GROW SET,1,4.25
MARIE ANTOIENETT TRINKET BOX GOLD,1,12.5
MUMMY MOUSE RED GINGHAM RIBBON,1,5.45
SET OF 3 PINK FLYING DUCKS,1,5.45
FIRE POLISHED GLASS NECKL GOLD,1,5.95
BLUE NEW BAROQUE FLOCK CANDLESTICK,1,4.65
FIRE POLISHED GLASS BRACELET BLACK,1,3.75
BLUE LEAVES AND BEADS PHONE CHARM,1,1.25
BLUE PADDED SOFT MOBILE,1,4.25
CAPIZ CHANDELIER,1,29.95
DOLPHIN WINDMILL,1,2.12
MIDNIGHT BLUE CRYSTAL DROP EARRINGS,1,2.95
FRYING PAN RED POLKADOT ,1,4.25
VINTAGE BEAD PINK JEWEL STAND,1,4.95
CHERRY BLOSSOM PURSE,1,2.95
SCALLOP SHELL SOAP DISH,1,2.1
WHITE STONE/CRYSTAL EARRINGS,1,2.95
FUNKY MONKEY MUG,1,1.25
BLACK DROP EARRINGS W LONG BEADS,1,2.95
BLACK VINT ART DEC CRYSTAL BRACELET,1,6.75
ORANGE FELT VASE + FLOWERS,1,1.25
BLACK FINE BEAD NECKLACE W TASSEL,1,5.95
SET/3 TALL GLASS CANDLE HOLDER PINK,1,12.75
DUSTY PINK CHRISTMAS TREE 30CM,1,1.25
EASTER CRAFT IVY WREATH WITH CHICK,1,1.95
CRACKED GLAZE EARRINGS BROWN,1,2.55
CRACKED GLAZE EARRINGS RED,1,2.55
CROCHET LILAC/RED BEAR KEYRING,1,1.65
CROCHET DOG KEYRING,1,1.65
WHITE ROSEBUD  PEARL EARRINGS,1,2.55
BLACKCHRISTMAS TREE 30CM,1,1.25
NECKLACE+BRACELET SET PINK DAISY,1,2.55
JARDIN ETCHED GLASS BUTTER DISH,1,7.25
SILVER AND BLACK ORBIT NECKLACE,1,2.95
JADE CRYSTAL+GLASS BRACELET,1,4.95
AMBER GLASS/SHELL/PEARL NECKLACE,1,8.95
PACK 4 FLOWER/BUTTERFLY PATCHES,1,1.25
TEA TIME BREAKFAST BASKET,1,2.1
NEW BAROQUE B'FLY NECKLACE PINK,1,8.5
SET/6 IVORY BIRD T-LIGHT CANDLES,1,2.1
AMBER BERTIE GLASS BEAD BAG CHARM,1,2.1
RUBY GLASS CLUSTER EARRINGS,1,1.25
BLUE/NAT SHELL NECKLACE W PENDANT,1,5.95
BLUE/GREEN SHELL NECKLACE W PENDANT,1,5.95
 I LOVE LONDON MINI RUCKSACK,1,4.15
HEN HOUSE W CHICK IN NEST,1,0.42
